"2021-10-01T11:53Z","47359","47366.5","47356","47356","1260287"
"2021-10-01T11:54Z","47356","47378","47356","47378","894723"
"2021-10-01T11:55Z","47378","47419.5","47377.5","47418.5","3071344"
"2021-10-01T11:56Z","47418.5","47484","47401.5","47484","4621980"
"2021-10-01T11:57Z","47484","47529.5","47450","47500","4112410"
"2021-10-01T11:58Z","47500","47500","47461","47461","736632"
"2021-10-01T11:59Z","47461","47529","47461","47501.5","1568839"
"2021-10-01T12:00Z","47501.5","47519.5","47488.5","47489","3560209"
"2021-10-01T12:01Z","47489","47552","47470.5","47552","3444980"
"2021-10-01T12:02Z","47552","47618","47531","47618","6392780"
"2021-10-01T12:03Z","47618","47675","47599.5","47675","11587639"
"2021-10-01T12:04Z","47675","47733","47577","47577","13902001"
"2021-10-01T12:05Z","47577","47591.5","47513","47559.5","11926784"
"2021-10-01T12:06Z","47559.5","47682","47559.5","47670.5","5669955"
"2021-10-01T12:07Z","47670.5","47706","47612","47639.5","3318008"
"2021-10-01T12:08Z","47639.5","47640","47623","47623.5","1958570"
"2021-10-01T12:09Z","47623.5","47638.5","47623","47638.5","984353"
"2021-10-01T12:10Z","47638.5","47686.5","47638","47646.5","3107089"
"2021-10-01T12:11Z","47646.5","47647","47606","47609","3689035"
"2021-10-01T12:12Z","47609","47609.5","47579.5","47580","1993713"
"2021-10-01T12:13Z","47580","47580","47579.5","47580","406399"
"2021-10-01T12:14Z","47580","47580","47574","47574","808544"
"2021-10-01T12:15Z","47574","47574.5","47534","47534","1643988"
"2021-10-01T12:16Z","47534","47550","47533","47549.5","1516610"
"2021-10-01T12:17Z","47549.5","47629.5","47549.5","47629","3154251"
"2021-10-01T12:18Z","47629","47673","47629","47673","1585956"
"2021-10-01T12:19Z","47673","47673","47629","47658.5","2317293"
"2021-10-01T12:20Z","47658.5","47659","47619","47619","1443057"
"2021-10-01T12:21Z","47619","47619","47606","47617","1206211"
"2021-10-01T12:22Z","47617","47649.5","47616.5","47627","904099"
"2021-10-01T12:23Z","47627","47633.5","47612","47633.5","1191575"
"2021-10-01T12:24Z","47633.5","47735","47633","47700.5","4460885"
"2021-10-01T12:25Z","47700.5","47758.5","47678.5","47720","4599161"
"2021-10-01T12:26Z","47720","47747.5","47720","47747.5","1951623"
"2021-10-01T12:27Z","47747.5","47747.5","47745","47745","2486719"
"2021-10-01T12:28Z","47745","47839.5","47737","47800.5","7915746"
"2021-10-01T12:29Z","47800.5","47890.5","47650","47653.5","17649421"
"2021-10-01T12:30Z","47653.5","47692","47578.5","47582.5","7700941"
"2021-10-01T12:31Z","47582.5","47615.5","47582","47615","4000699"
"2021-10-01T12:32Z","47615","47650","47588.5","47588.5","2730978"
"2021-10-01T12:33Z","47588.5","47588.5","47561.5","47562","2499565"
"2021-10-01T12:34Z","47562","47569.5","47490.5","47495","7497311"
"2021-10-01T12:35Z","47495","47495","47450","47488","5591244"
"2021-10-01T12:36Z","47488","47495","47456","47456","3875661"
"2021-10-01T12:37Z","47456","47456.5","47371.5","47373.5","9795770"
"2021-10-01T12:38Z","47373.5","47410.5","47275","47399","16334115"
"2021-10-01T12:39Z","47399","47476.5","47399","47470","4078615"
"2021-10-01T12:40Z","47470","47483.5","47428","47444.5","4008492"
"2021-10-01T12:41Z","47444.5","47445","47394","47425","4374371"
"2021-10-01T12:42Z","47425","47425.5","47322.5","47357.5","8756452"
"2021-10-01T12:43Z","47357.5","47358","47217.5","47246.5","9216524"
"2021-10-01T12:44Z","47246.5","47299","47246","47298.5","5310369"
"2021-10-01T12:45Z","47298.5","47330.5","47261","47261","4546016"
"2021-10-01T12:46Z","47261","47261.5","47219.5","47237.5","2558025"
"2021-10-01T12:47Z","47237.5","47249.5","47201.5","47249.5","6099465"
"2021-10-01T12:48Z","47249.5","47260","47220","47231.5","3306770"
"2021-10-01T12:49Z","47231.5","47250","47225.5","47249.5","919049"
"2021-10-01T12:50Z","47249.5","47379","47249.5","47356","7498155"
"2021-10-01T12:51Z","47356","47356.5","47318","47318","1897388"
"2021-10-01T12:52Z","47318","47318.5","47300","47300","1203656"
"2021-10-01T12:53Z","47300","47300.5","47270","47270.5","1435919"
"2021-10-01T12:54Z","47270.5","47270.5","47187.5","47191.5","4370984"
"2021-10-01T12:55Z","47191.5","47232.5","47191.5","47232","1198520"
"2021-10-01T12:56Z","47232","47241","47232","47232","942679"
"2021-10-01T12:57Z","47232","47232.5","47217.5","47223.5","708180"
"2021-10-01T12:58Z","47223.5","47270","47223.5","47261","1676865"
"2021-10-01T12:59Z","47261","47261","47211","47225.5","1862094"
"2021-10-01T13:00Z","47225.5","47317","47225.5","47316.5","2926947"
"2021-10-01T13:01Z","47316.5","47336.5","47316.5","47336.5","1544595"
"2021-10-01T13:02Z","47336.5","47336.5","47250","47267.5","1481737"
"2021-10-01T13:03Z","47267.5","47300.5","47267","47300","770813"
"2021-10-01T13:04Z","47300","47300.5","47300","47300.5","715311"
"2021-10-01T13:05Z","47300.5","47315","47300","47314.5","874783"
"2021-10-01T13:06Z","47314.5","47338","47314.5","47338","1089537"
"2021-10-01T13:07Z","47338","47348.5","47319.5","47320","1082613"
"2021-10-01T13:08Z","47320","47342","47319.5","47342","548177"
"2021-10-01T13:09Z","47342","47342","47341.5","47342","562057"
"2021-10-01T13:10Z","47342","47342","47275","47275.5","2153220"
"2021-10-01T13:11Z","47275.5","47276","47250","47250.5","980711"
"2021-10-01T13:12Z","47250.5","47250.5","47250","47250","1036545"
"2021-10-01T13:13Z","47250","47250.5","47250","47250.5","492482"
"2021-10-01T13:14Z","47250.5","47288.5","47248","47248","1601271"
"2021-10-01T13:15Z","47248","47248.5","47233.5","47244","809311"
"2021-10-01T13:16Z","47244","47259.5","47244","47259","576535"
"2021-10-01T13:17Z","47259","47259.5","47259","47259.5","767514"
"2021-10-01T13:18Z","47259.5","47259.5","47250","47250","337651"
"2021-10-01T13:19Z","47250","47250.5","47193.5","47194","2397137"
"2021-10-01T13:20Z","47194","47200","47167","47188","4196939"
"2021-10-01T13:21Z","47188","47280.5","47188","47280.5","2458711"
"2021-10-01T13:22Z","47280.5","47326.5","47280","47326.5","2319755"
"2021-10-01T13:23Z","47326.5","47339","47326","47337","2052406"
"2021-10-01T13:24Z","47337","47337","47313.5","47314","356440"
"2021-10-01T13:25Z","47314","47344.5","47313.5","47344","1549950"
"2021-10-01T13:26Z","47344","47344.5","47341","47341.5","289887"
"2021-10-01T13:27Z","47341.5","47341.5","47332","47332.5","4273165"
"2021-10-01T13:28Z","47332.5","47340","47332","47332","935876"
"2021-10-01T13:29Z","47332","47350","47274","47274","1355845"
"2021-10-01T13:30Z","47274","47300","47270.5","47295.5","1003149"
"2021-10-01T13:31Z","47295.5","47300","47269","47269.5","842897"
"2021-10-01T13:32Z","47269.5","47269.5","47241.5","47242","4424696"
"2021-10-01T13:33Z","47242","47242","47205","47225","1603895"
"2021-10-01T13:34Z","47225","47225","47212","47212","1323940"
"2021-10-01T13:35Z","47212","47233","47212","47232.5","840502"
"2021-10-01T13:36Z","47232.5","47279.5","47232.5","47264","3083312"
"2021-10-01T13:37Z","47264","47264.5","47240","47240.5","352899"
"2021-10-01T13:38Z","47240.5","47240.5","47223","47223","907894"
"2021-10-01T13:39Z","47223","47223","47134","47134","4327230"
"2021-10-01T13:40Z","47134","47163.5","47132.5","47144","3504094"
"2021-10-01T13:41Z","47144","47144","47115","47115","3094078"
"2021-10-01T13:42Z","47115","47115.5","47080","47080","4847378"
"2021-10-01T13:43Z","47080","47130","47079.5","47129.5","2440853"
"2021-10-01T13:44Z","47129.5","47130","47052.5","47061","7095434"
"2021-10-01T13:45Z","47061","47118","47050","47118","3733897"
"2021-10-01T13:46Z","47118","47143","47117.5","47143","1242285"
"2021-10-01T13:47Z","47143","47143","47092","47118","2003653"
"2021-10-01T13:48Z","47118","47118","47094.5","47095","687034"
"2021-10-01T13:49Z","47095","47133.5","47094.5","47133.5","806152"
"2021-10-01T13:50Z","47133.5","47133.5","47130.5","47131","413367"
"2021-10-01T13:51Z","47131","47140","47102.5","47102.5","823973"
"2021-10-01T13:52Z","47102.5","47112.5","47084","47084","909108"
"2021-10-01T13:53Z","47084","47089","47082","47089","1140603"
"2021-10-01T13:54Z","47089","47120","47088.5","47119.5","760272"
"2021-10-01T13:55Z","47119.5","47120","47100","47100.5","661428"
"2021-10-01T13:56Z","47100.5","47100.5","47065.5","47072","2562895"
"2021-10-01T13:57Z","47072","47088.5","47071.5","47088","747881"
"2021-10-01T13:58Z","47088","47088.5","47000","47009","5442266"
"2021-10-01T13:59Z","47009","47014.5","47000","47000","2210604"
"2021-10-01T14:00Z","47000","47046","46931.5","47046","12446297"
"2021-10-01T14:01Z","47046","47148","47046","47147.5","5320243"
"2021-10-01T14:02Z","47147.5","47276","47125.5","47223.5","11941764"
"2021-10-01T14:03Z","47223.5","47223.5","47190.5","47217","3309479"
"2021-10-01T14:04Z","47217","47217.5","47182.5","47185","6796037"
"2021-10-01T14:05Z","47185","47185","47150","47175","3449926"
"2021-10-01T14:06Z","47175","47284","47175","47283.5","8003031"
"2021-10-01T14:07Z","47283.5","47285.5","47252","47263.5","1746846"
"2021-10-01T14:08Z","47263.5","47337","47263.5","47290.5","2773824"
"2021-10-01T14:09Z","47290.5","47290.5","47257.5","47257.5","1296801"
"2021-10-01T14:10Z","47257.5","47266.5","47257.5","47266","808831"
"2021-10-01T14:11Z","47266","47266.5","47266","47266.5","690049"
"2021-10-01T14:12Z","47266.5","47266.5","47266","47266","269259"
"2021-10-01T14:13Z","47266","47266.5","47265","47265.5","1063927"
"2021-10-01T14:14Z","47265.5","47281","47265","47280.5","647053"
"2021-10-01T14:15Z","47280.5","47281","47242.5","47249","6837441"
"2021-10-01T14:16Z","47249","47249.5","47226","47226.5","1371039"
"2021-10-01T14:17Z","47226.5","47226.5","47166","47167","2705620"
"2021-10-01T14:18Z","47167","47183.5","47165.5","47166","1795533"
"2021-10-01T14:19Z","47166","47166","47140.5","47140.5","1206023"
"2021-10-01T14:20Z","47140.5","47140.5","47137.5","47138","817031"
"2021-10-01T14:21Z","47138","47165","47137.5","47138","1112918"
"2021-10-01T14:22Z","47138","47138.5","47100","47100.5","653390"
"2021-10-01T14:23Z","47100.5","47100.5","47077.5","47077.5","1179001"
"2021-10-01T14:24Z","47077.5","47078","47076.5","47076.5","822445"
"2021-10-01T14:25Z","47076.5","47077","47048","47048.5","2171253"
"2021-10-01T14:26Z","47048.5","47068","47020","47030","2885513"
"2021-10-01T14:27Z","47030","47065","47030","47064.5","3051951"
"2021-10-01T14:28Z","47064.5","47073","47064.5","47073","846336"
"2021-10-01T14:29Z","47073","47073","47070","47070.5","282845"
"2021-10-01T14:30Z","47070.5","47070.5","47051.5","47069.5","886393"
"2021-10-01T14:31Z","47069.5","47106.5","47069.5","47106.5","1083336"
"2021-10-01T14:32Z","47106.5","47127","47106","47126.5","1694788"
"2021-10-01T14:33Z","47126.5","47130","47126.5","47130","677435"
"2021-10-01T14:34Z","47130","47130","47100","47100.5","1077495"
"2021-10-01T14:35Z","47100.5","47117.5","47089.5","47092","2214208"
"2021-10-01T14:36Z","47092","47092.5","47077","47077.5","1573163"
"2021-10-01T14:37Z","47077.5","47077.5","47060.5","47060.5","557902"
"2021-10-01T14:38Z","47060.5","47061","47026.5","47026.5","1038065"
"2021-10-01T14:39Z","47026.5","47026.5","46940","46940.5","4409782"
"2021-10-01T14:40Z","46940.5","47212.5","46940","47212.5","8783860"
"2021-10-01T14:41Z","47212.5","47212.5","46870","46887.5","23245731"
"2021-10-01T14:42Z","46887.5","46944.5","46875","46875.5","3802722"
"2021-10-01T14:43Z","46875.5","46901.5","46810","46880","6692638"
"2021-10-01T14:44Z","46880","46880","46769","46787.5","9956951"
"2021-10-01T14:45Z","46787.5","46843","46787","46842.5","3237615"
"2021-10-01T14:46Z","46842.5","46850","46840","46850","2974113"
"2021-10-01T14:47Z","46850","46864","46831.5","46863.5","1862237"
"2021-10-01T14:48Z","46863.5","46917","46863.5","46907","3118841"
"2021-10-01T14:49Z","46907","46907.5","46907","46907.5","644112"
"2021-10-01T14:50Z","46907.5","46961.5","46907","46961.5","3141745"
"2021-10-01T14:51Z","46961.5","47026.5","46961","47026","8081926"
"2021-10-01T14:52Z","47026","47026.5","46985","46985.5","1531920"
"2021-10-01T14:53Z","46985.5","46994","46985","46993.5","386550"
"2021-10-01T14:54Z","46993.5","47052","46993.5","47026.5","2406325"
"2021-10-01T14:55Z","47026.5","47084","47026","47072","1290403"
"2021-10-01T14:56Z","47072","47120","47072","47119.5","1667538"
"2021-10-01T14:57Z","47119.5","47142.5","47119.5","47131","1541131"
"2021-10-01T14:58Z","47131","47131.5","47082","47110","1128303"
"2021-10-01T14:59Z","47110","47110","47107.5","47107.5","1109911"
"2021-10-01T15:00Z","47107.5","47164.5","47107.5","47151","1647074"
"2021-10-01T15:01Z","47151","47167.5","47136.5","47167","1027947"
"2021-10-01T15:02Z","47167","47167.5","47136.5","47137","1023640"
"2021-10-01T15:03Z","47137","47137","47136.5","47137","348891"
"2021-10-01T15:04Z","47137","47168.5","47136.5","47168","658870"
"2021-10-01T15:05Z","47168","47168.5","47145","47161","1269828"
"2021-10-01T15:06Z","47161","47164.5","47160.5","47164.5","515727"
"2021-10-01T15:07Z","47164.5","47165","47161","47161","784324"
"2021-10-01T15:08Z","47161","47161.5","47116.5","47120.5","1439441"
"2021-10-01T15:09Z","47120.5","47135","47117.5","47117.5","914420"
"2021-10-01T15:10Z","47117.5","47117.5","47055.5","47055.5","1901176"
"2021-10-01T15:11Z","47055.5","47095","47055","47094.5","911786"
"2021-10-01T15:12Z","47094.5","47223","47094.5","47223","6012121"
"2021-10-01T15:13Z","47223","47361.5","47222.5","47360","6753040"
"2021-10-01T15:14Z","47360","47365","47325","47325.5","2390618"
"2021-10-01T15:15Z","47325.5","47326","47305","47305","1648092"
"2021-10-01T15:16Z","47305","47305.5","47267.5","47299.5","1275862"
"2021-10-01T15:17Z","47299.5","47324","47268.5","47324","2421892"
"2021-10-01T15:18Z","47324","47338","47312","47338","1127729"
"2021-10-01T15:19Z","47338","47360","47337.5","47337.5","1821640"
"2021-10-01T15:20Z","47337.5","47486.5","47337.5","47426.5","9772265"
"2021-10-01T15:21Z","47426.5","47427","47389.5","47393","4544632"
"2021-10-01T15:22Z","47393","47423","47384","47422.5","1477275"
"2021-10-01T15:23Z","47422.5","47423","47400","47400","704442"
"2021-10-01T15:24Z","47400","47400.5","47377.5","47377.5","689829"
"2021-10-01T15:25Z","47377.5","47386","47377.5","47385.5","190586"
"2021-10-01T15:26Z","47385.5","47386","47327.5","47332.5","1227205"
"2021-10-01T15:27Z","47332.5","47333","47326.5","47326.5","711112"
"2021-10-01T15:28Z","47326.5","47350","47326.5","47350","1017765"
"2021-10-01T15:29Z","47350","47350","47319.5","47319.5","434094"
"2021-10-01T15:30Z","47319.5","47322","47319.5","47321.5","774459"
"2021-10-01T15:31Z","47321.5","47334.5","47320","47320","700961"
"2021-10-01T15:32Z","47320","47320","47301.5","47304","1843138"
"2021-10-01T15:33Z","47304","47360","47304","47359.5","1868989"
"2021-10-01T15:34Z","47359.5","47360","47331.5","47338","754759"
"2021-10-01T15:35Z","47338","47352","47337.5","47352","804545"
"2021-10-01T15:36Z","47352","47352","47317.5","47317.5","1881386"
"2021-10-01T15:37Z","47317.5","47338","47317.5","47338","764810"
"2021-10-01T15:38Z","47338","47338","47337.5","47338","352088"
"2021-10-01T15:39Z","47338","47352","47337.5","47352","371392"
"2021-10-01T15:40Z","47352","47375","47351.5","47374.5","1040501"
"2021-10-01T15:41Z","47374.5","47375","47357","47357.5","997309"
"2021-10-01T15:42Z","47357.5","47366","47357","47366","863676"
"2021-10-01T15:43Z","47366","47378","47365.5","47373","701820"
"2021-10-01T15:44Z","47373","47373.5","47370","47370.5","509749"
"2021-10-01T15:45Z","47370.5","47370.5","47357","47369.5","944871"
"2021-10-01T15:46Z","47369.5","47370","47077","47200","12752664"
"2021-10-01T15:47Z","47200","47308","47200","47202","2918837"
"2021-10-01T15:48Z","47202","47266","47202","47265.5","657801"
"2021-10-01T15:49Z","47265.5","47265.5","47250.5","47255.5","322108"
"2021-10-01T15:50Z","47255.5","47266","47227","47227","1569328"
"2021-10-01T15:51Z","47227","47227.5","47201","47220.5","730825"
"2021-10-01T15:52Z","47220.5","47245.5","47220.5","47245.5","126278"
"2021-10-01T15:53Z","47245.5","47332.5","47245","47332.5","1636931"
"2021-10-01T15:54Z","47332.5","47350","47332","47335.5","1095603"
"2021-10-01T15:55Z","47335.5","47336","47315","47315.5","393276"
"2021-10-01T15:56Z","47315.5","47315.5","47285","47285.5","335854"
"2021-10-01T15:57Z","47285.5","47306.5","47285","47306.5","213888"
"2021-10-01T15:58Z","47306.5","47320","47300.5","47314","282514"
"2021-10-01T15:59Z","47314","47350","47314","47350","1277749"
"2021-10-01T16:00Z","47350","47383","47349.5","47365.5","5455017"
"2021-10-01T16:01Z","47365.5","47365.5","47330.5","47330.5","906882"
"2021-10-01T16:02Z","47330.5","47331","47311","47311.5","541891"
"2021-10-01T16:03Z","47311.5","47311.5","47297.5","47297.5","1250387"
"2021-10-01T16:04Z","47297.5","47349.5","47297.5","47349.5","1556319"
"2021-10-01T16:05Z","47349.5","47349.5","47321","47321","402609"
"2021-10-01T16:06Z","47321","47321.5","47300","47300.5","610845"
"2021-10-01T16:07Z","47300.5","47313","47300","47313","319075"
"2021-10-01T16:08Z","47313","47313","47287","47287","1223200"
"2021-10-01T16:09Z","47287","47287.5","47282.5","47282.5","1370068"
"2021-10-01T16:10Z","47282.5","47282.5","47281.5","47281.5","102293"
"2021-10-01T16:11Z","47281.5","47306.5","47278.5","47306.5","1577314"
"2021-10-01T16:12Z","47306.5","47328","47306","47328","270207"
"2021-10-01T16:13Z","47328","47328.5","47327.5","47328.5","396100"
"2021-10-01T16:14Z","47328.5","47328.5","47308.5","47308.5","140178"
"2021-10-01T16:15Z","47308.5","47309","47306","47306.5","137038"
"2021-10-01T16:16Z","47306.5","47320","47306","47320","471840"
"2021-10-01T16:17Z","47320","47360","47319.5","47353.5","1786964"
"2021-10-01T16:18Z","47353.5","47354","47323","47323.5","663283"
"2021-10-01T16:19Z","47323.5","47328","47323","47328","138853"
"2021-10-01T16:20Z","47328","47336","47323","47323.5","860890"
"2021-10-01T16:21Z","47323.5","47323.5","47294","47294","1522265"
"2021-10-01T16:22Z","47294","47294.5","47294","47294","322042"
"2021-10-01T16:23Z","47294","47349","47294","47349","1670334"
"2021-10-01T16:24Z","47349","47365.5","47348.5","47365","976615"
"2021-10-01T16:25Z","47365","47376","47365","47376","1172559"
"2021-10-01T16:26Z","47376","47884","47375.5","47727","67819243"
"2021-10-01T16:27Z","47727","47727.5","47591.5","47630","14436435"
"2021-10-01T16:28Z","47630","47630","47485.5","47485.5","7809043"
"2021-10-01T16:29Z","47485.5","47499","47420","47459.5","4636875"
"2021-10-01T16:30Z","47459.5","47459.5","47350","47390","7284591"
"2021-10-01T16:31Z","47390","47390","47350.5","47350.5","1114323"
"2021-10-01T16:32Z","47350.5","47416","47350.5","47416","3121349"
"2021-10-01T16:33Z","47416","47416","47379","47393.5","1440168"
"2021-10-01T16:34Z","47393.5","47458.5","47393","47458.5","2535291"
"2021-10-01T16:35Z","47458.5","47483","47430","47430.5","1821909"
"2021-10-01T16:36Z","47430.5","47499","47430","47499","1953471"
"2021-10-01T16:37Z","47499","47561","47498.5","47560.5","5600801"
"2021-10-01T16:38Z","47560.5","47560.5","47516.5","47549.5","1380629"
"2021-10-01T16:39Z","47549.5","47550","47521","47521.5","1515193"
"2021-10-01T16:40Z","47521.5","47525","47482.5","47498.5","1678726"
"2021-10-01T16:41Z","47498.5","47580","47498.5","47574.5","3500649"
"2021-10-01T16:42Z","47574.5","47585","47574","47585","793739"
"2021-10-01T16:43Z","47585","47585","47584.5","47584.5","474669"
"2021-10-01T16:44Z","47584.5","47585","47560.5","47566","1601280"
"2021-10-01T16:45Z","47566","47572.5","47516.5","47516.5","1876931"
"2021-10-01T16:46Z","47516.5","47541.5","47516.5","47541.5","1471185"
"2021-10-01T16:47Z","47541.5","47541.5","47501.5","47520.5","3545782"
"2021-10-01T16:48Z","47520.5","47520.5","47483.5","47483.5","588396"
"2021-10-01T16:49Z","47483.5","47484","47483.5","47484","903210"
"2021-10-01T16:50Z","47484","47484","47474.5","47475","490733"
"2021-10-01T16:51Z","47475","47475","47421","47421.5","2845705"
"2021-10-01T16:52Z","47421.5","47421.5","47369.5","47382","2662811"
"2021-10-01T16:53Z","47382","47400","47382","47395","1277510"
"2021-10-01T16:54Z","47395","47395.5","47395","47395","366026"
"2021-10-01T16:55Z","47395","47395.5","47381.5","47382","1268674"
"2021-10-01T16:56Z","47382","47432","47380","47431.5","3332650"
"2021-10-01T16:57Z","47431.5","47436.5","47428","47428","2244383"
"2021-10-01T16:58Z","47428","47543.5","47428","47543","4542638"
"2021-10-01T16:59Z","47543","47569","47538","47541.5","2518159"
"2021-10-01T17:00Z","47541.5","47580","47455.5","47455.5","4013813"
"2021-10-01T17:01Z","47455.5","47499.5","47455.5","47499.5","1649194"
"2021-10-01T17:02Z","47499.5","47506","47488.5","47488.5","1079962"
"2021-10-01T17:03Z","47488.5","47489","47488.5","47489","166559"
"2021-10-01T17:04Z","47489","47489","47463","47463.5","731941"
"2021-10-01T17:05Z","47463.5","47463.5","47460","47460.5","452135"
"2021-10-01T17:06Z","47460.5","47463","47460","47462.5","392594"
"2021-10-01T17:07Z","47462.5","47515.5","47462.5","47515.5","1332117"
"2021-10-01T17:08Z","47515.5","47515.5","47488","47488.5","681280"
"2021-10-01T17:09Z","47488.5","47529.5","47488","47529","1249576"
"2021-10-01T17:10Z","47529","47529.5","47507.5","47507.5","1092762"
"2021-10-01T17:11Z","47507.5","47508","47487.5","47488","558045"
"2021-10-01T17:12Z","47488","47488","47485","47485","439599"
"2021-10-01T17:13Z","47485","47485.5","47485","47485.5","230205"
"2021-10-01T17:14Z","47485.5","47485.5","47459.5","47460","853018"
"2021-10-01T17:15Z","47460","47460","47459.5","47459.5","189290"
"2021-10-01T17:16Z","47459.5","47472","47453.5","47453.5","1232666"
"2021-10-01T17:17Z","47453.5","47453.5","47441","47441","1971548"
"2021-10-01T17:18Z","47441","47441.5","47441","47441","731233"
"2021-10-01T17:19Z","47441","47467.5","47441","47467.5","705275"
"2021-10-01T17:20Z","47467.5","47492.5","47467","47488","1134194"
"2021-10-01T17:21Z","47488","47488","47467","47467","830901"
"2021-10-01T17:22Z","47467","47467.5","47466","47466","1992636"
"2021-10-01T17:23Z","47466","47485","47466","47484.5","571422"
"2021-10-01T17:24Z","47484.5","47485","47484.5","47485","252417"
"2021-10-01T17:25Z","47485","47485","47458.5","47459","2049727"
"2021-10-01T17:26Z","47459","47459","47436.5","47436.5","1382912"
"2021-10-01T17:27Z","47436.5","47438.5","47436.5","47438.5","1152620"
"2021-10-01T17:28Z","47438.5","47491","47438","47491","2512943"
"2021-10-01T17:29Z","47491","47491","47470","47470","1776940"
"2021-10-01T17:30Z","47470","47518.5","47469","47518.5","1086881"
"2021-10-01T17:31Z","47518.5","47521","47518","47521","158840"
"2021-10-01T17:32Z","47521","47555.5","47520.5","47552","798923"
"2021-10-01T17:33Z","47552","47562","47552","47562","580110"
"2021-10-01T17:34Z","47562","47565.5","47561.5","47565","461200"
"2021-10-01T17:35Z","47565","47565.5","47546.5","47546.5","1325067"
"2021-10-01T17:36Z","47546.5","47547","47546.5","47546.5","169346"
"2021-10-01T17:37Z","47546.5","47559.5","47540","47559.5","1279995"
"2021-10-01T17:38Z","47559.5","47575","47559","47575","774237"
"2021-10-01T17:39Z","47575","47575","47574.5","47575","611000"
"2021-10-01T17:40Z","47575","47578","47550","47550","1588234"
"2021-10-01T17:41Z","47550","47550.5","47528.5","47528.5","1316998"
"2021-10-01T17:42Z","47528.5","47528.5","47500","47500.5","807200"
"2021-10-01T17:43Z","47500.5","47515.5","47500","47515.5","612073"
"2021-10-01T17:44Z","47515.5","47537.5","47515","47537","381893"
"2021-10-01T17:45Z","47537","47560","47537","47560","247224"
"2021-10-01T17:46Z","47560","47560","47559.5","47559.5","190724"
"2021-10-01T17:47Z","47559.5","47596","47559.5","47595.5","1021430"
"2021-10-01T17:48Z","47595.5","47699","47595.5","47660","9777194"
"2021-10-01T17:49Z","47660","47660.5","47650","47659","1204403"
"2021-10-01T17:50Z","47659","47659","47564","47564","3167708"
"2021-10-01T17:51Z","47564","47564.5","47532","47532.5","2109858"
"2021-10-01T17:52Z","47532.5","47547.5","47532.5","47547","561239"
"2021-10-01T17:53Z","47547","47587.5","47547","47587","1070280"
"2021-10-01T17:54Z","47587","47625","47587","47624.5","958537"
"2021-10-01T17:55Z","47624.5","47625","47581.5","47581.5","226227"
"2021-10-01T17:56Z","47581.5","47603","47581.5","47603","420887"
"2021-10-01T17:57Z","47603","47603","47602.5","47602.5","151379"
"2021-10-01T17:58Z","47602.5","47621","47602.5","47620.5","412805"
"2021-10-01T17:59Z","47620.5","47625","47620.5","47625","235388"
"2021-10-01T18:00Z","47625","47625","47601","47601.5","784338"
"2021-10-01T18:01Z","47601.5","47601.5","47567.5","47567.5","4108773"
"2021-10-01T18:02Z","47567.5","47667","47560","47628.5","8534714"
"2021-10-01T18:03Z","47628.5","47667","47609","47609","1252176"
"2021-10-01T18:04Z","47609","47609.5","47604.5","47608.5","1315840"
"2021-10-01T18:05Z","47608.5","47640","47608","47640","482934"
"2021-10-01T18:06Z","47640","47652.5","47639.5","47652","621771"
"2021-10-01T18:07Z","47652","47652.5","47615.5","47615.5","673058"
"2021-10-01T18:08Z","47615.5","47630.5","47612.5","47630.5","1296630"
"2021-10-01T18:09Z","47630.5","47630.5","47623.5","47624","518397"
"2021-10-01T18:10Z","47624","47624","47623.5","47623.5","753945"
"2021-10-01T18:11Z","47623.5","47624","47623.5","47623.5","111023"
"2021-10-01T18:12Z","47623.5","47624","47598.5","47599","1061890"
"2021-10-01T18:13Z","47599","47599","47561","47561","586211"
"2021-10-01T18:14Z","47561","47561","47556","47556","295297"
"2021-10-01T18:15Z","47556","47556.5","47554.5","47554.5","160969"
"2021-10-01T18:16Z","47554.5","47554.5","47520.5","47520.5","889237"
"2021-10-01T18:17Z","47520.5","47520.5","47463","47475","2407276"
"2021-10-01T18:18Z","47475","47521","47474.5","47521","926882"
"2021-10-01T18:19Z","47521","47569.5","47520.5","47569","790537"
"2021-10-01T18:20Z","47569","47569.5","47569","47569.5","42244"
"2021-10-01T18:21Z","47569.5","47579","47569","47578.5","347735"
"2021-10-01T18:22Z","47578.5","47598","47578.5","47579","661608"
"2021-10-01T18:23Z","47579","47579","47578.5","47579","875366"
"2021-10-01T18:24Z","47579","47579","47578.5","47579","53190"
"2021-10-01T18:25Z","47579","47579","47578.5","47579","295218"
"2021-10-01T18:26Z","47579","47738","47578.5","47675","10008331"
"2021-10-01T18:27Z","47675","47814","47675","47759.5","8586253"
"2021-10-01T18:28Z","47759.5","47760","47690.5","47694.5","3378328"
"2021-10-01T18:29Z","47694.5","47699","47671","47671","1296341"
"2021-10-01T18:30Z","47671","47671.5","47631.5","47632.5","1550751"
"2021-10-01T18:31Z","47632.5","47698","47632","47691","1424123"
"2021-10-01T18:32Z","47691","47795.5","47690.5","47795.5","5494171"
"2021-10-01T18:33Z","47795.5","47828","47795.5","47806.5","6909916"
"2021-10-01T18:34Z","47806.5","47869.5","47806.5","47858.5","5302234"
"2021-10-01T18:35Z","47858.5","47859","47833","47833.5","2009058"
"2021-10-01T18:36Z","47833.5","47833.5","47801","47808","1202570"
"2021-10-01T18:37Z","47808","47808.5","47750","47788.5","5487879"
"2021-10-01T18:38Z","47788.5","47789","47771","47771","1198760"
"2021-10-01T18:39Z","47771","47771.5","47771","47771.5","439432"
"2021-10-01T18:40Z","47771.5","47782","47771","47782","869605"
"2021-10-01T18:41Z","47782","47810","47781.5","47810","773990"
"2021-10-01T18:42Z","47810","47846.5","47809.5","47824","1274772"
"2021-10-01T18:43Z","47824","47824.5","47820.5","47820.5","485583"
"2021-10-01T18:44Z","47820.5","47821","47820","47820.5","242453"
"2021-10-01T18:45Z","47820.5","47848","47820","47848","1709383"
"2021-10-01T18:46Z","47848","47963.5","47810.5","47810.5","15307678"
"2021-10-01T18:47Z","47810.5","47811","47766","47766","4456449"
"2021-10-01T18:48Z","47766","47766.5","47721.5","47721.5","5932783"
"2021-10-01T18:49Z","47721.5","47731.5","47697","47731","8466855"
"2021-10-01T18:50Z","47731","47731.5","47710","47710.5","2680861"
"2021-10-01T18:51Z","47710.5","47710.5","47694","47701","1624360"
"2021-10-01T18:52Z","47701","47715.5","47701","47715.5","325120"
"2021-10-01T18:53Z","47715.5","47747.5","47715.5","47747.5","3438824"
"2021-10-01T18:54Z","47747.5","47747.5","47747","47747","1700928"
"2021-10-01T18:55Z","47747","47759.5","47733","47733.5","1990071"
"2021-10-01T18:56Z","47733.5","47733.5","47704.5","47705","1512355"
"2021-10-01T18:57Z","47705","47736","47704.5","47735.5","305269"
"2021-10-01T18:58Z","47735.5","47736","47704","47704","3353903"
"2021-10-01T18:59Z","47704","47713.5","47682.5","47713","3694862"
"2021-10-01T19:00Z","47713","47713.5","47713","47713.5","3188568"
"2021-10-01T19:01Z","47713.5","47759.5","47713","47759.5","1720256"
"2021-10-01T19:02Z","47759.5","47759.5","47757.5","47758","227497"
"2021-10-01T19:03Z","47758","47759","47757.5","47758.5","2315290"
"2021-10-01T19:04Z","47758.5","47759","47758.5","47759","189112"
"2021-10-01T19:05Z","47759","47759","47758.5","47759","388805"
"2021-10-01T19:06Z","47759","47851.5","47759","47851","12560020"
"2021-10-01T19:07Z","47851","47988.5","47823","47956","29547053"
"2021-10-01T19:08Z","47956","48199","47913.5","47962","51741509"
"2021-10-01T19:09Z","47962","47962","47794.5","47833.5","11319235"
"2021-10-01T19:10Z","47833.5","47834","47721","47802.5","24526355"
"2021-10-01T19:11Z","47802.5","47892","47781","47891.5","6436287"
"2021-10-01T19:12Z","47891.5","47997.5","47891.5","47915","9411551"
"2021-10-01T19:13Z","47915","47920.5","47876","47919.5","3439496"
"2021-10-01T19:14Z","47919.5","48041","47919.5","48026","11567274"
"2021-10-01T19:15Z","48026","48112.5","48004.5","48108","26781733"
"2021-10-01T19:16Z","48108","48108","48030","48030","3943442"
"2021-10-01T19:17Z","48030","48030.5","48002","48002","1993851"
"2021-10-01T19:18Z","48002","48010","47997","47997","1045415"
"2021-10-01T19:19Z","47997","47997.5","47959","47959","2063605"
"2021-10-01T19:20Z","47959","47959.5","47926.5","47936.5","3132281"
"2021-10-01T19:21Z","47936.5","47937","47936","47936.5","801479"
"2021-10-01T19:22Z","47936.5","47977.5","47936","47941.5","1160718"
"2021-10-01T19:23Z","47941.5","47941.5","47868","47868","2273344"
"2021-10-01T19:24Z","47868","47910.5","47868","47881.5","1072673"
"2021-10-01T19:25Z","47881.5","47881.5","47872.5","47872.5","359166"
"2021-10-01T19:26Z","47872.5","47933","47823.5","47933","4689581"
"2021-10-01T19:27Z","47933","47970","47932.5","47970","1794588"
"2021-10-01T19:28Z","47970","48006","47970","48006","2038179"
"2021-10-01T19:29Z","48006","48006","47962.5","47962.5","867762"
"2021-10-01T19:30Z","47962.5","47997","47950","47950","1229079"
"2021-10-01T19:31Z","47950","47950.5","47947","47947","1561334"
"2021-10-01T19:32Z","47947","47953","47868","47874.5","10080806"
"2021-10-01T19:33Z","47874.5","47897","47874.5","47894.5","4748472"
"2021-10-01T19:34Z","47894.5","47915.5","47855.5","47860","5981605"
"2021-10-01T19:35Z","47860","47872","47860","47872","1275898"
"2021-10-01T19:36Z","47872","47911","47855","47855.5","2275911"
"2021-10-01T19:37Z","47855.5","47923.5","47855","47923.5","1539604"
"2021-10-01T19:38Z","47923.5","47925.5","47900","47900.5","1171123"
"2021-10-01T19:39Z","47900.5","47901","47900","47900.5","728508"
"2021-10-01T19:40Z","47900.5","47901","47900.5","47900.5","245122"
"2021-10-01T19:41Z","47900.5","47901","47900.5","47900.5","301244"
"2021-10-01T19:42Z","47900.5","47903.5","47900","47900","617052"
"2021-10-01T19:43Z","47900","47930","47874.5","47874.5","1855766"
"2021-10-01T19:44Z","47874.5","47882.5","47874.5","47882.5","264458"
"2021-10-01T19:45Z","47882.5","47975","47882","47950","4800418"
"2021-10-01T19:46Z","47950","47950","47906","47906","1365433"
"2021-10-01T19:47Z","47906","47925","47906","47925","503098"
"2021-10-01T19:48Z","47925","47946","47924.5","47946","502684"
"2021-10-01T19:49Z","47946","47953.5","47945.5","47945.5","1437514"
"2021-10-01T19:50Z","47945.5","47950","47936","47936","530780"
"2021-10-01T19:51Z","47936","47936.5","47936","47936","222648"
"2021-10-01T19:52Z","47936","47936.5","47935.5","47936","3735618"
"2021-10-01T19:53Z","47936","47974","47935.5","47974","853619"
"2021-10-01T19:54Z","47974","47990.5","47973.5","47990.5","781244"
"2021-10-01T19:55Z","47990.5","47990.5","47962.5","47970.5","2470014"
"2021-10-01T19:56Z","47970.5","47971","47970.5","47971","157871"
"2021-10-01T19:57Z","47971","48000","47970.5","48000","1729037"
"2021-10-01T19:58Z","48000","48000","47976","47976","869959"
"2021-10-01T19:59Z","47976","48042.5","47976","48042.5","1386442"
"2021-10-01T20:00Z","48042.5","48051","47998.5","47998.5","3948540"
"2021-10-01T20:01Z","47998.5","47999","47965.5","47965.5","1404062"
"2021-10-01T20:02Z","47965.5","47999","47965","47999","5328831"
"2021-10-01T20:03Z","47999","47999","47988.5","47988.5","769835"
"2021-10-01T20:04Z","47988.5","47988.5","47964.5","47975","1244364"
"2021-10-01T20:05Z","47975","47989.5","47965.5","47965.5","952510"
"2021-10-01T20:06Z","47965.5","48050","47965","48049","2083024"
"2021-10-01T20:07Z","48049","48087.5","48049","48087.5","3129379"
"2021-10-01T20:08Z","48087.5","48087.5","48062.5","48062.5","1473778"
"2021-10-01T20:09Z","48062.5","48076.5","48062.5","48074.5","649005"
"2021-10-01T20:10Z","48074.5","48075","47984","47984.5","1930959"
"2021-10-01T20:11Z","47984.5","47993.5","47984","47993.5","540463"
"2021-10-01T20:12Z","47993.5","47993.5","47975","47975","445009"
"2021-10-01T20:13Z","47975","47975.5","47907","47907.5","3510179"
"2021-10-01T20:14Z","47907.5","47907.5","47900","47900.5","1221628"
"2021-10-01T20:15Z","47900.5","47912.5","47900","47912","1488244"
"2021-10-01T20:16Z","47912","47912.5","47886","47886","840140"
"2021-10-01T20:17Z","47886","47892.5","47886","47892.5","1166228"
"2021-10-01T20:18Z","47892.5","47904","47891.5","47892","515426"
"2021-10-01T20:19Z","47892","47907","47851","47907","1714972"
"2021-10-01T20:20Z","47907","47907","47906.5","47906.5","200775"
"2021-10-01T20:21Z","47906.5","47940","47906.5","47926","2145091"
"2021-10-01T20:22Z","47926","47926","47901.5","47901.5","147811"
"2021-10-01T20:23Z","47901.5","47902","47870","47870","1726532"
"2021-10-01T20:24Z","47870","47876.5","47866.5","47876","691716"
"2021-10-01T20:25Z","47876","47876.5","47876","47876","309553"
"2021-10-01T20:26Z","47876","47876","47818.5","47820","2613802"
"2021-10-01T20:27Z","47820","47820.5","47784","47793.5","4978210"
"2021-10-01T20:28Z","47793.5","47793.5","47777.5","47777.5","998066"
"2021-10-01T20:29Z","47777.5","47817","47777.5","47816.5","2057650"
"2021-10-01T20:30Z","47816.5","47841","47816.5","47840.5","829386"
"2021-10-01T20:31Z","47840.5","47841","47840.5","47840.5","48646"
"2021-10-01T20:32Z","47840.5","47877.5","47840.5","47877.5","671805"
"2021-10-01T20:33Z","47877.5","47886.5","47877","47886.5","1055688"
"2021-10-01T20:34Z","47886.5","47985","47886","47957","4407512"
"2021-10-01T20:35Z","47957","47965.5","47956","47965","727263"
"2021-10-01T20:36Z","47965","48000","47965","47999.5","1830088"
"2021-10-01T20:37Z","47999.5","48025","47999.5","48024.5","1430670"
"2021-10-01T20:38Z","48024.5","48041.5","48010.5","48041","2103794"
"2021-10-01T20:39Z","48041","48136","48041","48106.5","6126359"
"2021-10-01T20:40Z","48106.5","48199","48100","48104","7299745"
"2021-10-01T20:41Z","48104","48104.5","48074","48074.5","2758590"
"2021-10-01T20:42Z","48074.5","48074.5","47973.5","47973.5","3931771"
"2021-10-01T20:43Z","47973.5","47974","47943.5","47955.5","1281211"
"2021-10-01T20:44Z","47955.5","47965.5","47955.5","47956.5","741896"
"2021-10-01T20:45Z","47956.5","47956.5","47925.5","47926","2419021"
"2021-10-01T20:46Z","47926","47979","47907","47979","4893363"
"2021-10-01T20:47Z","47979","47985","47935","47935","1911709"
"2021-10-01T20:48Z","47935","47980","47935","47950.5","937270"
"2021-10-01T20:49Z","47950.5","47950.5","47949","47949","968376"
"2021-10-01T20:50Z","47949","47949.5","47949","47949","77860"
"2021-10-01T20:51Z","47949","47952","47941","47941.5","154240"
"2021-10-01T20:52Z","47941.5","47959.5","47941","47959.5","864057"
"2021-10-01T20:53Z","47959.5","48013.5","47959.5","47998","741319"
"2021-10-01T20:54Z","47998","48035","47997.5","48035","4210746"
"2021-10-01T20:55Z","48035","48055.5","48034.5","48055","6137061"
"2021-10-01T20:56Z","48055","48055.5","48055","48055.5","569689"
"2021-10-01T20:57Z","48055.5","48186","48055","48124.5","2901037"
"2021-10-01T20:58Z","48124.5","48124.5","48099.5","48100","1631100"
"2021-10-01T20:59Z","48100","48140.5","48099.5","48140.5","837618"
"2021-10-01T21:00Z","48140.5","48140.5","48134","48134","921652"
"2021-10-01T21:01Z","48134","48134.5","48134","48134","794460"
"2021-10-01T21:02Z","48134","48340","48134","48273.5","21791497"
"2021-10-01T21:03Z","48273.5","48273.5","48104","48123.5","8876739"
"2021-10-01T21:04Z","48123.5","48143","48107","48119","3006138"
"2021-10-01T21:05Z","48119","48237.5","48118.5","48213","4622236"
"2021-10-01T21:06Z","48213","48282","48212","48250.5","4114731"
"2021-10-01T21:07Z","48250.5","48250.5","48221.5","48221.5","3136923"
"2021-10-01T21:08Z","48221.5","48222","48180","48192.5","1719255"
"2021-10-01T21:09Z","48192.5","48193.5","48157.5","48158","800101"
"2021-10-01T21:10Z","48158","48185.5","48157.5","48185.5","835392"
"2021-10-01T21:11Z","48185.5","48185.5","48185","48185.5","156986"
"2021-10-01T21:12Z","48185.5","48227.5","48185","48221","771853"
"2021-10-01T21:13Z","48221","48250","48221","48246.5","995878"
"2021-10-01T21:14Z","48246.5","48274.5","48214","48244","1435558"
"2021-10-01T21:15Z","48244","48384","48244","48300","16310134"
"2021-10-01T21:16Z","48300","48362","48299.5","48361.5","2138229"
"2021-10-01T21:17Z","48361.5","48362","48312.5","48315.5","4564656"
"2021-10-01T21:18Z","48315.5","48363","48315.5","48363","2796685"
"2021-10-01T21:19Z","48363","48399","48362.5","48398.5","3500403"
"2021-10-01T21:20Z","48398.5","48400","48398.5","48400","1828225"
"2021-10-01T21:21Z","48400","48400","48300.5","48336","4522757"
"2021-10-01T21:22Z","48336","48395","48335.5","48350.5","2892528"
"2021-10-01T21:23Z","48350.5","48359","48333","48333","773012"
"2021-10-01T21:24Z","48333","48333.5","48315.5","48326","2394335"
"2021-10-01T21:25Z","48326","48359.5","48325.5","48344","1011012"
"2021-10-01T21:26Z","48344","48356.5","48324","48348","1508269"
"2021-10-01T21:27Z","48348","48353","48341.5","48352.5","1070559"
"2021-10-01T21:28Z","48352.5","48353","48352.5","48352.5","1531430"
"2021-10-01T21:29Z","48352.5","48353","48352.5","48353","983977"
"2021-10-01T21:30Z","48353","48353","48352.5","48352.5","946196"
"2021-10-01T21:31Z","48352.5","48353","48351.5","48351.5","629329"
"2021-10-01T21:32Z","48351.5","48352","48346","48346.5","656741"
"2021-10-01T21:33Z","48346.5","48346.5","48305.5","48305.5","1522269"
"2021-10-01T21:34Z","48305.5","48306","48258","48258","3466384"
"2021-10-01T21:35Z","48258","48258.5","48160","48160","4265806"
"2021-10-01T21:36Z","48160","48160.5","48158.5","48159","1290545"
"2021-10-01T21:37Z","48159","48242.5","48135.5","48242.5","2631822"
"2021-10-01T21:38Z","48242.5","48242.5","48192.5","48194.5","1599054"
"2021-10-01T21:39Z","48194.5","48195","48171.5","48171.5","1594029"
"2021-10-01T21:40Z","48171.5","48199.5","48171.5","48199.5","586436"
"2021-10-01T21:41Z","48199.5","48218","48199.5","48217.5","467517"
"2021-10-01T21:42Z","48217.5","48218","48191.5","48192","608249"
"2021-10-01T21:43Z","48192","48192","48157.5","48157.5","651974"
"2021-10-01T21:44Z","48157.5","48157.5","48151","48151.5","445298"
"2021-10-01T21:45Z","48151.5","48160","48151","48159.5","517625"
"2021-10-01T21:46Z","48159.5","48193.5","48159.5","48193","987805"
"2021-10-01T21:47Z","48193","48197.5","48184","48184.5","719087"
"2021-10-01T21:48Z","48184.5","48184.5","48161.5","48161.5","895420"
"2021-10-01T21:49Z","48161.5","48162","48161.5","48161.5","383529"
"2021-10-01T21:50Z","48161.5","48162","48161.5","48162","269085"
"2021-10-01T21:51Z","48162","48162","48161.5","48161.5","130238"
"2021-10-01T21:52Z","48161.5","48205","48161.5","48205","2027092"
"2021-10-01T21:53Z","48205","48226","48205","48225.5","3441274"
"2021-10-01T21:54Z","48225.5","48265","48225.5","48265","2034020"
"2021-10-01T21:55Z","48265","48265","48230","48259","627183"
"2021-10-01T21:56Z","48259","48260.5","48220","48220","517793"
"2021-10-01T21:57Z","48220","48236","48219","48235.5","567168"
"2021-10-01T21:58Z","48235.5","48288","48235.5","48288","1045873"
"2021-10-01T21:59Z","48288","48385","48287.5","48355.5","3476518"
"2021-10-01T22:00Z","48355.5","48382.5","48308.5","48308.5","2163120"
"2021-10-01T22:01Z","48308.5","48309","48251","48277","3324735"
"2021-10-01T22:02Z","48277","48310","48276.5","48299.5","402828"
"2021-10-01T22:03Z","48299.5","48362.5","48299.5","48325.5","1172287"
"2021-10-01T22:04Z","48325.5","48362","48302.5","48336.5","1582966"
"2021-10-01T22:05Z","48336.5","48356.5","48336.5","48345","634454"
"2021-10-01T22:06Z","48345","48420","48345","48420","9275361"
"2021-10-01T22:07Z","48420","48440","48382","48409.5","5603331"
"2021-10-01T22:08Z","48409.5","48433.5","48387.5","48433","2678347"
"2021-10-01T22:09Z","48433","48433.5","48392.5","48399.5","1189550"
"2021-10-01T22:10Z","48399.5","48400","48352","48357","779431"
"2021-10-01T22:11Z","48357","48370","48357","48361.5","1952923"
"2021-10-01T22:12Z","48361.5","48362","48361","48361","7599607"
"2021-10-01T22:13Z","48361","48361","48312.5","48312.5","11093391"
"2021-10-01T22:14Z","48312.5","48370.5","48312.5","48356","2659051"
"2021-10-01T22:15Z","48356","48356","48355.5","48356","509321"
"2021-10-01T22:16Z","48356","48356","48333.5","48333.5","908451"
"2021-10-01T22:17Z","48333.5","48334","48310","48310.5","994767"
"2021-10-01T22:18Z","48310.5","48310.5","48310","48310.5","791720"
"2021-10-01T22:19Z","48310.5","48310.5","48303","48303.5","1893623"
"2021-10-01T22:20Z","48303.5","48303.5","48303","48303","488432"
"2021-10-01T22:21Z","48303","48316.5","48303","48307.5","641558"
"2021-10-01T22:22Z","48307.5","48307.5","48306","48306.5","548496"
"2021-10-01T22:23Z","48306.5","48391","48306","48361","2061892"
"2021-10-01T22:24Z","48361","48361","48360.5","48360.5","151214"
"2021-10-01T22:25Z","48360.5","48361","48320.5","48320.5","1629941"
"2021-10-01T22:26Z","48320.5","48320.5","48217.5","48217.5","3842109"
"2021-10-01T22:27Z","48217.5","48218","48163.5","48164","2684804"
"2021-10-01T22:28Z","48164","48185","48163.5","48185","1856196"
"2021-10-01T22:29Z","48185","48209.5","48183","48183.5","1183932"
"2021-10-01T22:30Z","48183.5","48207","48170","48170.5","1330651"
"2021-10-01T22:31Z","48170.5","48170.5","48118","48118","3154375"
"2021-10-01T22:32Z","48118","48141.5","48118","48129","990448"
"2021-10-01T22:33Z","48129","48129","47934","47934","12431379"
"2021-10-01T22:34Z","47934","47997","47934","47987.5","2266441"
"2021-10-01T22:35Z","47987.5","48020.5","47970.5","47985.5","2405963"
"2021-10-01T22:36Z","47985.5","47985.5","47876.5","47896.5","3835233"
"2021-10-01T22:37Z","47896.5","47960","47891","47942.5","1812044"
"2021-10-01T22:38Z","47942.5","47943","47922.5","47922.5","1308717"
"2021-10-01T22:39Z","47922.5","47923","47850","47851.5","2189157"
"2021-10-01T22:40Z","47851.5","47910","47843","47900","2667337"
"2021-10-01T22:41Z","47900","47900","47877.5","47880","1018526"
"2021-10-01T22:42Z","47880","47880","47764.5","47766.5","6950332"
"2021-10-01T22:43Z","47766.5","47820","47766","47808","2208967"
"2021-10-01T22:44Z","47808","47850","47807.5","47809.5","1664441"
"2021-10-01T22:45Z","47809.5","47919.5","47809.5","47919","3840595"
"2021-10-01T22:46Z","47919","47933","47907.5","47933","1984035"
"2021-10-01T22:47Z","47933","47968","47932.5","47968","1404705"
"2021-10-01T22:48Z","47968","47981","47928.5","47929","1284132"
"2021-10-01T22:49Z","47929","47982.5","47928.5","47982","1671846"
"2021-10-01T22:50Z","47982","48045","47982","48029.5","3719700"
"2021-10-01T22:51Z","48029.5","48030","48018.5","48025.5","1535791"
"2021-10-01T22:52Z","48025.5","48045","48025.5","48045","1090492"
"2021-10-01T22:53Z","48045","48045","48032","48032","1084710"
"2021-10-01T22:54Z","48032","48032.5","47987.5","48000","2298702"
"2021-10-01T22:55Z","48000","48000","47980.5","47999.5","1947986"
"2021-10-01T22:56Z","47999.5","48032","47999.5","48013","853053"
"2021-10-01T22:57Z","48013","48013","47993.5","47993.5","1241055"
"2021-10-01T22:58Z","47993.5","47994","47986.5","47987","214143"
"2021-10-01T22:59Z","47987","47987","47974","47982.5","779982"
"2021-10-01T23:00Z","47982.5","48015","47982.5","48013","922184"
"2021-10-01T23:01Z","48013","48013","47974","47978.5","564920"
"2021-10-01T23:02Z","47978.5","47978.5","47937","47940.5","1542945"
"2021-10-01T23:03Z","47940.5","47985.5","47940.5","47985.5","2093800"
"2021-10-01T23:04Z","47985.5","48013.5","47985","48013.5","401667"
"2021-10-01T23:05Z","48013.5","48020","48013","48020","464466"
"2021-10-01T23:06Z","48020","48020","47974.5","47974.5","618124"
"2021-10-01T23:07Z","47974.5","48028.5","47974.5","48020","540817"
"2021-10-01T23:08Z","48020","48020","48019.5","48020","315877"
"2021-10-01T23:09Z","48020","48050","48019.5","48050","831572"
"2021-10-01T23:10Z","48050","48050","48019.5","48019.5","619282"
"2021-10-01T23:11Z","48019.5","48020","48017.5","48020","1479227"
"2021-10-01T23:12Z","48020","48020","48019.5","48019.5","440644"
"2021-10-01T23:13Z","48019.5","48020","47995.5","47995.5","430713"
"2021-10-01T23:14Z","47995.5","47995.5","47952","47952.5","1591087"
"2021-10-01T23:15Z","47952.5","47975.5","47952","47975","841247"
"2021-10-01T23:16Z","47975","47975.5","47975","47975","224805"
"2021-10-01T23:17Z","47975","48015.5","47975","47980","1213227"
"2021-10-01T23:18Z","47980","47980.5","47980","47980","829788"
"2021-10-01T23:19Z","47980","48000","47952","47952.5","1233300"
"2021-10-01T23:20Z","47952.5","47989.5","47952","47989.5","489944"
"2021-10-01T23:21Z","47989.5","48023.5","47989","48023","772656"
"2021-10-01T23:22Z","48023","48048","48023","48048","389919"
"2021-10-01T23:23Z","48048","48064","48047.5","48063.5","1764984"
"2021-10-01T23:24Z","48063.5","48064","48058.5","48058.5","185284"
"2021-10-01T23:25Z","48058.5","48059","48058.5","48058.5","148654"
"2021-10-01T23:26Z","48058.5","48059","48033","48033.5","1477193"
"2021-10-01T23:27Z","48033.5","48033.5","48033","48033.5","147958"
"2021-10-01T23:28Z","48033.5","48050","48033","48049.5","621485"
"2021-10-01T23:29Z","48049.5","48050","48049.5","48049.5","252677"
"2021-10-01T23:30Z","48049.5","48050","48032","48032","232300"
"2021-10-01T23:31Z","48032","48032.5","48032","48032","303930"
"2021-10-01T23:32Z","48032","48032.5","48022.5","48022.5","190730"
"2021-10-01T23:33Z","48022.5","48022.5","47990.5","47991","757598"
"2021-10-01T23:34Z","47991","48008.5","47990.5","48008","1859532"
"2021-10-01T23:35Z","48008","48024.5","48008","48024.5","415532"
"2021-10-01T23:36Z","48024.5","48050","48024.5","48050","274577"
"2021-10-01T23:37Z","48050","48050","48049.5","48050","640989"
"2021-10-01T23:38Z","48050","48050","48018.5","48018.5","1041117"
"2021-10-01T23:39Z","48018.5","48019","47991.5","47991.5","494990"
"2021-10-01T23:40Z","47991.5","48008.5","47991.5","48008","1031723"
"2021-10-01T23:41Z","48008","48022","48002","48002","329177"
"2021-10-01T23:42Z","48002","48030","48002","48030","566185"
"2021-10-01T23:43Z","48030","48050","48029.5","48050","1365385"
"2021-10-01T23:44Z","48050","48050","48048.5","48048.5","196785"
"2021-10-01T23:45Z","48048.5","48048.5","48044.5","48045","452570"
"2021-10-01T23:46Z","48045","48045","48044.5","48044.5","387734"
"2021-10-01T23:47Z","48044.5","48082.5","48044.5","48082.5","1376675"
"2021-10-01T23:48Z","48082.5","48082.5","48061","48061.5","622087"
"2021-10-01T23:49Z","48061.5","48084.5","48061","48084.5","738098"
"2021-10-01T23:50Z","48084.5","48089","48084","48088.5","905756"
"2021-10-01T23:51Z","48088.5","48120.5","48088.5","48120.5","1818409"
"2021-10-01T23:52Z","48120.5","48120.5","48075.5","48075.5","800000"
"2021-10-01T23:53Z","48075.5","48076","48075.5","48076","333832"
"2021-10-01T23:54Z","48076","48076","48075.5","48075.5","418169"
"2021-10-01T23:55Z","48075.5","48076","48051","48060","532112"
"2021-10-01T23:56Z","48060","48086.5","48059.5","48086.5","1407035"
"2021-10-01T23:57Z","48086.5","48118","48086","48118","1687872"
"2021-10-01T23:58Z","48118","48118","48117.5","48118","408782"
"2021-10-01T23:59Z","48118","48147","48118","48131.5","2429172"
"2021-10-02T00:00Z","48131.5","48132","48131","48132","1635079"
"2021-10-02T00:01Z","48132","48134.5","48130","48134","1175206"
"2021-10-02T00:02Z","48134","48168","48105","48105","4439661"
"2021-10-02T00:03Z","48105","48208","48105","48207","3801882"
"2021-10-02T00:04Z","48207","48207","48174","48174","847407"
"2021-10-02T00:05Z","48174","48174.5","48095","48095","2815135"
"2021-10-02T00:06Z","48095","48118.5","48095","48110.5","1908820"
"2021-10-02T00:07Z","48110.5","48119","48088.5","48088.5","2688090"
"2021-10-02T00:08Z","48088.5","48089","48048.5","48049.5","1589836"
"2021-10-02T00:09Z","48049.5","48050","48049.5","48049.5","565313"
"2021-10-02T00:10Z","48049.5","48050","47840","47841.5","6393951"
"2021-10-02T00:11Z","47841.5","47890.5","47841.5","47844","3776449"
"2021-10-02T00:12Z","47844","47844","47720.5","47787","8212769"
"2021-10-02T00:13Z","47787","47820.5","47699","47699","4786220"
"2021-10-02T00:14Z","47699","47733.5","47650","47725","9872226"
"2021-10-02T00:15Z","47725","47799.5","47716.5","47799.5","5008848"
"2021-10-02T00:16Z","47799.5","47826","47797.5","47826","2056472"
"2021-10-02T00:17Z","47826","47834.5","47803","47834.5","1481812"
"2021-10-02T00:18Z","47834.5","47834.5","47777","47779","2315959"
"2021-10-02T00:19Z","47779","47796","47758","47766","877268"
"2021-10-02T00:20Z","47766","47807","47766","47797.5","905887"
"2021-10-02T00:21Z","47797.5","47797.5","47743","47746","1112113"
"2021-10-02T00:22Z","47746","47785","47733","47784.5","1097236"
"2021-10-02T00:23Z","47784.5","47830","47780.5","47830","2274371"
"2021-10-02T00:24Z","47830","47877","47829.5","47877","2313886"
"2021-10-02T00:25Z","47877","47939.5","47876.5","47939.5","3134377"
"2021-10-02T00:26Z","47939.5","47939.5","47906","47906","870698"
"2021-10-02T00:27Z","47906","47906.5","47887","47892","667192"
"2021-10-02T00:28Z","47892","47925.5","47892","47925.5","1053243"
"2021-10-02T00:29Z","47925.5","47925.5","47912.5","47912.5","358742"
"2021-10-02T00:30Z","47912.5","47913","47903","47903","557940"
"2021-10-02T00:31Z","47903","47926","47903","47926","1333117"
"2021-10-02T00:32Z","47926","47926","47856.5","47857","1381460"
"2021-10-02T00:33Z","47857","47857","47815","47815.5","1066596"
"2021-10-02T00:34Z","47815.5","47839.5","47815","47839.5","722641"
"2021-10-02T00:35Z","47839.5","47839.5","47749.5","47784","1934877"
"2021-10-02T00:36Z","47784","47784","47740.5","47740.5","1371389"
"2021-10-02T00:37Z","47740.5","47740.5","47690","47695.5","2587173"
"2021-10-02T00:38Z","47695.5","47695.5","47690","47690","1662190"
"2021-10-02T00:39Z","47690","47690.5","47646.5","47647","1449639"
"2021-10-02T00:40Z","47647","47660","47625.5","47659.5","3641653"
"2021-10-02T00:41Z","47659.5","47670.5","47659.5","47662.5","882015"
"2021-10-02T00:42Z","47662.5","47662.5","47662","47662","519875"
"2021-10-02T00:43Z","47662","47687.5","47662","47672.5","729627"
"2021-10-02T00:44Z","47672.5","47702.5","47672.5","47698.5","620634"
"2021-10-02T00:45Z","47698.5","47698.5","47670.5","47671","1206374"
"2021-10-02T00:46Z","47671","47671.5","47670.5","47671.5","702859"
"2021-10-02T00:47Z","47671.5","47749.5","47671.5","47749","1553010"
"2021-10-02T00:48Z","47749","47766.5","47749","47766.5","430287"
"2021-10-02T00:49Z","47766.5","47770","47753.5","47753.5","584969"
"2021-10-02T00:50Z","47753.5","47769","47753.5","47769","434630"
"2021-10-02T00:51Z","47769","47769.5","47768.5","47769.5","198227"
"2021-10-02T00:52Z","47769.5","47769.5","47747.5","47766.5","614802"
"2021-10-02T00:53Z","47766.5","47767","47766.5","47767","823239"
"2021-10-02T00:54Z","47767","47767","47755.5","47756","850016"
"2021-10-02T00:55Z","47756","47756","47750","47750.5","538916"
"2021-10-02T00:56Z","47750.5","47750.5","47750","47750.5","148934"
"2021-10-02T00:57Z","47750.5","47750.5","47750","47750","83829"
"2021-10-02T00:58Z","47750","47753","47740","47753","1761494"
"2021-10-02T00:59Z","47753","47851","47732.5","47850","3982487"
"2021-10-02T01:00Z","47850","47850","47810","47810","3527027"
"2021-10-02T01:01Z","47810","47810.5","47787","47787.5","1311428"
"2021-10-02T01:02Z","47787.5","47826","47786","47826","846977"
"2021-10-02T01:03Z","47826","47874.5","47826","47867","2514506"
"2021-10-02T01:04Z","47867","47902.5","47865","47902","3929265"
"2021-10-02T01:05Z","47902","47921","47900","47900","2939356"
"2021-10-02T01:06Z","47900","47914","47898.5","47898.5","2326006"
"2021-10-02T01:07Z","47898.5","47911","47883","47910.5","2489151"
"2021-10-02T01:08Z","47910.5","47933.5","47910.5","47933.5","1076634"
"2021-10-02T01:09Z","47933.5","47950.5","47928.5","47928.5","2990228"
"2021-10-02T01:10Z","47928.5","47928.5","47925","47925","318719"
"2021-10-02T01:11Z","47925","47944.5","47925","47934","868158"
"2021-10-02T01:12Z","47934","47954","47933.5","47954","1076627"
"2021-10-02T01:13Z","47954","47993.5","47953.5","47993.5","3475366"
"2021-10-02T01:14Z","47993.5","48000.5","47993","48000","1464032"
"2021-10-02T01:15Z","48000","48062.5","48000","48062.5","5859074"
"2021-10-02T01:16Z","48062.5","48100","48062.5","48075.5","3684789"
"2021-10-02T01:17Z","48075.5","48076","48063.5","48063.5","1035347"
"2021-10-02T01:18Z","48063.5","48064","48023.5","48024.5","2152455"
"2021-10-02T01:19Z","48024.5","48059","48024","48058.5","1223397"
"2021-10-02T01:20Z","48058.5","48059","48025","48025","1294501"
"2021-10-02T01:21Z","48025","48025","47990","47990.5","1969677"
"2021-10-02T01:22Z","47990.5","47990.5","47966.5","47967","1425072"
"2021-10-02T01:23Z","47967","47967","47954.5","47954.5","1083472"
"2021-10-02T01:24Z","47954.5","47955","47947","47947.5","159801"
"2021-10-02T01:25Z","47947.5","47947.5","47947","47947.5","293604"
"2021-10-02T01:26Z","47947.5","47947.5","47900","47900","1114747"
"2021-10-02T01:27Z","47900","47900","47834","47834","1734733"
"2021-10-02T01:28Z","47834","47847.5","47833.5","47843.5","940604"
"2021-10-02T01:29Z","47843.5","47843.5","47833","47833","389888"
"2021-10-02T01:30Z","47833","47833.5","47792.5","47792.5","1055794"
"2021-10-02T01:31Z","47792.5","47826.5","47792.5","47795.5","6164681"
"2021-10-02T01:32Z","47795.5","47801.5","47795.5","47801.5","1235816"
"2021-10-02T01:33Z","47801.5","47862","47801.5","47862","2293646"
"2021-10-02T01:34Z","47862","47862","47843","47843","510831"
"2021-10-02T01:35Z","47843","47843","47837.5","47841","692110"
"2021-10-02T01:36Z","47841","47847","47841","47847","424059"
"2021-10-02T01:37Z","47847","47882","47847","47882","437848"
"2021-10-02T01:38Z","47882","47884","47881.5","47883.5","130543"
"2021-10-02T01:39Z","47883.5","47884","47881.5","47882","195639"
"2021-10-02T01:40Z","47882","47882","47881.5","47882","489082"
"2021-10-02T01:41Z","47882","47882","47881.5","47881.5","332443"
"2021-10-02T01:42Z","47881.5","47884","47881.5","47883.5","680020"
"2021-10-02T01:43Z","47883.5","47884","47883.5","47884","662653"
"2021-10-02T01:44Z","47884","47884","47870","47870.5","275060"
"2021-10-02T01:45Z","47870.5","47870.5","47815","47815.5","1253663"
"2021-10-02T01:46Z","47815.5","47815.5","47808.5","47809","428575"
"2021-10-02T01:47Z","47809","47809","47801","47801","133165"
"2021-10-02T01:48Z","47801","47801.5","47738","47738.5","3098992"
"2021-10-02T01:49Z","47738.5","47746.5","47738","47746","285709"
"2021-10-02T01:50Z","47746","47785","47746","47772","850606"
"2021-10-02T01:51Z","47772","47772","47742","47742","687174"
"2021-10-02T01:52Z","47742","47742","47738.5","47738.5","244538"
"2021-10-02T01:53Z","47738.5","47739","47738.5","47739","308231"
"2021-10-02T01:54Z","47739","47785","47738.5","47785","563824"
"2021-10-02T01:55Z","47785","47785","47776.5","47776.5","377413"
"2021-10-02T01:56Z","47776.5","47800","47776.5","47800","1013088"
"2021-10-02T01:57Z","47800","47825","47799.5","47825","475320"
"2021-10-02T01:58Z","47825","47825","47798","47798.5","526645"
"2021-10-02T01:59Z","47798.5","47798.5","47764","47764.5","412644"
"2021-10-02T02:00Z","47764.5","47764.5","47749.5","47750","777672"
"2021-10-02T02:01Z","47750","47771.5","47749.5","47771","333690"
"2021-10-02T02:02Z","47771","47798","47771","47798","532602"
"2021-10-02T02:03Z","47798","47800","47798","47799.5","199663"
"2021-10-02T02:04Z","47799.5","47800","47785","47785","344912"
"2021-10-02T02:05Z","47785","47785.5","47769.5","47769.5","470174"
"2021-10-02T02:06Z","47769.5","47770","47722.5","47722.5","813230"
"2021-10-02T02:07Z","47722.5","47724","47691","47691.5","1218478"
"2021-10-02T02:08Z","47691.5","47696","47691","47695.5","1130321"
"2021-10-02T02:09Z","47695.5","47718.5","47695.5","47718","1103694"
"2021-10-02T02:10Z","47718","47718.5","47705","47705","601704"
"2021-10-02T02:11Z","47705","47705.5","47691.5","47691.5","350776"
"2021-10-02T02:12Z","47691.5","47709","47691.5","47709","2015825"
"2021-10-02T02:13Z","47709","47730","47708.5","47708.5","1688794"
"2021-10-02T02:14Z","47708.5","47709","47683","47688.5","958165"
"2021-10-02T02:15Z","47688.5","47723","47688","47723","771866"
"2021-10-02T02:16Z","47723","47730","47722.5","47729.5","574346"
"2021-10-02T02:17Z","47729.5","47745","47729.5","47745","1426670"
"2021-10-02T02:18Z","47745","47758","47744.5","47758","829420"
"2021-10-02T02:19Z","47758","47800","47757.5","47800","3624242"
"2021-10-02T02:20Z","47800","47802.5","47799.5","47802","1368121"
"2021-10-02T02:21Z","47802","47821.5","47802","47821.5","878199"
"2021-10-02T02:22Z","47821.5","47844","47821.5","47843.5","505917"
"2021-10-02T02:23Z","47843.5","47855.5","47843.5","47853.5","1520855"
"2021-10-02T02:24Z","47853.5","47853.5","47853","47853","245547"
"2021-10-02T02:25Z","47853","47853.5","47853","47853","118254"
"2021-10-02T02:26Z","47853","47853.5","47838","47838","1044638"
"2021-10-02T02:27Z","47838","47838","47834.5","47835","132534"
"2021-10-02T02:28Z","47835","47835","47824.5","47825","276781"
"2021-10-02T02:29Z","47825","47825","47824.5","47824.5","156523"
"2021-10-02T02:30Z","47824.5","47847","47824.5","47847","673718"
"2021-10-02T02:31Z","47847","47847","47792.5","47792.5","2486643"
"2021-10-02T02:32Z","47792.5","47793","47784.5","47784.5","1642976"
"2021-10-02T02:33Z","47784.5","47785","47784.5","47785","69241"
"2021-10-02T02:34Z","47785","47796","47785","47796","1046708"
"2021-10-02T02:35Z","47796","47796","47732","47746.5","1681271"
"2021-10-02T02:36Z","47746.5","47746.5","47736.5","47736.5","1340877"
"2021-10-02T02:37Z","47736.5","47746.5","47734","47743.5","889401"
"2021-10-02T02:38Z","47743.5","47743.5","47742","47742.5","298003"
"2021-10-02T02:39Z","47742.5","47742.5","47742","47742","276422"
"2021-10-02T02:40Z","47742","47766","47742","47766","304052"
"2021-10-02T02:41Z","47766","47766","47765.5","47765.5","150414"
"2021-10-02T02:42Z","47765.5","47766","47765.5","47766","298516"
"2021-10-02T02:43Z","47766","47771","47765.5","47771","408320"
"2021-10-02T02:44Z","47771","47775","47770.5","47775","252340"
"2021-10-02T02:45Z","47775","47775","47770.5","47771","186140"
"2021-10-02T02:46Z","47771","47771","47737.5","47737.5","402245"
"2021-10-02T02:47Z","47737.5","47738","47725.5","47726","454764"
"2021-10-02T02:48Z","47726","47726","47722.5","47723","61197"
"2021-10-02T02:49Z","47723","47723","47710","47710.5","201976"
"2021-10-02T02:50Z","47710.5","47721","47710","47721","767033"
"2021-10-02T02:51Z","47721","47730.5","47720.5","47730.5","286697"
"2021-10-02T02:52Z","47730.5","47730.5","47730","47730.5","277039"
"2021-10-02T02:53Z","47730.5","47757","47728.5","47728.5","1532754"
"2021-10-02T02:54Z","47728.5","47729","47703.5","47703.5","801547"
"2021-10-02T02:55Z","47703.5","47716","47703.5","47716","369144"
"2021-10-02T02:56Z","47716","47716","47710.5","47710.5","506073"
"2021-10-02T02:57Z","47710.5","47716","47702","47715.5","522433"
"2021-10-02T02:58Z","47715.5","47716","47715.5","47715.5","39562"
"2021-10-02T02:59Z","47715.5","47716","47715.5","47716","122866"
"2021-10-02T03:00Z","47716","47716","47715.5","47715.5","165912"
"2021-10-02T03:01Z","47715.5","47729","47712.5","47728.5","586769"
"2021-10-02T03:02Z","47728.5","47739","47728.5","47738.5","1481752"
"2021-10-02T03:03Z","47738.5","47754","47738.5","47754","4447303"
"2021-10-02T03:04Z","47754","47754","47753.5","47754","64292"
"2021-10-02T03:05Z","47754","47754","47753.5","47753.5","37881"
"2021-10-02T03:06Z","47753.5","47754","47751","47751.5","749820"
"2021-10-02T03:07Z","47751.5","47770","47751","47770","1016208"
"2021-10-02T03:08Z","47770","47775","47766.5","47767","938244"
"2021-10-02T03:09Z","47767","47767","47734","47734","329080"
"2021-10-02T03:10Z","47734","47734.5","47734","47734","216625"
"2021-10-02T03:11Z","47734","47734.5","47734","47734","432584"
"2021-10-02T03:12Z","47734","47734.5","47730","47730","233091"
"2021-10-02T03:13Z","47730","47730.5","47713","47715","516955"
"2021-10-02T03:14Z","47715","47715.5","47706.5","47706.5","358127"
"2021-10-02T03:15Z","47706.5","47708.5","47706.5","47708","352177"
"2021-10-02T03:16Z","47708","47713.5","47708","47713","1123686"
"2021-10-02T03:17Z","47713","47735","47713","47735","585602"
"2021-10-02T03:18Z","47735","47756","47734.5","47756","2022591"
"2021-10-02T03:19Z","47756","47766.5","47755.5","47766.5","751103"
"2021-10-02T03:20Z","47766.5","47766.5","47693.5","47695.5","2084553"
"2021-10-02T03:21Z","47695.5","47696","47687","47687","969681"
"2021-10-02T03:22Z","47687","47687.5","47585.5","47589","8879483"
"2021-10-02T03:23Z","47589","47637","47589","47636.5","1081609"
"2021-10-02T03:24Z","47636.5","47637","47611","47611.5","924368"
"2021-10-02T03:25Z","47611.5","47611.5","47545","47555.5","4987428"
"2021-10-02T03:26Z","47555.5","47555.5","47484","47541","8147699"
"2021-10-02T03:27Z","47541","47573","47541","47572.5","775327"
"2021-10-02T03:28Z","47572.5","47573","47572.5","47572.5","532885"
"2021-10-02T03:29Z","47572.5","47573","47572.5","47573","374238"
"2021-10-02T03:30Z","47573","47573","47572","47572","842278"
"2021-10-02T03:31Z","47572","47594","47572","47594","945258"
"2021-10-02T03:32Z","47594","47594","47578.5","47579","369977"
"2021-10-02T03:33Z","47579","47600","47578.5","47599.5","419441"
"2021-10-02T03:34Z","47599.5","47630.5","47599.5","47610.5","2940927"
"2021-10-02T03:35Z","47610.5","47625","47610.5","47625","399123"
"2021-10-02T03:36Z","47625","47625","47615","47615.5","149147"
"2021-10-02T03:37Z","47615.5","47620.5","47615","47620.5","92967"
"2021-10-02T03:38Z","47620.5","47620.5","47620","47620","257707"
"2021-10-02T03:39Z","47620","47620.5","47581","47581","2812331"
"2021-10-02T03:40Z","47581","47581.5","47575","47580","927225"
"2021-10-02T03:41Z","47580","47580.5","47580","47580","173230"
"2021-10-02T03:42Z","47580","47603","47580","47603","229462"
"2021-10-02T03:43Z","47603","47610","47602.5","47607.5","243251"
"2021-10-02T03:44Z","47607.5","47608","47607.5","47608","210350"
"2021-10-02T03:45Z","47608","47608","47588","47588","433310"
"2021-10-02T03:46Z","47588","47588.5","47550","47550","2197379"
"2021-10-02T03:47Z","47550","47550.5","47531","47531.5","760038"
"2021-10-02T03:48Z","47531.5","47535.5","47524.5","47524.5","1329574"
"2021-10-02T03:49Z","47524.5","47525","47524.5","47524.5","135682"
"2021-10-02T03:50Z","47524.5","47525","47524.5","47524.5","301621"
"2021-10-02T03:51Z","47524.5","47525","47524.5","47524.5","622465"
"2021-10-02T03:52Z","47524.5","47525","47505","47505","1214125"
"2021-10-02T03:53Z","47505","47505.5","47504.5","47505","530156"
"2021-10-02T03:54Z","47505","47524","47504.5","47523.5","1906135"
"2021-10-02T03:55Z","47523.5","47541.5","47523.5","47541","3560216"
"2021-10-02T03:56Z","47541","47541.5","47541","47541","276723"
"2021-10-02T03:57Z","47541","47541.5","47541","47541","641580"
"2021-10-02T03:58Z","47541","47563","47541","47563","3494113"
"2021-10-02T03:59Z","47563","47563.5","47562.5","47563.5","275184"
"2021-10-02T04:00Z","47563.5","47581.5","47546.5","47581.5","3567094"
"2021-10-02T04:01Z","47581.5","47581.5","47564.5","47564.5","830573"
"2021-10-02T04:02Z","47564.5","47564.5","47535","47535","720688"
"2021-10-02T04:03Z","47535","47535.5","47535","47535","164629"
"2021-10-02T04:04Z","47535","47565","47535","47565","236714"
"2021-10-02T04:05Z","47565","47608","47565","47608","1378612"
"2021-10-02T04:06Z","47608","47645","47607.5","47645","4131730"
"2021-10-02T04:07Z","47645","47645","47644.5","47645","320083"
"2021-10-02T04:08Z","47645","47658.5","47644.5","47658.5","1075803"
"2021-10-02T04:09Z","47658.5","47696","47658.5","47696","1487722"
"2021-10-02T04:10Z","47696","47696","47685.5","47685.5","484274"
"2021-10-02T04:11Z","47685.5","47686","47665","47665","584073"
"2021-10-02T04:12Z","47665","47665","47640","47640","1779604"
"2021-10-02T04:13Z","47640","47640","47638.5","47639","265721"
"2021-10-02T04:14Z","47639","47658.5","47638.5","47658","331934"
"2021-10-02T04:15Z","47658","47662.5","47654","47654","238414"
"2021-10-02T04:16Z","47654","47654.5","47622.5","47623","478472"
"2021-10-02T04:17Z","47623","47644","47622.5","47644","298281"
"2021-10-02T04:18Z","47644","47686","47643.5","47686","904708"
"2021-10-02T04:19Z","47686","47700","47685.5","47700","649805"
"2021-10-02T04:20Z","47700","47700","47686.5","47687","358373"
"2021-10-02T04:21Z","47687","47687","47644","47644","465493"
"2021-10-02T04:22Z","47644","47645.5","47643.5","47645","176470"
"2021-10-02T04:23Z","47645","47645.5","47640","47640.5","76851"
"2021-10-02T04:24Z","47640.5","47640.5","47625","47625","801212"
"2021-10-02T04:25Z","47625","47625","47607","47607","587996"
"2021-10-02T04:26Z","47607","47607.5","47580","47586.5","600484"
"2021-10-02T04:27Z","47586.5","47587","47586.5","47586.5","619494"
"2021-10-02T04:28Z","47586.5","47587","47546","47546.5","1468150"
"2021-10-02T04:29Z","47546.5","47548","47540","47540.5","765080"
"2021-10-02T04:30Z","47540.5","47540.5","47540","47540.5","518879"
"2021-10-02T04:31Z","47540.5","47540.5","47518","47518.5","696663"
"2021-10-02T04:32Z","47518.5","47518.5","47518","47518","190828"
"2021-10-02T04:33Z","47518","47518.5","47518","47518","125481"
"2021-10-02T04:34Z","47518","47518.5","47518","47518","230483"
"2021-10-02T04:35Z","47518","47575","47518","47575","2028937"
"2021-10-02T04:36Z","47575","47576.5","47574.5","47576","231425"
"2021-10-02T04:37Z","47576","47576.5","47535.5","47536","733535"
"2021-10-02T04:38Z","47536","47546.5","47535.5","47546","477905"
"2021-10-02T04:39Z","47546","47546.5","47537.5","47538","201914"
"2021-10-02T04:40Z","47538","47538","47529.5","47534.5","350532"
"2021-10-02T04:41Z","47534.5","47534.5","47527","47527","336439"
"2021-10-02T04:42Z","47527","47527.5","47527","47527.5","99621"
"2021-10-02T04:43Z","47527.5","47527.5","47527","47527","53037"
"2021-10-02T04:44Z","47527","47527.5","47527","47527","90392"
"2021-10-02T04:45Z","47527","47527.5","47527","47527","55287"
"2021-10-02T04:46Z","47527","47527.5","47527","47527.5","34222"
"2021-10-02T04:47Z","47527.5","47527.5","47526","47526","286337"
"2021-10-02T04:48Z","47526","47526","47436.5","47479.5","6627635"
"2021-10-02T04:49Z","47479.5","47526.5","47479.5","47526.5","1345880"
"2021-10-02T04:50Z","47526.5","47529.5","47526","47529.5","791233"
"2021-10-02T04:51Z","47529.5","47568","47529.5","47568","2289394"
"2021-10-02T04:52Z","47568","47578","47567.5","47578","452513"
"2021-10-02T04:53Z","47578","47580","47577.5","47579.5","399985"
"2021-10-02T04:54Z","47579.5","47596.5","47579.5","47596.5","438763"
"2021-10-02T04:55Z","47596.5","47599","47596.5","47598.5","800656"
"2021-10-02T04:56Z","47598.5","47599","47584","47584","999682"
"2021-10-02T04:57Z","47584","47584.5","47584","47584.5","23688"
"2021-10-02T04:58Z","47584.5","47584.5","47584","47584","11527"
"2021-10-02T04:59Z","47584","47584.5","47584","47584.5","34942"
"2021-10-02T05:00Z","47584.5","47584.5","47584","47584.5","368105"
"2021-10-02T05:01Z","47584.5","47584.5","47558.5","47558.5","1344616"
"2021-10-02T05:02Z","47558.5","47559","47558","47558","792487"
"2021-10-02T05:03Z","47558","47596.5","47558","47596.5","659021"
"2021-10-02T05:04Z","47596.5","47619.5","47596","47619.5","1682028"
"2021-10-02T05:05Z","47619.5","47619.5","47617","47617.5","178828"
"2021-10-02T05:06Z","47617.5","47617.5","47572.5","47580","292512"
"2021-10-02T05:07Z","47580","47667.5","47580","47665.5","2012573"
"2021-10-02T05:08Z","47665.5","47729.5","47665","47717","3116532"
"2021-10-02T05:09Z","47717","47747","47716.5","47746.5","3481445"
"2021-10-02T05:10Z","47746.5","47790","47746.5","47790","3017384"
"2021-10-02T05:11Z","47790","47790","47783","47783","1325340"
"2021-10-02T05:12Z","47783","47783.5","47783","47783.5","952732"
"2021-10-02T05:13Z","47783.5","47783.5","47777","47777","499343"
"2021-10-02T05:14Z","47777","47777.5","47777","47777.5","667021"
"2021-10-02T05:15Z","47777.5","47777.5","47777","47777.5","1458895"
"2021-10-02T05:16Z","47777.5","47777.5","47764","47764","1003714"
"2021-10-02T05:17Z","47764","47764.5","47749","47749","714633"
"2021-10-02T05:18Z","47749","47749.5","47727.5","47728","473661"
"2021-10-02T05:19Z","47728","47728","47727.5","47728","225185"
"2021-10-02T05:20Z","47728","47728","47727.5","47728","336025"
"2021-10-02T05:21Z","47728","47729.5","47727.5","47729.5","304541"
"2021-10-02T05:22Z","47729.5","47741","47729","47740.5","176099"
"2021-10-02T05:23Z","47740.5","47749.5","47740.5","47749","246956"
"2021-10-02T05:24Z","47749","47750","47740.5","47741","150532"
"2021-10-02T05:25Z","47741","47741","47707.5","47707.5","768637"
"2021-10-02T05:26Z","47707.5","47709.5","47701","47709.5","715181"
"2021-10-02T05:27Z","47709.5","47750","47709.5","47749.5","1372291"
"2021-10-02T05:28Z","47749.5","47751","47749.5","47750.5","233822"
"2021-10-02T05:29Z","47750.5","47751","47750.5","47750.5","104864"
"2021-10-02T05:30Z","47750.5","47751","47750","47750","82068"
"2021-10-02T05:31Z","47750","47765","47750","47764.5","482488"
"2021-10-02T05:32Z","47764.5","47800","47764.5","47793.5","1132719"
"2021-10-02T05:33Z","47793.5","47793.5","47775.5","47775.5","160772"
"2021-10-02T05:34Z","47775.5","47776","47769","47769.5","95031"
"2021-10-02T05:35Z","47769.5","47769.5","47753","47753","182473"
"2021-10-02T05:36Z","47753","47753.5","47740","47740","313451"
"2021-10-02T05:37Z","47740","47740","47730","47730","719693"
"2021-10-02T05:38Z","47730","47749","47730","47749","576929"
"2021-10-02T05:39Z","47749","47777.5","47748.5","47777.5","393060"
"2021-10-02T05:40Z","47777.5","47777.5","47757","47757","914893"
"2021-10-02T05:41Z","47757","47757.5","47757","47757","151803"
"2021-10-02T05:42Z","47757","47757.5","47724","47724.5","600224"
"2021-10-02T05:43Z","47724.5","47724.5","47724","47724","217382"
"2021-10-02T05:44Z","47724","47724.5","47724","47724.5","62905"
"2021-10-02T05:45Z","47724.5","47724.5","47724","47724","205298"
"2021-10-02T05:46Z","47724","47724.5","47715","47715","260576"
"2021-10-02T05:47Z","47715","47715.5","47688","47688","1070355"
"2021-10-02T05:48Z","47688","47688.5","47685","47685","562893"
"2021-10-02T05:49Z","47685","47705.5","47685","47705.5","834968"
"2021-10-02T05:50Z","47705.5","47713.5","47693","47713","1262445"
"2021-10-02T05:51Z","47713","47743","47713","47743","1444302"
"2021-10-02T05:52Z","47743","47760","47742.5","47760","546583"
"2021-10-02T05:53Z","47760","47767.5","47753.5","47767","1120678"
"2021-10-02T05:54Z","47767","47767.5","47767","47767","224027"
"2021-10-02T05:55Z","47767","47767.5","47730","47730","358329"
"2021-10-02T05:56Z","47730","47755","47730","47748.5","365511"
"2021-10-02T05:57Z","47748.5","47767","47748.5","47766.5","847296"
"2021-10-02T05:58Z","47766.5","47767","47746","47746","166766"
"2021-10-02T05:59Z","47746","47746.5","47746","47746.5","59234"
"2021-10-02T06:00Z","47746.5","47746.5","47724","47724.5","765735"
"2021-10-02T06:01Z","47724.5","47724.5","47722","47722.5","551651"
"2021-10-02T06:02Z","47722.5","47722.5","47720","47720.5","497366"
"2021-10-02T06:03Z","47720.5","47730","47720","47730","268227"
"2021-10-02T06:04Z","47730","47734.5","47730","47734.5","239739"
"2021-10-02T06:05Z","47734.5","47734.5","47734","47734.5","70092"
"2021-10-02T06:06Z","47734.5","47734.5","47715","47715","3789613"
"2021-10-02T06:07Z","47715","47715.5","47714.5","47714.5","499244"
"2021-10-02T06:08Z","47714.5","47714.5","47697.5","47698","4424195"
"2021-10-02T06:09Z","47698","47713","47697.5","47713","1462013"
"2021-10-02T06:10Z","47713","47713","47712.5","47712.5","55722"
"2021-10-02T06:11Z","47712.5","47713","47712.5","47712.5","182900"
"2021-10-02T06:12Z","47712.5","47719.5","47712.5","47719","699368"
"2021-10-02T06:13Z","47719","47722","47719","47722","743587"
"2021-10-02T06:14Z","47722","47734.5","47722","47734.5","2444321"
"2021-10-02T06:15Z","47734.5","47740","47734","47736.5","5666945"
"2021-10-02T06:16Z","47736.5","47745.5","47736","47745.5","5621437"
"2021-10-02T06:17Z","47745.5","47745.5","47731.5","47732","830415"
"2021-10-02T06:18Z","47732","47732","47715","47715","1124312"
"2021-10-02T06:19Z","47715","47720","47715","47719.5","692611"
"2021-10-02T06:20Z","47719.5","47720","47719.5","47719.5","668603"
"2021-10-02T06:21Z","47719.5","47720","47719.5","47719.5","57757"
"2021-10-02T06:22Z","47719.5","47736","47719.5","47736","1480461"
"2021-10-02T06:23Z","47736","47760","47736","47760","1232269"
"2021-10-02T06:24Z","47760","47792","47759.5","47787","2561558"
"2021-10-02T06:25Z","47787","47787.5","47787","47787.5","480977"
"2021-10-02T06:26Z","47787.5","47789.5","47774.5","47789.5","555025"
"2021-10-02T06:27Z","47789.5","47789.5","47778.5","47778.5","607904"
"2021-10-02T06:28Z","47778.5","47779","47739.5","47751","525963"
"2021-10-02T06:29Z","47751","47751","47750.5","47750.5","61923"
"2021-10-02T06:30Z","47750.5","47752","47750.5","47752","330129"
"2021-10-02T06:31Z","47752","47765","47735","47735","1268296"
"2021-10-02T06:32Z","47735","47735.5","47735","47735.5","54925"
"2021-10-02T06:33Z","47735.5","47735.5","47735","47735","54017"
"2021-10-02T06:34Z","47735","47754.5","47735","47754.5","90571"
"2021-10-02T06:35Z","47754.5","47785","47754","47784.5","191134"
"2021-10-02T06:36Z","47784.5","47785","47784.5","47784.5","113316"
"2021-10-02T06:37Z","47784.5","47785","47784.5","47785","262735"
"2021-10-02T06:38Z","47785","47823","47784.5","47811.5","2101241"
"2021-10-02T06:39Z","47811.5","47811.5","47784","47784","443712"
"2021-10-02T06:40Z","47784","47784.5","47766","47782","997827"
"2021-10-02T06:41Z","47782","47887","47782","47886.5","3457945"
"2021-10-02T06:42Z","47886.5","47887","47865.5","47884","2014540"
"2021-10-02T06:43Z","47884","47916","47883.5","47915.5","1861865"
"2021-10-02T06:44Z","47915.5","47916","47876.5","47907.5","1455068"
"2021-10-02T06:45Z","47907.5","47913.5","47888.5","47888.5","629160"
"2021-10-02T06:46Z","47888.5","47889","47883.5","47883.5","655610"
"2021-10-02T06:47Z","47883.5","47884","47860","47860","858079"
"2021-10-02T06:48Z","47860","47860.5","47858.5","47858.5","80976"
"2021-10-02T06:49Z","47858.5","47859","47858.5","47859","167602"
"2021-10-02T06:50Z","47859","47859","47844","47844.5","1149488"
"2021-10-02T06:51Z","47844.5","47844.5","47830","47830.5","829192"
"2021-10-02T06:52Z","47830.5","47839","47830","47838.5","1111501"
"2021-10-02T06:53Z","47838.5","47839","47838.5","47838.5","45944"
"2021-10-02T06:54Z","47838.5","47839","47838.5","47839","167490"
"2021-10-02T06:55Z","47839","47839","47830","47830.5","355863"
"2021-10-02T06:56Z","47830.5","47830.5","47822","47822","831888"
"2021-10-02T06:57Z","47822","47847.5","47822","47847.5","939519"
"2021-10-02T06:58Z","47847.5","47847.5","47847","47847.5","52750"
"2021-10-02T06:59Z","47847.5","47847.5","47847","47847.5","56876"
"2021-10-02T07:00Z","47847.5","47847.5","47800","47800.5","1028383"
"2021-10-02T07:01Z","47800.5","47800.5","47792","47792.5","226978"
"2021-10-02T07:02Z","47792.5","47792.5","47780","47780","515596"
"2021-10-02T07:03Z","47780","47780.5","47780","47780.5","171490"
"2021-10-02T07:04Z","47780.5","47808.5","47780","47808.5","965999"
"2021-10-02T07:05Z","47808.5","47808.5","47787","47787","147796"
"2021-10-02T07:06Z","47787","47787.5","47750","47750","1306691"
"2021-10-02T07:07Z","47750","47760","47750","47760","307760"
"2021-10-02T07:08Z","47760","47775","47759.5","47770","536331"
"2021-10-02T07:09Z","47770","47770","47761","47761.5","245033"
"2021-10-02T07:10Z","47761.5","47761.5","47761","47761.5","59754"
"2021-10-02T07:11Z","47761.5","47800","47760","47800","1490596"
"2021-10-02T07:12Z","47800","47808.5","47799.5","47808","344926"
"2021-10-02T07:13Z","47808","47808.5","47808","47808.5","75947"
"2021-10-02T07:14Z","47808.5","47808.5","47808","47808","107492"
"2021-10-02T07:15Z","47808","47808.5","47802.5","47803","334400"
"2021-10-02T07:16Z","47803","47803","47802.5","47803","38933"
"2021-10-02T07:17Z","47803","47803","47800","47800","195141"
"2021-10-02T07:18Z","47800","47800.5","47771","47771","653607"
"2021-10-02T07:19Z","47771","47771.5","47771","47771.5","106872"
"2021-10-02T07:20Z","47771.5","47771.5","47750","47750","363580"
"2021-10-02T07:21Z","47750","47750.5","47738.5","47744","774433"
"2021-10-02T07:22Z","47744","47770.5","47744","47770","538513"
"2021-10-02T07:23Z","47770","47770.5","47770","47770.5","206141"
"2021-10-02T07:24Z","47770.5","47770.5","47748.5","47748.5","2065367"
"2021-10-02T07:25Z","47748.5","47749","47748.5","47749","42061"
"2021-10-02T07:26Z","47749","47749","47748.5","47748.5","409622"
"2021-10-02T07:27Z","47748.5","47754.5","47748.5","47754.5","134816"
"2021-10-02T07:28Z","47754.5","47754.5","47754","47754","206800"
"2021-10-02T07:29Z","47754","47764.5","47754","47764","197005"
"2021-10-02T07:30Z","47764","47790","47764","47788.5","631151"
"2021-10-02T07:31Z","47788.5","47789","47788.5","47789","68587"
"2021-10-02T07:32Z","47789","47789","47757","47757","1170428"
"2021-10-02T07:33Z","47757","47757.5","47755","47755.5","373908"
"2021-10-02T07:34Z","47755.5","47755.5","47755","47755","41853"
"2021-10-02T07:35Z","47755","47755.5","47755","47755","208857"
"2021-10-02T07:36Z","47755","47778.5","47755","47778","547263"
"2021-10-02T07:37Z","47778","47795.5","47778","47795","1273104"
"2021-10-02T07:38Z","47795","47810.5","47795","47810","1814672"
"2021-10-02T07:39Z","47810","47810.5","47810","47810","67356"
"2021-10-02T07:40Z","47810","47811","47810","47810.5","135126"
"2021-10-02T07:41Z","47810.5","47812","47810.5","47811.5","838978"
"2021-10-02T07:42Z","47811.5","47812","47811.5","47811.5","105829"
"2021-10-02T07:43Z","47811.5","47812","47811.5","47811.5","1061014"
"2021-10-02T07:44Z","47811.5","47850","47811.5","47850","2339027"
"2021-10-02T07:45Z","47850","47855","47849.5","47855","721417"
"2021-10-02T07:46Z","47855","47867.5","47852.5","47852.5","508812"
"2021-10-02T07:47Z","47852.5","47860.5","47849","47860.5","298061"
"2021-10-02T07:48Z","47860.5","47860.5","47860","47860","70562"
"2021-10-02T07:49Z","47860","47860.5","47850.5","47850.5","198803"
"2021-10-02T07:50Z","47850.5","47851","47841","47841.5","543717"
"2021-10-02T07:51Z","47841.5","47841.5","47811.5","47812","4625157"
"2021-10-02T07:52Z","47812","47812","47802.5","47802.5","8255935"
"2021-10-02T07:53Z","47802.5","47803","47802.5","47802.5","10999"
"2021-10-02T07:54Z","47802.5","47803","47802.5","47803","9471"
"2021-10-02T07:55Z","47803","47803","47788.5","47789","579104"
"2021-10-02T07:56Z","47789","47789","47781","47781","146300"
"2021-10-02T07:57Z","47781","47781.5","47772.5","47773","169489"
"2021-10-02T07:58Z","47773","47773","47747","47747.5","2527811"
"2021-10-02T07:59Z","47747.5","47747.5","47727","47728.5","1537479"
"2021-10-02T08:00Z","47728.5","47729","47723.5","47724","1816903"
"2021-10-02T08:01Z","47724","47724","47723.5","47724","665173"
"2021-10-02T08:02Z","47724","47724","47720","47720","669753"
"2021-10-02T08:03Z","47720","47720.5","47715.5","47715.5","228945"
"2021-10-02T08:04Z","47715.5","47716","47712","47712","687691"
"2021-10-02T08:05Z","47712","47712.5","47712","47712.5","369411"
"2021-10-02T08:06Z","47712.5","47712.5","47712","47712.5","150698"
"2021-10-02T08:07Z","47712.5","47712.5","47712","47712.5","293168"
"2021-10-02T08:08Z","47712.5","47712.5","47712","47712.5","848257"
"2021-10-02T08:09Z","47712.5","47712.5","47709","47709.5","850327"
"2021-10-02T08:10Z","47709.5","47709.5","47709","47709","184029"
"2021-10-02T08:11Z","47709","47709.5","47709","47709","139670"
"2021-10-02T08:12Z","47709","47709.5","47709","47709","94966"
"2021-10-02T08:13Z","47709","47709.5","47707.5","47708","563674"
"2021-10-02T08:14Z","47708","47708","47707.5","47708","62314"
"2021-10-02T08:15Z","47708","47708","47707.5","47708","1140297"
"2021-10-02T08:16Z","47708","47708","47707.5","47708","578098"
"2021-10-02T08:17Z","47708","47712","47707.5","47711.5","607121"
"2021-10-02T08:18Z","47711.5","47712","47711","47711.5","143830"
"2021-10-02T08:19Z","47711.5","47711.5","47639.5","47649.5","7074050"
"2021-10-02T08:20Z","47649.5","47650","47607.5","47607.5","2218442"
"2021-10-02T08:21Z","47607.5","47617","47607.5","47616.5","620076"
"2021-10-02T08:22Z","47616.5","47617","47607.5","47608","597508"
"2021-10-02T08:23Z","47608","47608","47607.5","47607.5","327596"
"2021-10-02T08:24Z","47607.5","47608","47559","47559.5","2098747"
"2021-10-02T08:25Z","47559.5","47560","47544","47547.5","2247257"
"2021-10-02T08:26Z","47547.5","47590","47547.5","47586.5","1976585"
"2021-10-02T08:27Z","47586.5","47610.5","47586","47610","1082754"
"2021-10-02T08:28Z","47610","47610","47573","47573.5","1026800"
"2021-10-02T08:29Z","47573.5","47573.5","47573","47573.5","477698"
"2021-10-02T08:30Z","47573.5","47573.5","47534","47534","2297134"
"2021-10-02T08:31Z","47534","47540","47534","47539.5","421625"
"2021-10-02T08:32Z","47539.5","47557.5","47539.5","47557","349639"
"2021-10-02T08:33Z","47557","47564","47557","47564","423041"
"2021-10-02T08:34Z","47564","47564","47541","47541","288122"
"2021-10-02T08:35Z","47541","47541.5","47541","47541","217166"
"2021-10-02T08:36Z","47541","47558","47541","47558","569941"
"2021-10-02T08:37Z","47558","47564.5","47557","47557.5","395429"
"2021-10-02T08:38Z","47557.5","47560","47549.5","47559.5","362639"
"2021-10-02T08:39Z","47559.5","47568.5","47559.5","47568.5","724795"
"2021-10-02T08:40Z","47568.5","47596.5","47568","47596.5","575048"
"2021-10-02T08:41Z","47596.5","47629","47596","47600.5","1957373"
"2021-10-02T08:42Z","47600.5","47600.5","47594.5","47594.5","202049"
"2021-10-02T08:43Z","47594.5","47597","47594.5","47597","327174"
"2021-10-02T08:44Z","47597","47615.5","47596.5","47615","1356215"
"2021-10-02T08:45Z","47615","47629","47615","47628.5","958845"
"2021-10-02T08:46Z","47628.5","47629","47615","47615.5","360900"
"2021-10-02T08:47Z","47615.5","47615.5","47615","47615.5","113795"
"2021-10-02T08:48Z","47615.5","47615.5","47615","47615","44876"
"2021-10-02T08:49Z","47615","47615.5","47615","47615.5","88969"
"2021-10-02T08:50Z","47615.5","47615.5","47615","47615.5","206981"
"2021-10-02T08:51Z","47615.5","47615.5","47585","47585","2174093"
"2021-10-02T08:52Z","47585","47585.5","47585","47585.5","667891"
"2021-10-02T08:53Z","47585.5","47585.5","47575","47575","242969"
"2021-10-02T08:54Z","47575","47575.5","47550","47575","1067714"
"2021-10-02T08:55Z","47575","47602","47574.5","47601.5","347975"
"2021-10-02T08:56Z","47601.5","47625","47601.5","47625","584111"
"2021-10-02T08:57Z","47625","47660","47624.5","47659.5","2822739"
"2021-10-02T08:58Z","47659.5","47700","47659.5","47700","2585375"
"2021-10-02T08:59Z","47700","47749","47699.5","47710.5","4265068"
"2021-10-02T09:00Z","47710.5","47744.5","47710.5","47744.5","1681760"
"2021-10-02T09:01Z","47744.5","47744.5","47744","47744.5","532257"
"2021-10-02T09:02Z","47744.5","47744.5","47744","47744.5","1068599"
"2021-10-02T09:03Z","47744.5","47748.5","47744","47748.5","1883014"
"2021-10-02T09:04Z","47748.5","47748.5","47748","47748","282254"
"2021-10-02T09:05Z","47748","47748.5","47748","47748","128361"
"2021-10-02T09:06Z","47748","47790","47748","47790","2667543"
"2021-10-02T09:07Z","47790","47790","47755.5","47756","1407605"
"2021-10-02T09:08Z","47756","47756","47755.5","47755.5","357618"
"2021-10-02T09:09Z","47755.5","47756","47755.5","47755.5","79855"
"2021-10-02T09:10Z","47755.5","47769","47755.5","47769","375502"
"2021-10-02T09:11Z","47769","47791.5","47768.5","47791.5","475352"
"2021-10-02T09:12Z","47791.5","47794","47786","47786","549181"
"2021-10-02T09:13Z","47786","47786.5","47781.5","47782","552869"
"2021-10-02T09:14Z","47782","47782","47781.5","47782","155749"
"2021-10-02T09:15Z","47782","47782","47755.5","47756","491949"
"2021-10-02T09:16Z","47756","47756","47755.5","47756","113441"
"2021-10-02T09:17Z","47756","47756","47755.5","47755.5","178395"
"2021-10-02T09:18Z","47755.5","47756","47755.5","47756","119151"
"2021-10-02T09:19Z","47756","47756","47755.5","47756","12798"
"2021-10-02T09:20Z","47756","47756","47755.5","47755.5","35787"
"2021-10-02T09:21Z","47755.5","47756","47755.5","47756","94997"
"2021-10-02T09:22Z","47756","47760.5","47755.5","47760","164154"
"2021-10-02T09:23Z","47760","47760.5","47760","47760.5","834570"
"2021-10-02T09:24Z","47760.5","47779","47760","47779","259874"
"2021-10-02T09:25Z","47779","47796","47778.5","47795.5","536743"
"2021-10-02T09:26Z","47795.5","47815","47795.5","47815","865104"
"2021-10-02T09:27Z","47815","47847","47814.5","47847","1045234"
"2021-10-02T09:28Z","47847","47847","47846.5","47847","477069"
"2021-10-02T09:29Z","47847","47851","47846.5","47851","739605"
"2021-10-02T09:30Z","47851","47882.5","47850.5","47882","4688616"
"2021-10-02T09:31Z","47882","47882.5","47858","47858","913936"
"2021-10-02T09:32Z","47858","47858.5","47815","47816","1241914"
"2021-10-02T09:33Z","47816","47829.5","47816","47829.5","284078"
"2021-10-02T09:34Z","47829.5","47829.5","47829","47829","283414"
"2021-10-02T09:35Z","47829","47829.5","47800","47800","940627"
"2021-10-02T09:36Z","47800","47802","47800","47802","147982"
"2021-10-02T09:37Z","47802","47802","47801.5","47802","83634"
"2021-10-02T09:38Z","47802","47802","47787.5","47787.5","298974"
"2021-10-02T09:39Z","47787.5","47788","47787.5","47788","61736"
"2021-10-02T09:40Z","47788","47788","47770","47770","5360773"
"2021-10-02T09:41Z","47770","47770.5","47770","47770.5","399585"
"2021-10-02T09:42Z","47770.5","47770.5","47770","47770","778661"
"2021-10-02T09:43Z","47770","47770.5","47760.5","47761","1342170"
"2021-10-02T09:44Z","47761","47761","47755.5","47755.5","1611698"
"2021-10-02T09:45Z","47755.5","47756","47750","47750.5","397220"
"2021-10-02T09:46Z","47750.5","47750.5","47693.5","47700","3067955"
"2021-10-02T09:47Z","47700","47711","47690","47690","953891"
"2021-10-02T09:48Z","47690","47709","47690","47709","212650"
"2021-10-02T09:49Z","47709","47709","47708.5","47708.5","216349"
"2021-10-02T09:50Z","47708.5","47709","47708.5","47708.5","34453"
"2021-10-02T09:51Z","47708.5","47709","47708.5","47709","87233"
"2021-10-02T09:52Z","47709","47709","47689","47689","875796"
"2021-10-02T09:53Z","47689","47689.5","47689","47689","788901"
"2021-10-02T09:54Z","47689","47692.5","47689","47692","226301"
"2021-10-02T09:55Z","47692","47692.5","47692","47692.5","144341"
"2021-10-02T09:56Z","47692.5","47692.5","47692","47692","86358"
"2021-10-02T09:57Z","47692","47692.5","47692","47692","15160"
"2021-10-02T09:58Z","47692","47692.5","47692","47692.5","137613"
"2021-10-02T09:59Z","47692.5","47710","47692","47709.5","587948"
"2021-10-02T10:00Z","47709.5","47710","47707","47707","572677"
"2021-10-02T10:01Z","47707","47707.5","47705","47705.5","119120"
"2021-10-02T10:02Z","47705.5","47705.5","47689","47689","962099"
"2021-10-02T10:03Z","47689","47689","47684","47684.5","1547181"
"2021-10-02T10:04Z","47684.5","47684.5","47678","47678","1066327"
"2021-10-02T10:05Z","47678","47678.5","47670","47670","2083011"
"2021-10-02T10:06Z","47670","47670.5","47670","47670","160283"
"2021-10-02T10:07Z","47670","47670.5","47670","47670.5","141214"
"2021-10-02T10:08Z","47670.5","47670.5","47653.5","47654","764412"
"2021-10-02T10:09Z","47654","47654","47653.5","47653.5","107822"
"2021-10-02T10:10Z","47653.5","47666","47653.5","47666","563105"
"2021-10-02T10:11Z","47666","47666","47665.5","47666","126154"
"2021-10-02T10:12Z","47666","47666","47665.5","47666","153962"
"2021-10-02T10:13Z","47666","47666","47665.5","47666","180544"
"2021-10-02T10:14Z","47666","47666","47665.5","47665.5","282159"
"2021-10-02T10:15Z","47665.5","47666","47665.5","47665.5","343395"
"2021-10-02T10:16Z","47665.5","47666","47665.5","47666","56999"
"2021-10-02T10:17Z","47666","47684.5","47665.5","47684","665515"
"2021-10-02T10:18Z","47684","47729.5","47684","47729.5","1620835"
"2021-10-02T10:19Z","47729.5","47732","47729.5","47731.5","1651032"
"2021-10-02T10:20Z","47731.5","47735","47731.5","47734.5","461651"
"2021-10-02T10:21Z","47734.5","47743.5","47734.5","47743","1019105"
"2021-10-02T10:22Z","47743","47743.5","47743","47743","215519"
"2021-10-02T10:23Z","47743","47743.5","47733.5","47734","396095"
"2021-10-02T10:24Z","47734","47745","47731.5","47744.5","357877"
"2021-10-02T10:25Z","47744.5","47745","47734.5","47735","560969"
"2021-10-02T10:26Z","47735","47735","47726","47726","273988"
"2021-10-02T10:27Z","47726","47726.5","47689","47697.5","436521"
"2021-10-02T10:28Z","47697.5","47698","47696","47696.5","274758"
"2021-10-02T10:29Z","47696.5","47696.5","47696","47696","231179"
"2021-10-02T10:30Z","47696","47696.5","47622.5","47622.5","2020662"
"2021-10-02T10:31Z","47622.5","47631.5","47591.5","47591.5","992836"
"2021-10-02T10:32Z","47591.5","47591.5","47550","47557","2922020"
"2021-10-02T10:33Z","47557","47576","47556.5","47575.5","1087014"
"2021-10-02T10:34Z","47575.5","47594.5","47575.5","47594.5","438297"
"2021-10-02T10:35Z","47594.5","47594.5","47594","47594.5","132899"
"2021-10-02T10:36Z","47594.5","47594.5","47594","47594.5","113457"
"2021-10-02T10:37Z","47594.5","47609","47594","47609","338813"
"2021-10-02T10:38Z","47609","47610","47608.5","47610","221255"
"2021-10-02T10:39Z","47610","47627.5","47610","47627.5","1186381"
"2021-10-02T10:40Z","47627.5","47648","47627","47648","982157"
"2021-10-02T10:41Z","47648","47648","47647.5","47647.5","183492"
"2021-10-02T10:42Z","47647.5","47657","47647.5","47657","343106"
"2021-10-02T10:43Z","47657","47657","47656.5","47657","76589"
"2021-10-02T10:44Z","47657","47657","47656.5","47656.5","42249"
"2021-10-02T10:45Z","47656.5","47657","47647.5","47647.5","573210"
"2021-10-02T10:46Z","47647.5","47648","47636.5","47648","696063"
"2021-10-02T10:47Z","47648","47664.5","47647.5","47664.5","271568"
"2021-10-02T10:48Z","47664.5","47664.5","47664","47664.5","929741"
"2021-10-02T10:49Z","47664.5","47664.5","47659.5","47659.5","182358"
"2021-10-02T10:50Z","47659.5","47659.5","47659","47659.5","56664"
"2021-10-02T10:51Z","47659.5","47667.5","47600","47600","543317"
"2021-10-02T10:52Z","47600","47600.5","47600","47600.5","203644"
"2021-10-02T10:53Z","47600.5","47600.5","47556","47565.5","1430483"
"2021-10-02T10:54Z","47565.5","47577","47565.5","47576.5","1249072"
"2021-10-02T10:55Z","47576.5","47590","47576.5","47590","866670"
"2021-10-02T10:56Z","47590","47590","47589.5","47590","225783"
"2021-10-02T10:57Z","47590","47590","47589.5","47590","73690"
"2021-10-02T10:58Z","47590","47615.5","47589.5","47615","1129176"
"2021-10-02T10:59Z","47615","47615.5","47615","47615.5","93996"
"2021-10-02T11:00Z","47615.5","47620","47615","47619.5","66011"
"2021-10-02T11:01Z","47619.5","47620","47590","47590.5","7568722"
"2021-10-02T11:02Z","47590.5","47590.5","47584.5","47584.5","1388060"
"2021-10-02T11:03Z","47584.5","47585","47581.5","47582","546201"
"2021-10-02T11:04Z","47582","47582","47575","47575","1086642"
"2021-10-02T11:05Z","47575","47575.5","47513","47514.5","3115119"
"2021-10-02T11:06Z","47514.5","47515","47514","47514.5","382454"
"2021-10-02T11:07Z","47514.5","47515","47514.5","47515","605809"
"2021-10-02T11:08Z","47515","47548.5","47514.5","47548.5","2192100"
"2021-10-02T11:09Z","47548.5","47548.5","47548","47548.5","101388"
"2021-10-02T11:10Z","47548.5","47548.5","47538.5","47538.5","229502"
"2021-10-02T11:11Z","47538.5","47539","47538.5","47538.5","148240"
"2021-10-02T11:12Z","47538.5","47539","47538.5","47538.5","196742"
"2021-10-02T11:13Z","47538.5","47539","47531.5","47531.5","454609"
"2021-10-02T11:14Z","47531.5","47532","47520","47520.5","338996"
"2021-10-02T11:15Z","47520.5","47529.5","47520.5","47529.5","885666"
"2021-10-02T11:16Z","47529.5","47558.5","47529.5","47558.5","952572"
"2021-10-02T11:17Z","47558.5","47568","47557","47557","539003"
"2021-10-02T11:18Z","47557","47557.5","47552","47552.5","914826"
"2021-10-02T11:19Z","47552.5","47552.5","47551","47551.5","197065"
"2021-10-02T11:20Z","47551.5","47551.5","47550","47550.5","406958"
"2021-10-02T11:21Z","47550.5","47568","47550","47567.5","218513"
"2021-10-02T11:22Z","47567.5","47576.5","47567.5","47576","544363"
"2021-10-02T11:23Z","47576","47610","47576","47609.5","1191511"
"2021-10-02T11:24Z","47609.5","47610","47587","47587","338062"
"2021-10-02T11:25Z","47587","47596","47587","47596","269116"
"2021-10-02T11:26Z","47596","47596","47595.5","47596","68745"
"2021-10-02T11:27Z","47596","47596","47581.5","47581.5","225432"
"2021-10-02T11:28Z","47581.5","47582","47567.5","47568","381539"
"2021-10-02T11:29Z","47568","47568","47567.5","47568","425664"
"2021-10-02T11:30Z","47568","47568","47535.5","47549.5","794312"
"2021-10-02T11:31Z","47549.5","47601.5","47549.5","47601.5","4063349"
"2021-10-02T11:32Z","47601.5","47615.5","47601","47615.5","578530"
"2021-10-02T11:33Z","47615.5","47633.5","47615","47633.5","931279"
"2021-10-02T11:34Z","47633.5","47635.5","47633","47635.5","237216"
"2021-10-02T11:35Z","47635.5","47636.5","47635","47636.5","232451"
"2021-10-02T11:36Z","47636.5","47638.5","47636.5","47638.5","528706"
"2021-10-02T11:37Z","47638.5","47641","47638","47640.5","845558"
"2021-10-02T11:38Z","47640.5","47648","47640.5","47647.5","1404257"
"2021-10-02T11:39Z","47647.5","47647.5","47642.5","47643","526091"
"2021-10-02T11:40Z","47643","47643","47642.5","47642.5","370242"
"2021-10-02T11:41Z","47642.5","47643","47642.5","47642.5","356047"
"2021-10-02T11:42Z","47642.5","47643","47642.5","47642.5","98927"
"2021-10-02T11:43Z","47642.5","47649.5","47642.5","47649.5","228725"
"2021-10-02T11:44Z","47649.5","47651.5","47649","47651.5","953204"
"2021-10-02T11:45Z","47651.5","47700","47651","47699.5","2207864"
"2021-10-02T11:46Z","47699.5","47700","47699.5","47700","537259"
"2021-10-02T11:47Z","47700","47700","47657.5","47657.5","949676"
"2021-10-02T11:48Z","47657.5","47658","47657.5","47658","95013"
"2021-10-02T11:49Z","47658","47658","47657.5","47658","166881"
"2021-10-02T11:50Z","47658","47658","47638","47638","514684"
"2021-10-02T11:51Z","47638","47638.5","47638","47638","209912"
"2021-10-02T11:52Z","47638","47697","47638","47697","778637"
