"2020-09-13T12:27Z","10339","10339","10338.5","10338.5","87906"
"2020-09-13T12:28Z","10338.5","10339","10338.5","10339","161917"
"2020-09-13T12:29Z","10339","10339","10338.5","10338.5","77453"
"2020-09-13T12:30Z","10338.5","10339","10335","10335","343352"
"2020-09-13T12:31Z","10335","10335.5","10333.5","10334","411430"
"2020-09-13T12:32Z","10334","10334","10330","10330","195246"
"2020-09-13T12:33Z","10330","10330.5","10330","10330","116090"
"2020-09-13T12:34Z","10330","10330.5","10327","10327","929407"
"2020-09-13T12:35Z","10327","10327.5","10327","10327.5","268725"
"2020-09-13T12:36Z","10327.5","10327.5","10327","10327.5","96561"
"2020-09-13T12:37Z","10327.5","10327.5","10308.5","10308.5","1502629"
"2020-09-13T12:38Z","10308.5","10315.5","10308.5","10315.5","596949"
"2020-09-13T12:39Z","10315.5","10315.5","10309","10309.5","279250"
"2020-09-13T12:40Z","10309.5","10312","10308","10312","826806"
"2020-09-13T12:41Z","10312","10313","10312","10312.5","210410"
"2020-09-13T12:42Z","10312.5","10325.5","10312.5","10325","962345"
"2020-09-13T12:43Z","10325","10333","10325","10332.5","1096486"
"2020-09-13T12:44Z","10332.5","10332.5","10332","10332.5","73865"
"2020-09-13T12:45Z","10332.5","10333","10332","10333","149469"
"2020-09-13T12:46Z","10333","10333","10332.5","10333","55572"
"2020-09-13T12:47Z","10333","10334","10332.5","10334","64995"
"2020-09-13T12:48Z","10334","10334.5","10334","10334.5","138373"
"2020-09-13T12:49Z","10334.5","10334.5","10325.5","10327","269438"
"2020-09-13T12:50Z","10327","10327.5","10324","10324","317777"
"2020-09-13T12:51Z","10324","10324.5","10324","10324","100525"
"2020-09-13T12:52Z","10324","10324.5","10318","10318.5","237075"
"2020-09-13T12:53Z","10318.5","10318.5","10310","10310","605837"
"2020-09-13T12:54Z","10310","10315.5","10305","10315","987680"
"2020-09-13T12:55Z","10315","10318","10311","10311.5","322025"
"2020-09-13T12:56Z","10311.5","10311.5","10296.5","10298","2162591"
"2020-09-13T12:57Z","10298","10303","10296","10296","1490609"
"2020-09-13T12:58Z","10296","10298.5","10296","10298.5","408177"
"2020-09-13T12:59Z","10298.5","10299","10282.5","10282.5","1647509"
"2020-09-13T13:00Z","10282.5","10285","10257","10282","11219251"
"2020-09-13T13:01Z","10282","10282.5","10260","10271.5","2248220"
"2020-09-13T13:02Z","10271.5","10278","10268.5","10278","1646430"
"2020-09-13T13:03Z","10278","10299.5","10277.5","10299.5","1642902"
"2020-09-13T13:04Z","10299.5","10299.5","10292.5","10293","799923"
"2020-09-13T13:05Z","10293","10300","10292.5","10300","565842"
"2020-09-13T13:06Z","10300","10300","10296","10296.5","623206"
"2020-09-13T13:07Z","10296.5","10297","10296.5","10297","217588"
"2020-09-13T13:08Z","10297","10303.5","10296.5","10303.5","639884"
"2020-09-13T13:09Z","10303.5","10307.5","10303","10307.5","377484"
"2020-09-13T13:10Z","10307.5","10307.5","10301","10301.5","453338"
"2020-09-13T13:11Z","10301.5","10304.5","10301","10304.5","334049"
"2020-09-13T13:12Z","10304.5","10304.5","10302","10302.5","294008"
"2020-09-13T13:13Z","10302.5","10305.5","10302","10305.5","264066"
"2020-09-13T13:14Z","10305.5","10317","10305.5","10316.5","929819"
"2020-09-13T13:15Z","10316.5","10318.5","10316.5","10318","739971"
"2020-09-13T13:16Z","10318","10320","10318","10319","2094289"
"2020-09-13T13:17Z","10319","10319.5","10317","10317.5","1437363"
"2020-09-13T13:18Z","10317.5","10317.5","10317","10317.5","121386"
"2020-09-13T13:19Z","10317.5","10317.5","10317","10317","305874"
"2020-09-13T13:20Z","10317","10317.5","10317","10317","50172"
"2020-09-13T13:21Z","10317","10318","10317","10317.5","199611"
"2020-09-13T13:22Z","10317.5","10319.5","10317.5","10319","710334"
"2020-09-13T13:23Z","10319","10327","10319","10327","720370"
"2020-09-13T13:24Z","10327","10332","10326.5","10331.5","647159"
"2020-09-13T13:25Z","10331.5","10333.5","10330.5","10331","1015043"
"2020-09-13T13:26Z","10331","10331","10328","10328.5","746363"
"2020-09-13T13:27Z","10328.5","10336","10328","10336","340667"
"2020-09-13T13:28Z","10336","10336","10328","10328","243637"
"2020-09-13T13:29Z","10328","10333","10327.5","10333","199080"
"2020-09-13T13:30Z","10333","10333","10322","10322","1338804"
"2020-09-13T13:31Z","10322","10330","10322","10330","359192"
"2020-09-13T13:32Z","10330","10330","10329.5","10329.5","604709"
"2020-09-13T13:33Z","10329.5","10330","10329.5","10330","273349"
"2020-09-13T13:34Z","10330","10330","10329.5","10329.5","154499"
"2020-09-13T13:35Z","10329.5","10330","10329.5","10329.5","131151"
"2020-09-13T13:36Z","10329.5","10330","10329.5","10330","377559"
"2020-09-13T13:37Z","10330","10330","10329.5","10330","118896"
"2020-09-13T13:38Z","10330","10330","10329.5","10330","320296"
"2020-09-13T13:39Z","10330","10330","10329.5","10330","22503"
"2020-09-13T13:40Z","10330","10330","10309.5","10314.5","1652554"
"2020-09-13T13:41Z","10314.5","10314.5","10304","10308.5","2142007"
"2020-09-13T13:42Z","10308.5","10308.5","10308","10308","403430"
"2020-09-13T13:43Z","10308","10323.5","10308","10323","793787"
"2020-09-13T13:44Z","10323","10325.5","10323","10325.5","357437"
"2020-09-13T13:45Z","10325.5","10325.5","10325","10325.5","64293"
"2020-09-13T13:46Z","10325.5","10325.5","10313.5","10314","208870"
"2020-09-13T13:47Z","10314","10316.5","10312.5","10315.5","161357"
"2020-09-13T13:48Z","10315.5","10316","10314","10314","116014"
"2020-09-13T13:49Z","10314","10314.5","10312","10312","897041"
"2020-09-13T13:50Z","10312","10312.5","10311.5","10312","32229"
"2020-09-13T13:51Z","10312","10316.5","10311","10316.5","98054"
"2020-09-13T13:52Z","10316.5","10316.5","10315","10315","220281"
"2020-09-13T13:53Z","10315","10315","10314.5","10314.5","21059"
"2020-09-13T13:54Z","10314.5","10315","10314.5","10315","11336"
"2020-09-13T13:55Z","10315","10325","10314.5","10325","233548"
"2020-09-13T13:56Z","10325","10325","10324.5","10325","322590"
"2020-09-13T13:57Z","10325","10325","10324.5","10325","374336"
"2020-09-13T13:58Z","10325","10325","10324.5","10324.5","19345"
"2020-09-13T13:59Z","10324.5","10325","10323.5","10323.5","326153"
"2020-09-13T14:00Z","10323.5","10323.5","10311","10311","1310053"
"2020-09-13T14:01Z","10311","10311.5","10311","10311.5","83492"
"2020-09-13T14:02Z","10311.5","10311.5","10311","10311.5","39487"
"2020-09-13T14:03Z","10311.5","10311.5","10310","10310","524032"
"2020-09-13T14:04Z","10310","10310.5","10310","10310","42409"
"2020-09-13T14:05Z","10310","10310.5","10305.5","10305.5","380346"
"2020-09-13T14:06Z","10305.5","10310.5","10305.5","10310.5","209532"
"2020-09-13T14:07Z","10310.5","10313.5","10310","10313.5","319425"
"2020-09-13T14:08Z","10313.5","10313.5","10313","10313","62320"
"2020-09-13T14:09Z","10313","10313.5","10313","10313.5","40670"
"2020-09-13T14:10Z","10313.5","10313.5","10311.5","10311.5","114394"
"2020-09-13T14:11Z","10311.5","10313.5","10311","10313.5","202948"
"2020-09-13T14:12Z","10313.5","10314.5","10313","10314.5","477493"
"2020-09-13T14:13Z","10314.5","10314.5","10311","10311.5","74820"
"2020-09-13T14:14Z","10311.5","10311.5","10311","10311.5","9805"
"2020-09-13T14:15Z","10311.5","10311.5","10310","10310","96103"
"2020-09-13T14:16Z","10310","10316","10310","10315.5","219013"
"2020-09-13T14:17Z","10315.5","10316.5","10315.5","10316","179777"
"2020-09-13T14:18Z","10316","10318","10316","10317.5","169692"
"2020-09-13T14:19Z","10317.5","10318","10317.5","10318","62997"
"2020-09-13T14:20Z","10318","10318","10317.5","10318","106187"
"2020-09-13T14:21Z","10318","10318.5","10318","10318","140532"
"2020-09-13T14:22Z","10318","10318.5","10318","10318.5","93743"
"2020-09-13T14:23Z","10318.5","10318.5","10317","10317","46557"
"2020-09-13T14:24Z","10317","10317.5","10313.5","10313.5","26037"
"2020-09-13T14:25Z","10313.5","10314","10313.5","10314","146259"
"2020-09-13T14:26Z","10314","10314","10306","10311.5","252499"
"2020-09-13T14:27Z","10311.5","10311.5","10311","10311","36164"
"2020-09-13T14:28Z","10311","10311.5","10311","10311","36490"
"2020-09-13T14:29Z","10311","10311.5","10311","10311.5","66852"
"2020-09-13T14:30Z","10311.5","10311.5","10305.5","10308","301449"
"2020-09-13T14:31Z","10308","10308","10307.5","10308","95703"
"2020-09-13T14:32Z","10308","10308","10307.5","10308","14100"
"2020-09-13T14:33Z","10308","10308","10307.5","10307.5","71098"
"2020-09-13T14:34Z","10307.5","10308.5","10307.5","10308.5","145541"
"2020-09-13T14:35Z","10308.5","10316.5","10308.5","10316.5","601668"
"2020-09-13T14:36Z","10316.5","10316.5","10316","10316.5","51694"
"2020-09-13T14:37Z","10316.5","10316.5","10316","10316.5","226047"
"2020-09-13T14:38Z","10316.5","10316.5","10314","10314.5","102567"
"2020-09-13T14:39Z","10314.5","10314.5","10310","10310","59213"
"2020-09-13T14:40Z","10310","10310.5","10308","10308","142667"
"2020-09-13T14:41Z","10308","10308.5","10308","10308","5508"
"2020-09-13T14:42Z","10308","10308.5","10308","10308.5","77080"
"2020-09-13T14:43Z","10308.5","10311","10308.5","10310.5","51966"
"2020-09-13T14:44Z","10310.5","10311.5","10310.5","10311","110321"
"2020-09-13T14:45Z","10311","10318.5","10311","10318.5","337579"
"2020-09-13T14:46Z","10318.5","10329","10318.5","10329","225746"
"2020-09-13T14:47Z","10329","10332","10325.5","10331.5","491981"
"2020-09-13T14:48Z","10331.5","10332","10325.5","10326","540937"
"2020-09-13T14:49Z","10326","10326","10324","10324.5","112041"
"2020-09-13T14:50Z","10324.5","10325.5","10324","10325.5","17423"
"2020-09-13T14:51Z","10325.5","10325.5","10325","10325.5","45638"
"2020-09-13T14:52Z","10325.5","10326","10325","10326","72592"
"2020-09-13T14:53Z","10326","10326","10322","10322.5","43699"
"2020-09-13T14:54Z","10322.5","10322.5","10322","10322.5","25804"
"2020-09-13T14:55Z","10322.5","10322.5","10322","10322.5","7695"
"2020-09-13T14:56Z","10322.5","10323.5","10322","10323.5","136861"
"2020-09-13T14:57Z","10323.5","10327","10323.5","10325","108096"
"2020-09-13T14:58Z","10325","10325.5","10325","10325","18440"
"2020-09-13T14:59Z","10325","10325.5","10322","10322.5","59452"
"2020-09-13T15:00Z","10322.5","10322.5","10320","10320.5","193795"
"2020-09-13T15:01Z","10320.5","10320.5","10312","10312","349800"
"2020-09-13T15:02Z","10312","10312.5","10312","10312.5","41194"
"2020-09-13T15:03Z","10312.5","10312.5","10311.5","10312","32930"
"2020-09-13T15:04Z","10312","10312","10306.5","10306.5","140895"
"2020-09-13T15:05Z","10306.5","10307","10305.5","10306","179872"
"2020-09-13T15:06Z","10306","10306","10305.5","10305.5","321755"
"2020-09-13T15:07Z","10305.5","10308.5","10305.5","10308","412195"
"2020-09-13T15:08Z","10308","10312.5","10308","10312.5","481918"
"2020-09-13T15:09Z","10312.5","10312.5","10308","10308.5","349723"
"2020-09-13T15:10Z","10308.5","10308.5","10308","10308.5","62056"
"2020-09-13T15:11Z","10308.5","10310","10308","10309.5","277864"
"2020-09-13T15:12Z","10309.5","10313","10309.5","10312.5","400373"
"2020-09-13T15:13Z","10312.5","10313","10306.5","10306.5","104544"
"2020-09-13T15:14Z","10306.5","10309.5","10306.5","10309.5","19564"
"2020-09-13T15:15Z","10309.5","10312.5","10309.5","10312.5","111699"
"2020-09-13T15:16Z","10312.5","10314.5","10312","10314.5","419725"
"2020-09-13T15:17Z","10314.5","10315","10314.5","10315","238634"
"2020-09-13T15:18Z","10315","10315","10314.5","10315","2100"
"2020-09-13T15:19Z","10315","10319.5","10314.5","10319","636774"
"2020-09-13T15:20Z","10319","10321","10319","10321","259936"
"2020-09-13T15:21Z","10321","10326","10320.5","10325.5","216439"
"2020-09-13T15:22Z","10325.5","10330","10325.5","10329.5","68971"
"2020-09-13T15:23Z","10329.5","10330","10329.5","10329.5","47321"
"2020-09-13T15:24Z","10329.5","10330","10329.5","10330","6578"
"2020-09-13T15:25Z","10330","10330","10329.5","10329.5","586703"
"2020-09-13T15:26Z","10329.5","10330","10329.5","10330","105494"
"2020-09-13T15:27Z","10330","10330","10320","10324","532842"
"2020-09-13T15:28Z","10324","10324","10323.5","10324","15912"
"2020-09-13T15:29Z","10324","10324","10323.5","10324","88510"
"2020-09-13T15:30Z","10324","10324","10323","10323.5","114998"
"2020-09-13T15:31Z","10323.5","10323.5","10322.5","10322.5","112468"
"2020-09-13T15:32Z","10322.5","10322.5","10319","10319","127197"
"2020-09-13T15:33Z","10319","10320","10319","10319.5","460828"
"2020-09-13T15:34Z","10319.5","10320.5","10319.5","10320","7912"
"2020-09-13T15:35Z","10320","10320.5","10320","10320.5","60615"
"2020-09-13T15:36Z","10320.5","10320.5","10316.5","10317","88400"
"2020-09-13T15:37Z","10317","10317","10316.5","10317","21749"
"2020-09-13T15:38Z","10317","10317","10315.5","10316","76192"
"2020-09-13T15:39Z","10316","10316.5","10315.5","10316.5","495503"
"2020-09-13T15:40Z","10316.5","10316.5","10315","10315.5","65568"
"2020-09-13T15:41Z","10315.5","10315.5","10308","10308","283904"
"2020-09-13T15:42Z","10308","10308.5","10308","10308.5","68911"
"2020-09-13T15:43Z","10308.5","10308.5","10308","10308","79525"
"2020-09-13T15:44Z","10308","10308.5","10307.5","10308","127110"
"2020-09-13T15:45Z","10308","10308","10291","10303","1503876"
"2020-09-13T15:46Z","10303","10303","10289","10289.5","531868"
"2020-09-13T15:47Z","10289.5","10293.5","10289","10293","256255"
"2020-09-13T15:48Z","10293","10295.5","10291","10291","295289"
"2020-09-13T15:49Z","10291","10292","10289","10292","383805"
"2020-09-13T15:50Z","10292","10292.5","10292","10292.5","54778"
"2020-09-13T15:51Z","10292.5","10292.5","10288.5","10291","1167201"
"2020-09-13T15:52Z","10291","10291.5","10291","10291","233344"
"2020-09-13T15:53Z","10291","10291.5","10291","10291.5","83626"
"2020-09-13T15:54Z","10291.5","10291.5","10283","10287","419590"
"2020-09-13T15:55Z","10287","10288","10274","10288","1794779"
"2020-09-13T15:56Z","10288","10288","10278.5","10283.5","374312"
"2020-09-13T15:57Z","10283.5","10285.5","10283","10285","412436"
"2020-09-13T15:58Z","10285","10285.5","10281.5","10282","918243"
"2020-09-13T15:59Z","10282","10282","10281.5","10282","76622"
"2020-09-13T16:00Z","10282","10288.5","10266","10288","2084783"
"2020-09-13T16:01Z","10288","10290","10272","10272.5","621824"
"2020-09-13T16:02Z","10272.5","10277.5","10270","10277","573136"
"2020-09-13T16:03Z","10277","10280","10277","10279.5","368908"
"2020-09-13T16:04Z","10279.5","10282","10279.5","10282","145059"
"2020-09-13T16:05Z","10282","10282","10272","10272.5","422413"
"2020-09-13T16:06Z","10272.5","10272.5","10264","10264","223855"
"2020-09-13T16:07Z","10264","10276","10264","10274","1118239"
"2020-09-13T16:08Z","10274","10275","10267","10268","459836"
"2020-09-13T16:09Z","10268","10272.5","10268","10272","70393"
"2020-09-13T16:10Z","10272","10274","10269","10269.5","309076"
"2020-09-13T16:11Z","10269.5","10269.5","10233","10233","6827301"
"2020-09-13T16:12Z","10233","10253","10222.5","10249","4072953"
"2020-09-13T16:13Z","10249","10254","10241.5","10241.5","1021491"
"2020-09-13T16:14Z","10241.5","10248.5","10241.5","10248","1113317"
"2020-09-13T16:15Z","10248","10248","10242.5","10246.5","961314"
"2020-09-13T16:16Z","10246.5","10246.5","10242.5","10243","545112"
"2020-09-13T16:17Z","10243","10255.5","10242.5","10255.5","1763881"
"2020-09-13T16:18Z","10255.5","10260.5","10255.5","10260","393845"
"2020-09-13T16:19Z","10260","10266","10259.5","10266","573419"
"2020-09-13T16:20Z","10266","10266","10254.5","10254.5","420880"
"2020-09-13T16:21Z","10254.5","10255.5","10254.5","10255","201892"
"2020-09-13T16:22Z","10255","10255.5","10255","10255.5","374529"
"2020-09-13T16:23Z","10255.5","10255.5","10250.5","10251","65331"
"2020-09-13T16:24Z","10251","10251.5","10247.5","10249.5","296378"
"2020-09-13T16:25Z","10249.5","10249.5","10248","10248.5","295517"
"2020-09-13T16:26Z","10248.5","10256","10247.5","10255.5","319044"
"2020-09-13T16:27Z","10255.5","10257","10255.5","10255.5","277294"
"2020-09-13T16:28Z","10255.5","10256","10252.5","10252.5","202087"
"2020-09-13T16:29Z","10252.5","10256","10252.5","10255.5","259834"
"2020-09-13T16:30Z","10255.5","10263","10255.5","10263","1209598"
"2020-09-13T16:31Z","10263","10264.5","10262.5","10264","144498"
"2020-09-13T16:32Z","10264","10270","10264","10270","364920"
"2020-09-13T16:33Z","10270","10270","10269.5","10270","67932"
"2020-09-13T16:34Z","10270","10270.5","10269.5","10270","214533"
"2020-09-13T16:35Z","10270","10270.5","10266.5","10266.5","256167"
"2020-09-13T16:36Z","10266.5","10267","10266.5","10267","120894"
"2020-09-13T16:37Z","10267","10267","10266","10266","113656"
"2020-09-13T16:38Z","10266","10266.5","10266","10266.5","214678"
"2020-09-13T16:39Z","10266.5","10266.5","10266","10266.5","20900"
"2020-09-13T16:40Z","10266.5","10266.5","10266","10266.5","16088"
"2020-09-13T16:41Z","10266.5","10266.5","10264.5","10265","77398"
"2020-09-13T16:42Z","10265","10265","10264.5","10265","60573"
"2020-09-13T16:43Z","10265","10265","10263.5","10264","130820"
"2020-09-13T16:44Z","10264","10264","10260","10260.5","1622957"
"2020-09-13T16:45Z","10260.5","10260.5","10258","10258.5","139378"
"2020-09-13T16:46Z","10258.5","10259","10253","10253.5","387289"
"2020-09-13T16:47Z","10253.5","10253.5","10244","10244","731125"
"2020-09-13T16:48Z","10244","10253","10244","10252","410763"
"2020-09-13T16:49Z","10252","10252","10246","10246.5","534866"
"2020-09-13T16:50Z","10246.5","10250","10236.5","10242.5","1184111"
"2020-09-13T16:51Z","10242.5","10243","10242.5","10243","454265"
"2020-09-13T16:52Z","10243","10245","10242.5","10245","117206"
"2020-09-13T16:53Z","10245","10245.5","10244.5","10245.5","54166"
"2020-09-13T16:54Z","10245.5","10245.5","10242","10242","1003230"
"2020-09-13T16:55Z","10242","10243","10241.5","10242","162220"
"2020-09-13T16:56Z","10242","10249","10241.5","10249","366246"
"2020-09-13T16:57Z","10249","10249","10248.5","10249","112251"
"2020-09-13T16:58Z","10249","10249","10248.5","10249","74724"
"2020-09-13T16:59Z","10249","10256.5","10248.5","10256.5","465407"
"2020-09-13T17:00Z","10256.5","10256.5","10246","10249.5","599464"
"2020-09-13T17:01Z","10249.5","10251.5","10249.5","10251.5","252769"
"2020-09-13T17:02Z","10251.5","10258","10251","10258","697125"
"2020-09-13T17:03Z","10258","10263","10257.5","10263","616486"
"2020-09-13T17:04Z","10263","10263","10249","10253.5","345633"
"2020-09-13T17:05Z","10253.5","10256.5","10253.5","10255.5","427521"
"2020-09-13T17:06Z","10255.5","10255.5","10241.5","10242","395640"
"2020-09-13T17:07Z","10242","10242","10235.5","10237","361039"
"2020-09-13T17:08Z","10237","10238","10232","10238","932427"
"2020-09-13T17:09Z","10238","10238","10237.5","10237.5","101330"
"2020-09-13T17:10Z","10237.5","10238","10237.5","10238","99874"
"2020-09-13T17:11Z","10238","10238","10237","10237","67125"
"2020-09-13T17:12Z","10237","10237","10228","10231","548551"
"2020-09-13T17:13Z","10231","10231","10226","10226.5","254872"
"2020-09-13T17:14Z","10226.5","10229.5","10225","10229.5","747865"
"2020-09-13T17:15Z","10229.5","10229.5","10213","10220.5","1845710"
"2020-09-13T17:16Z","10220.5","10222","10218","10221.5","396844"
"2020-09-13T17:17Z","10221.5","10222","10221.5","10222","90491"
"2020-09-13T17:18Z","10222","10222","10220","10220.5","203200"
"2020-09-13T17:19Z","10220.5","10220.5","10220","10220.5","636979"
"2020-09-13T17:20Z","10220.5","10227","10220","10225.5","2851321"
"2020-09-13T17:21Z","10225.5","10229","10225.5","10229","408549"
"2020-09-13T17:22Z","10229","10229","10225.5","10226","280123"
"2020-09-13T17:23Z","10226","10226","10217","10218.5","836150"
"2020-09-13T17:24Z","10218.5","10219","10213","10218","396768"
"2020-09-13T17:25Z","10218","10230","10217.5","10225","423241"
"2020-09-13T17:26Z","10225","10225.5","10225","10225.5","48615"
"2020-09-13T17:27Z","10225.5","10225.5","10225","10225","47437"
"2020-09-13T17:28Z","10225","10230","10225","10230","365317"
"2020-09-13T17:29Z","10230","10230","10229.5","10229.5","303662"
"2020-09-13T17:30Z","10229.5","10230","10229.5","10230","762638"
"2020-09-13T17:31Z","10230","10230","10229.5","10229.5","40616"
"2020-09-13T17:32Z","10229.5","10230","10227","10227.5","356249"
"2020-09-13T17:33Z","10227.5","10227.5","10225","10225","33055"
"2020-09-13T17:34Z","10225","10229","10225","10228.5","245737"
"2020-09-13T17:35Z","10228.5","10229","10228.5","10229","228047"
"2020-09-13T17:36Z","10229","10229","10229","10229","360872"
"2020-09-13T17:37Z","10229","10229.5","10228.5","10229","203110"
"2020-09-13T17:38Z","10229","10229.5","10229","10229.5","156901"
"2020-09-13T17:39Z","10229.5","10229.5","10229","10229.5","16803"
"2020-09-13T17:40Z","10229.5","10229.5","10229","10229.5","63492"
"2020-09-13T17:41Z","10229.5","10229.5","10229","10229.5","7713"
"2020-09-13T17:42Z","10229.5","10236","10229","10236","706761"
"2020-09-13T17:43Z","10236","10247","10234.5","10247","707066"
"2020-09-13T17:44Z","10247","10247","10245","10245","528003"
"2020-09-13T17:45Z","10245","10245","10239.5","10243","151674"
"2020-09-13T17:46Z","10243","10243","10242.5","10243","402044"
"2020-09-13T17:47Z","10243","10254.5","10242.5","10254","987086"
"2020-09-13T17:48Z","10254","10257.5","10254","10257.5","806993"
"2020-09-13T17:49Z","10257.5","10269","10257","10269","1030498"
"2020-09-13T17:50Z","10269","10275","10267","10267.5","893054"
"2020-09-13T17:51Z","10267.5","10267.5","10265.5","10266","227963"
"2020-09-13T17:52Z","10266","10266","10262","10262","243911"
"2020-09-13T17:53Z","10262","10262.5","10262","10262.5","70286"
"2020-09-13T17:54Z","10262.5","10263","10262","10263","179523"
"2020-09-13T17:55Z","10263","10263","10262","10262.5","105507"
"2020-09-13T17:56Z","10262.5","10265","10261.5","10264.5","85717"
"2020-09-13T17:57Z","10264.5","10271.5","10264.5","10271","193393"
"2020-09-13T17:58Z","10271","10276","10271","10275.5","588496"
"2020-09-13T17:59Z","10275.5","10276","10275","10275.5","114630"
"2020-09-13T18:00Z","10275.5","10275.5","10260.5","10262","918018"
"2020-09-13T18:01Z","10262","10262","10261.5","10261.5","98039"
"2020-09-13T18:02Z","10261.5","10264","10261.5","10264","222072"
"2020-09-13T18:03Z","10264","10264","10263.5","10263.5","24003"
"2020-09-13T18:04Z","10263.5","10268","10263.5","10268","165905"
"2020-09-13T18:05Z","10268","10270.5","10268","10270","63531"
"2020-09-13T18:06Z","10270","10270.5","10270","10270","61934"
"2020-09-13T18:07Z","10270","10273.5","10270","10273","217092"
"2020-09-13T18:08Z","10273","10274","10272.5","10273","135648"
"2020-09-13T18:09Z","10273","10273","10272.5","10272.5","24494"
"2020-09-13T18:10Z","10272.5","10273","10272.5","10273","24601"
"2020-09-13T18:11Z","10273","10273","10272.5","10273","39157"
"2020-09-13T18:12Z","10273","10273","10272.5","10272.5","185983"
"2020-09-13T18:13Z","10272.5","10273","10272.5","10273","213792"
"2020-09-13T18:14Z","10273","10273","10269.5","10269.5","104346"
"2020-09-13T18:15Z","10269.5","10270","10268.5","10268.5","333658"
"2020-09-13T18:16Z","10268.5","10269","10265","10265","44236"
"2020-09-13T18:17Z","10265","10265.5","10265","10265","297051"
"2020-09-13T18:18Z","10265","10265.5","10265","10265","90167"
"2020-09-13T18:19Z","10265","10265.5","10265","10265","154577"
"2020-09-13T18:20Z","10265","10265.5","10265","10265","121409"
"2020-09-13T18:21Z","10265","10265.5","10265","10265.5","4432"
"2020-09-13T18:22Z","10265.5","10265.5","10265","10265","10471"
"2020-09-13T18:23Z","10265","10273","10265","10273","437373"
"2020-09-13T18:24Z","10273","10273","10272.5","10273","93199"
"2020-09-13T18:25Z","10273","10273","10272.5","10273","184311"
"2020-09-13T18:26Z","10273","10273","10272.5","10273","24977"
"2020-09-13T18:27Z","10273","10273","10270","10270","72055"
"2020-09-13T18:28Z","10270","10270.5","10267","10267","113606"
"2020-09-13T18:29Z","10267","10267","10265","10265","129878"
"2020-09-13T18:30Z","10265","10265.5","10265","10265","63567"
"2020-09-13T18:31Z","10265","10265.5","10265","10265.5","5042"
"2020-09-13T18:32Z","10265.5","10265.5","10265","10265.5","15178"
"2020-09-13T18:33Z","10265.5","10265.5","10265","10265.5","37289"
"2020-09-13T18:34Z","10265.5","10265.5","10265","10265.5","13975"
"2020-09-13T18:35Z","10265.5","10265.5","10265.5","10265.5","1100"
"2020-09-13T18:36Z","10265.5","10265.5","10265","10265.5","27091"
"2020-09-13T18:37Z","10265.5","10265.5","10265","10265.5","12181"
"2020-09-13T18:38Z","10265.5","10265.5","10261.5","10261.5","137157"
"2020-09-13T18:39Z","10261.5","10262","10260","10260.5","138379"
"2020-09-13T18:40Z","10260.5","10260.5","10252","10253","435942"
"2020-09-13T18:41Z","10253","10253","10244.5","10245.5","433604"
"2020-09-13T18:42Z","10245.5","10246.5","10245.5","10246","518527"
"2020-09-13T18:43Z","10246","10248.5","10246","10248.5","647224"
"2020-09-13T18:44Z","10248.5","10248.5","10240","10240","410654"
"2020-09-13T18:45Z","10240","10245","10240","10245","104013"
"2020-09-13T18:46Z","10245","10246.5","10244.5","10246.5","217717"
"2020-09-13T18:47Z","10246.5","10246.5","10246","10246","144486"
"2020-09-13T18:48Z","10246","10246.5","10246","10246.5","54248"
"2020-09-13T18:49Z","10246.5","10246.5","10246","10246.5","14265"
"2020-09-13T18:50Z","10246.5","10246.5","10246","10246.5","44041"
"2020-09-13T18:51Z","10246.5","10246.5","10246.5","10246.5","14799"
"2020-09-13T18:52Z","10246.5","10246.5","10246","10246.5","61452"
"2020-09-13T18:53Z","10246.5","10246.5","10246","10246.5","368499"
"2020-09-13T18:54Z","10246.5","10246.5","10246","10246.5","57918"
"2020-09-13T18:55Z","10246.5","10246.5","10246","10246.5","6329"
"2020-09-13T18:56Z","10246.5","10246.5","10246","10246","158518"
"2020-09-13T18:57Z","10246","10246.5","10246","10246.5","9104"
"2020-09-13T18:58Z","10246.5","10254","10246","10254","324762"
"2020-09-13T18:59Z","10254","10254","10253.5","10254","53656"
"2020-09-13T19:00Z","10254","10254","10246.5","10247","83991"
"2020-09-13T19:01Z","10247","10247","10246.5","10246.5","112414"
"2020-09-13T19:02Z","10246.5","10247","10246.5","10247","39442"
"2020-09-13T19:03Z","10247","10250.5","10246.5","10250.5","95549"
"2020-09-13T19:04Z","10250.5","10250.5","10250.5","10250.5","178"
"2020-09-13T19:05Z","10250.5","10250.5","10250","10250","3974"
"2020-09-13T19:06Z","10250","10250.5","10250","10250","10621"
"2020-09-13T19:07Z","10250","10250.5","10250","10250","102"
"2020-09-13T19:08Z","10250","10253","10250","10252.5","66015"
"2020-09-13T19:09Z","10252.5","10258","10252.5","10257.5","279770"
"2020-09-13T19:10Z","10257.5","10258","10257.5","10258","193816"
"2020-09-13T19:11Z","10258","10259","10257.5","10259","314406"
"2020-09-13T19:12Z","10259","10272.5","10258.5","10272","487523"
"2020-09-13T19:13Z","10272","10275","10264","10264.5","329542"
"2020-09-13T19:14Z","10264.5","10264.5","10261","10261.5","73762"
"2020-09-13T19:15Z","10261.5","10268.5","10261","10268.5","244519"
"2020-09-13T19:16Z","10268.5","10268.5","10268","10268.5","233400"
"2020-09-13T19:17Z","10268.5","10271.5","10268","10271.5","133478"
"2020-09-13T19:18Z","10271.5","10275","10271.5","10274.5","320081"
"2020-09-13T19:19Z","10274.5","10275","10274.5","10274.5","77795"
"2020-09-13T19:20Z","10274.5","10275","10274.5","10275","11408"
"2020-09-13T19:21Z","10275","10275","10274.5","10274.5","56533"
"2020-09-13T19:22Z","10274.5","10275","10274.5","10275","257905"
"2020-09-13T19:23Z","10275","10286.5","10274.5","10284","1179050"
"2020-09-13T19:24Z","10284","10284","10283.5","10284","143318"
"2020-09-13T19:25Z","10284","10285.5","10283.5","10285.5","411121"
"2020-09-13T19:26Z","10285.5","10288.5","10285","10285.5","428607"
"2020-09-13T19:27Z","10285.5","10285.5","10279","10281.5","377208"
"2020-09-13T19:28Z","10281.5","10282","10281.5","10282","122273"
"2020-09-13T19:29Z","10282","10282","10279.5","10280","64932"
"2020-09-13T19:30Z","10280","10280","10274","10274.5","377111"
"2020-09-13T19:31Z","10274.5","10280","10274","10279.5","218316"
"2020-09-13T19:32Z","10279.5","10280","10275","10275.5","65527"
"2020-09-13T19:33Z","10275.5","10275.5","10275","10275","3839"
"2020-09-13T19:34Z","10275","10282","10275","10282","441620"
"2020-09-13T19:35Z","10282","10284.5","10281.5","10284.5","154041"
"2020-09-13T19:36Z","10284.5","10285","10284","10285","533413"
"2020-09-13T19:37Z","10285","10285","10284.5","10284.5","247927"
"2020-09-13T19:38Z","10284.5","10298.5","10284.5","10292.5","1266475"
"2020-09-13T19:39Z","10292.5","10294","10292","10293.5","621304"
"2020-09-13T19:40Z","10293.5","10305","10293.5","10304","2093134"
"2020-09-13T19:41Z","10304","10311.5","10304","10311.5","544463"
"2020-09-13T19:42Z","10311.5","10311.5","10311","10311","594389"
"2020-09-13T19:43Z","10311","10311.5","10302.5","10303","329561"
"2020-09-13T19:44Z","10303","10303","10302.5","10303","165895"
"2020-09-13T19:45Z","10303","10303","10302.5","10303","99303"
"2020-09-13T19:46Z","10303","10303","10302.5","10303","167734"
"2020-09-13T19:47Z","10303","10303","10302.5","10303","45120"
"2020-09-13T19:48Z","10303","10303","10302.5","10303","9199"
"2020-09-13T19:49Z","10303","10303","10302.5","10303","183480"
"2020-09-13T19:50Z","10303","10303","10302.5","10303","90622"
"2020-09-13T19:51Z","10303","10304.5","10302.5","10304.5","203992"
"2020-09-13T19:52Z","10304.5","10309","10304.5","10309","353009"
"2020-09-13T19:53Z","10309","10309","10305.5","10306","76928"
"2020-09-13T19:54Z","10306","10306","10302.5","10302.5","87220"
"2020-09-13T19:55Z","10302.5","10303","10296.5","10296.5","189393"
"2020-09-13T19:56Z","10296.5","10300.5","10296.5","10300","394724"
"2020-09-13T19:57Z","10300","10302","10300","10302","135398"
"2020-09-13T19:58Z","10302","10302","10301","10301","64191"
"2020-09-13T19:59Z","10301","10301.5","10299.5","10299.5","174342"
"2020-09-13T20:00Z","10299.5","10300","10299.5","10299.5","349149"
"2020-09-13T20:01Z","10299.5","10300","10299","10299.5","56154"
"2020-09-13T20:02Z","10299.5","10299.5","10296","10296.5","265535"
"2020-09-13T20:03Z","10296.5","10296.5","10296","10296.5","66944"
"2020-09-13T20:04Z","10296.5","10296.5","10290.5","10290.5","742872"
"2020-09-13T20:05Z","10290.5","10291","10290.5","10290.5","17392"
"2020-09-13T20:06Z","10290.5","10291","10290.5","10291","12811"
"2020-09-13T20:07Z","10291","10291","10290.5","10290.5","8950"
"2020-09-13T20:08Z","10290.5","10291","10290.5","10290.5","245858"
"2020-09-13T20:09Z","10290.5","10291","10290.5","10290.5","63703"
"2020-09-13T20:10Z","10290.5","10298.5","10290.5","10298.5","248129"
"2020-09-13T20:11Z","10298.5","10298.5","10298","10298","56934"
"2020-09-13T20:12Z","10298","10299.5","10298","10299","98076"
"2020-09-13T20:13Z","10299","10301.5","10299","10301.5","730065"
"2020-09-13T20:14Z","10301.5","10302","10301","10302","68782"
"2020-09-13T20:15Z","10302","10302","10301.5","10301.5","40246"
"2020-09-13T20:16Z","10301.5","10302","10298","10298","101990"
"2020-09-13T20:17Z","10298","10298.5","10287.5","10298.5","791135"
"2020-09-13T20:18Z","10298.5","10298.5","10298","10298.5","87306"
"2020-09-13T20:19Z","10298.5","10298.5","10296.5","10297","714937"
"2020-09-13T20:20Z","10297","10297","10288","10288.5","299847"
"2020-09-13T20:21Z","10288.5","10288.5","10288","10288.5","25199"
"2020-09-13T20:22Z","10288.5","10288.5","10287","10287","112257"
"2020-09-13T20:23Z","10287","10287.5","10287","10287.5","25291"
"2020-09-13T20:24Z","10287.5","10287.5","10281.5","10286.5","250287"
"2020-09-13T20:25Z","10286.5","10291","10286.5","10291","650776"
"2020-09-13T20:26Z","10291","10291","10283","10283","235801"
"2020-09-13T20:27Z","10283","10283","10283","10283","100079"
"2020-09-13T20:28Z","10283","10290","10283","10290","272662"
"2020-09-13T20:29Z","10290","10290","10289.5","10290","46977"
"2020-09-13T20:30Z","10290","10290","10289.5","10290","41766"
"2020-09-13T20:31Z","10290","10290","10289.5","10290","192022"
"2020-09-13T20:32Z","10290","10290","10289.5","10290","130363"
"2020-09-13T20:33Z","10290","10290","10289.5","10290","76072"
"2020-09-13T20:34Z","10290","10290","10289.5","10290","157253"
"2020-09-13T20:35Z","10290","10290","10288.5","10288.5","146831"
"2020-09-13T20:36Z","10288.5","10288.5","10288","10288.5","34625"
"2020-09-13T20:37Z","10288.5","10288.5","10287.5","10287.5","40912"
"2020-09-13T20:38Z","10287.5","10288","10287.5","10287.5","2964"
"2020-09-13T20:39Z","10287.5","10288","10287.5","10287.5","131109"
"2020-09-13T20:40Z","10287.5","10295","10287.5","10295","447704"
"2020-09-13T20:41Z","10295","10295","10294.5","10294.5","15747"
"2020-09-13T20:42Z","10294.5","10295","10294.5","10294.5","100279"
"2020-09-13T20:43Z","10294.5","10295","10294.5","10295","74536"
"2020-09-13T20:44Z","10295","10295","10295","10295","69012"
"2020-09-13T20:45Z","10295","10297","10294.5","10296.5","240433"
"2020-09-13T20:46Z","10296.5","10297","10296.5","10297","42083"
"2020-09-13T20:47Z","10297","10297","10296.5","10297","46819"
"2020-09-13T20:48Z","10297","10297","10296.5","10297","69890"
"2020-09-13T20:49Z","10297","10297.5","10296.5","10297.5","165853"
"2020-09-13T20:50Z","10297.5","10299.5","10297","10299.5","49361"
"2020-09-13T20:51Z","10299.5","10300","10299","10299.5","120569"
"2020-09-13T20:52Z","10299.5","10302","10299.5","10301.5","56865"
"2020-09-13T20:53Z","10301.5","10302","10301.5","10301.5","12127"
"2020-09-13T20:54Z","10301.5","10302","10301.5","10301.5","163432"
"2020-09-13T20:55Z","10301.5","10302","10301.5","10302","253617"
"2020-09-13T20:56Z","10302","10302","10301.5","10302","127614"
"2020-09-13T20:57Z","10302","10303","10301.5","10303","255815"
"2020-09-13T20:58Z","10303","10303.5","10302.5","10303.5","270422"
"2020-09-13T20:59Z","10303.5","10305.5","10303","10305.5","393472"
"2020-09-13T21:00Z","10305.5","10305.5","10305","10305.5","203122"
"2020-09-13T21:01Z","10305.5","10305.5","10305","10305","64042"
"2020-09-13T21:02Z","10305","10305.5","10305","10305.5","5483"
"2020-09-13T21:03Z","10305.5","10305.5","10305","10305","29519"
"2020-09-13T21:04Z","10305","10305.5","10305","10305.5","26762"
"2020-09-13T21:05Z","10305.5","10305.5","10305","10305","19995"
"2020-09-13T21:06Z","10305","10305.5","10305","10305.5","1207"
"2020-09-13T21:07Z","10305.5","10305.5","10305","10305","9542"
"2020-09-13T21:08Z","10305","10305.5","10305","10305","12334"
"2020-09-13T21:09Z","10305","10305.5","10305","10305.5","10876"
"2020-09-13T21:10Z","10305.5","10305.5","10305","10305","78429"
"2020-09-13T21:11Z","10305","10305.5","10305","10305","69746"
"2020-09-13T21:12Z","10305","10305.5","10305","10305.5","2083"
"2020-09-13T21:13Z","10305.5","10305.5","10305","10305.5","119562"
"2020-09-13T21:14Z","10305.5","10305.5","10305","10305.5","20928"
"2020-09-13T21:15Z","10305.5","10305.5","10304.5","10305","26249"
"2020-09-13T21:16Z","10305","10305","10303.5","10304","54472"
"2020-09-13T21:17Z","10304","10304","10301.5","10302","130779"
"2020-09-13T21:18Z","10302","10302","10300","10300.5","58169"
"2020-09-13T21:19Z","10300.5","10300.5","10299","10299.5","85342"
"2020-09-13T21:20Z","10299.5","10299.5","10298.5","10299","39680"
"2020-09-13T21:21Z","10299","10299","10298","10298","175647"
"2020-09-13T21:22Z","10298","10298.5","10298","10298.5","42314"
"2020-09-13T21:23Z","10298.5","10298.5","10298","10298.5","33623"
"2020-09-13T21:24Z","10298.5","10304.5","10298","10304","359742"
"2020-09-13T21:25Z","10304","10307","10304","10307","284940"
"2020-09-13T21:26Z","10307","10308","10306.5","10307.5","349824"
"2020-09-13T21:27Z","10307.5","10308","10307.5","10308","27307"
"2020-09-13T21:28Z","10308","10308","10307.5","10307.5","33955"
"2020-09-13T21:29Z","10307.5","10308","10293","10293.5","614198"
"2020-09-13T21:30Z","10293.5","10293.5","10290.5","10290.5","219428"
"2020-09-13T21:31Z","10290.5","10291","10290.5","10291","53595"
"2020-09-13T21:32Z","10291","10291","10290","10290.5","77949"
"2020-09-13T21:33Z","10290.5","10290.5","10290","10290.5","31603"
"2020-09-13T21:34Z","10290.5","10290.5","10290","10290","51001"
"2020-09-13T21:35Z","10290","10304.5","10290","10304.5","1638225"
"2020-09-13T21:36Z","10304.5","10304.5","10304","10304.5","29106"
"2020-09-13T21:37Z","10304.5","10304.5","10304","10304.5","88804"
"2020-09-13T21:38Z","10304.5","10304.5","10304","10304","56102"
"2020-09-13T21:39Z","10304","10304.5","10304","10304.5","28237"
"2020-09-13T21:40Z","10304.5","10311","10304","10310.5","904678"
"2020-09-13T21:41Z","10310.5","10312.5","10310.5","10312","410392"
"2020-09-13T21:42Z","10312","10312.5","10312","10312.5","25214"
"2020-09-13T21:43Z","10312.5","10312.5","10312","10312.5","36016"
"2020-09-13T21:44Z","10312.5","10312.5","10304.5","10304.5","1218156"
"2020-09-13T21:45Z","10304.5","10305.5","10304.5","10305","360456"
"2020-09-13T21:46Z","10305","10309.5","10305","10309.5","103873"
"2020-09-13T21:47Z","10309.5","10311.5","10309.5","10311","80739"
"2020-09-13T21:48Z","10311","10311.5","10311","10311","26603"
"2020-09-13T21:49Z","10311","10313","10311","10312.5","59526"
"2020-09-13T21:50Z","10312.5","10313","10312.5","10312.5","38482"
"2020-09-13T21:51Z","10312.5","10313","10312.5","10313","65567"
"2020-09-13T21:52Z","10313","10313","10312.5","10312.5","2443"
"2020-09-13T21:53Z","10312.5","10313","10312.5","10313","4708"
"2020-09-13T21:54Z","10313","10313","10312.5","10313","33272"
"2020-09-13T21:55Z","10313","10313","10311","10311","177403"
"2020-09-13T21:56Z","10311","10311","10305","10306","128779"
"2020-09-13T21:57Z","10306","10306","10301","10301.5","172914"
"2020-09-13T21:58Z","10301.5","10301.5","10295.5","10296","318523"
"2020-09-13T21:59Z","10296","10296","10295.5","10295.5","63145"
"2020-09-13T22:00Z","10295.5","10296","10295.5","10296","391378"
"2020-09-13T22:01Z","10296","10300","10295.5","10299.5","911137"
"2020-09-13T22:02Z","10299.5","10300","10299.5","10300","11779"
"2020-09-13T22:03Z","10300","10300","10297.5","10297.5","212222"
"2020-09-13T22:04Z","10297.5","10298","10297.5","10297.5","14399"
"2020-09-13T22:05Z","10297.5","10298","10297.5","10297.5","13931"
"2020-09-13T22:06Z","10297.5","10298","10297","10297.5","15224"
"2020-09-13T22:07Z","10297.5","10297.5","10297","10297","33621"
"2020-09-13T22:08Z","10297","10297.5","10297","10297.5","244028"
"2020-09-13T22:09Z","10297.5","10297.5","10297","10297.5","12074"
"2020-09-13T22:10Z","10297.5","10297.5","10295.5","10296","103797"
"2020-09-13T22:11Z","10296","10296","10294","10294.5","89359"
"2020-09-13T22:12Z","10294.5","10294.5","10294","10294.5","20000"
"2020-09-13T22:13Z","10294.5","10306","10294","10302.5","3030761"
"2020-09-13T22:14Z","10302.5","10303","10302.5","10303","102124"
"2020-09-13T22:15Z","10303","10303","10300","10300","91728"
"2020-09-13T22:16Z","10300","10300.5","10300","10300.5","2954"
"2020-09-13T22:17Z","10300.5","10300.5","10300","10300.5","73976"
"2020-09-13T22:18Z","10300.5","10308","10300","10308","402240"
"2020-09-13T22:19Z","10308","10308","10307.5","10308","198313"
"2020-09-13T22:20Z","10308","10308","10307.5","10307.5","25562"
"2020-09-13T22:21Z","10307.5","10308.5","10307.5","10308.5","386034"
"2020-09-13T22:22Z","10308.5","10308.5","10308","10308","196522"
"2020-09-13T22:23Z","10308","10308.5","10308","10308.5","300314"
"2020-09-13T22:24Z","10308.5","10308.5","10308","10308.5","16577"
"2020-09-13T22:25Z","10308.5","10308.5","10308","10308","7011"
"2020-09-13T22:26Z","10308","10308.5","10308","10308.5","10812"
"2020-09-13T22:27Z","10308.5","10308.5","10308","10308.5","93286"
"2020-09-13T22:28Z","10308.5","10308.5","10308","10308","7285"
"2020-09-13T22:29Z","10308","10308.5","10302","10302.5","167014"
"2020-09-13T22:30Z","10302.5","10302.5","10298.5","10299.5","161562"
"2020-09-13T22:31Z","10299.5","10300","10299.5","10300","218787"
"2020-09-13T22:32Z","10300","10300","10299.5","10300","88121"
"2020-09-13T22:33Z","10300","10300","10299.5","10300","116098"
"2020-09-13T22:34Z","10300","10300","10299.5","10299.5","87402"
"2020-09-13T22:35Z","10299.5","10299.5","10299","10299.5","64125"
"2020-09-13T22:36Z","10299.5","10299.5","10299","10299.5","26187"
"2020-09-13T22:37Z","10299.5","10299.5","10299","10299","19328"
"2020-09-13T22:38Z","10299","10299.5","10298.5","10298.5","163552"
"2020-09-13T22:39Z","10298.5","10299","10297","10297.5","21064"
"2020-09-13T22:40Z","10297.5","10297.5","10295.5","10295.5","42585"
"2020-09-13T22:41Z","10295.5","10296","10295.5","10296","32827"
"2020-09-13T22:42Z","10296","10297.5","10295.5","10297.5","189865"
"2020-09-13T22:43Z","10297.5","10303","10297","10303","284480"
"2020-09-13T22:44Z","10303","10303","10302.5","10302.5","8372"
"2020-09-13T22:45Z","10302.5","10303","10301.5","10301.5","27979"
"2020-09-13T22:46Z","10301.5","10302","10301.5","10302","9827"
"2020-09-13T22:47Z","10302","10302","10301.5","10302","128031"
"2020-09-13T22:48Z","10302","10302","10301.5","10302","15200"
"2020-09-13T22:49Z","10302","10302","10301.5","10302","159453"
"2020-09-13T22:50Z","10302","10302","10301.5","10302","59941"
"2020-09-13T22:51Z","10302","10302","10301.5","10302","21590"
"2020-09-13T22:52Z","10302","10302","10301.5","10302","19370"
"2020-09-13T22:53Z","10302","10302","10301.5","10302","70635"
"2020-09-13T22:54Z","10302","10302","10301.5","10302","46914"
"2020-09-13T22:55Z","10302","10304.5","10301.5","10304","590307"
"2020-09-13T22:56Z","10304","10305","10304","10305","642179"
"2020-09-13T22:57Z","10305","10306.5","10304.5","10306","336690"
"2020-09-13T22:58Z","10306","10306.5","10306","10306.5","522718"
"2020-09-13T22:59Z","10306.5","10306.5","10301","10301","305809"
"2020-09-13T23:00Z","10301","10301.5","10301","10301","141216"
"2020-09-13T23:01Z","10301","10301.5","10301","10301","17422"
"2020-09-13T23:02Z","10301","10301.5","10301","10301","10100"
"2020-09-13T23:03Z","10301","10301.5","10301","10301","11704"
"2020-09-13T23:04Z","10301","10301.5","10301","10301.5","179238"
"2020-09-13T23:05Z","10301.5","10301.5","10301","10301","51835"
"2020-09-13T23:06Z","10301","10301.5","10301","10301.5","8042"
"2020-09-13T23:07Z","10301.5","10301.5","10300","10300","77512"
"2020-09-13T23:08Z","10300","10300.5","10300","10300","1473"
"2020-09-13T23:09Z","10300","10300","10299.5","10299.5","42718"
"2020-09-13T23:10Z","10299.5","10300","10298","10298","32746"
"2020-09-13T23:11Z","10298","10298.5","10298","10298.5","165145"
"2020-09-13T23:12Z","10298.5","10298.5","10298","10298","27035"
"2020-09-13T23:13Z","10298","10298.5","10298","10298","18000"
"2020-09-13T23:14Z","10298","10298","10297.5","10297.5","34888"
"2020-09-13T23:15Z","10297.5","10298","10297.5","10298","16153"
"2020-09-13T23:16Z","10298","10304","10297.5","10304","168967"
"2020-09-13T23:17Z","10304","10304","10303.5","10303.5","92124"
"2020-09-13T23:18Z","10303.5","10308","10303.5","10307.5","224210"
"2020-09-13T23:19Z","10307.5","10309","10307.5","10309","113023"
"2020-09-13T23:20Z","10309","10313","10308.5","10312.5","492601"
"2020-09-13T23:21Z","10312.5","10313","10312.5","10313","28159"
"2020-09-13T23:22Z","10313","10313","10312.5","10312.5","120872"
"2020-09-13T23:23Z","10312.5","10313","10312.5","10312.5","371"
"2020-09-13T23:24Z","10312.5","10313","10312.5","10313","62201"
"2020-09-13T23:25Z","10313","10313","10312.5","10313","53366"
"2020-09-13T23:26Z","10313","10313.5","10312.5","10313.5","417207"
"2020-09-13T23:27Z","10313.5","10313.5","10313","10313.5","24962"
"2020-09-13T23:28Z","10313.5","10313.5","10313","10313","90563"
"2020-09-13T23:29Z","10313","10313.5","10313","10313.5","116670"
"2020-09-13T23:30Z","10313.5","10316.5","10313","10316","443576"
"2020-09-13T23:31Z","10316","10316.5","10316","10316.5","443986"
"2020-09-13T23:32Z","10316.5","10316.5","10316","10316","217308"
"2020-09-13T23:33Z","10316","10316.5","10313","10313","69122"
"2020-09-13T23:34Z","10313","10313.5","10313","10313","20103"
"2020-09-13T23:35Z","10313","10313.5","10313","10313","80771"
"2020-09-13T23:36Z","10313","10313.5","10312","10312","60266"
"2020-09-13T23:37Z","10312","10312.5","10311","10311","195642"
"2020-09-13T23:38Z","10311","10311.5","10310.5","10310.5","62341"
"2020-09-13T23:39Z","10310.5","10311","10310.5","10311","85642"
"2020-09-13T23:40Z","10311","10311","10310.5","10311","26732"
"2020-09-13T23:41Z","10311","10311","10310.5","10311","23113"
"2020-09-13T23:42Z","10311","10311","10310.5","10311","258320"
"2020-09-13T23:43Z","10311","10311","10310.5","10311","322224"
"2020-09-13T23:44Z","10311","10316","10310.5","10316","91756"
"2020-09-13T23:45Z","10316","10316","10315.5","10315.5","98804"
"2020-09-13T23:46Z","10315.5","10316","10310.5","10310.5","249222"
"2020-09-13T23:47Z","10310.5","10311","10310.5","10310.5","327180"
"2020-09-13T23:48Z","10310.5","10311","10310.5","10310.5","352663"
"2020-09-13T23:49Z","10310.5","10311","10310","10310.5","168276"
"2020-09-13T23:50Z","10310.5","10316.5","10310.5","10316.5","245728"
"2020-09-13T23:51Z","10316.5","10317","10316.5","10316.5","52745"
"2020-09-13T23:52Z","10316.5","10317","10316.5","10316.5","5599"
"2020-09-13T23:53Z","10316.5","10317","10316.5","10317","222485"
"2020-09-13T23:54Z","10317","10317","10316.5","10317","10225"
"2020-09-13T23:55Z","10317","10317","10316.5","10316.5","19070"
"2020-09-13T23:56Z","10316.5","10317","10316.5","10317","9561"
"2020-09-13T23:57Z","10317","10317","10316.5","10316.5","17841"
"2020-09-13T23:58Z","10316.5","10318.5","10316.5","10318","346312"
"2020-09-13T23:59Z","10318","10322","10318","10321.5","861597"
"2020-09-14T00:00Z","10321.5","10326.5","10321.5","10326","2006545"
"2020-09-14T00:01Z","10326","10326.5","10318.5","10319","611923"
"2020-09-14T00:02Z","10319","10319","10313.5","10313.5","621915"
"2020-09-14T00:03Z","10313.5","10314","10313.5","10314","50197"
"2020-09-14T00:04Z","10314","10314","10310","10310","515100"
"2020-09-14T00:05Z","10310","10310.5","10307","10307","584785"
"2020-09-14T00:06Z","10307","10307.5","10306","10306","478731"
"2020-09-14T00:07Z","10306","10306.5","10306","10306","122002"
"2020-09-14T00:08Z","10306","10306.5","10306","10306.5","37292"
"2020-09-14T00:09Z","10306.5","10306.5","10306","10306","74574"
"2020-09-14T00:10Z","10306","10310","10306","10310","241079"
"2020-09-14T00:11Z","10310","10310","10309.5","10309.5","1682"
"2020-09-14T00:12Z","10309.5","10310","10309.5","10309.5","99819"
"2020-09-14T00:13Z","10309.5","10310","10309.5","10309.5","2667"
"2020-09-14T00:14Z","10309.5","10310","10309.5","10310","18320"
"2020-09-14T00:15Z","10310","10310","10308.5","10308.5","483936"
"2020-09-14T00:16Z","10308.5","10309","10308.5","10308.5","2760"
"2020-09-14T00:17Z","10308.5","10309","10308.5","10309","131965"
"2020-09-14T00:18Z","10309","10309","10306.5","10306.5","436128"
"2020-09-14T00:19Z","10306.5","10307","10306.5","10306.5","290719"
"2020-09-14T00:20Z","10306.5","10307","10306.5","10307","30400"
"2020-09-14T00:21Z","10307","10307","10306.5","10307","13399"
"2020-09-14T00:22Z","10307","10307","10297","10299.5","930156"
"2020-09-14T00:23Z","10299.5","10305","10299","10305","234118"
"2020-09-14T00:24Z","10305","10305","10304.5","10304.5","42201"
"2020-09-14T00:25Z","10304.5","10305","10304.5","10305","136177"
"2020-09-14T00:26Z","10305","10305","10304.5","10304.5","74933"
"2020-09-14T00:27Z","10304.5","10305","10303.5","10303.5","213134"
"2020-09-14T00:28Z","10303.5","10303.5","10302","10302.5","194581"
"2020-09-14T00:29Z","10302.5","10302.5","10302","10302.5","192426"
"2020-09-14T00:30Z","10302.5","10302.5","10302","10302","74826"
"2020-09-14T00:31Z","10302","10302.5","10296","10296","403427"
"2020-09-14T00:32Z","10296","10296.5","10259.5","10275","5810445"
"2020-09-14T00:33Z","10275","10281.5","10275","10275.5","539189"
"2020-09-14T00:34Z","10275.5","10275.5","10266","10270.5","821605"
"2020-09-14T00:35Z","10270.5","10277","10270","10276.5","441934"
"2020-09-14T00:36Z","10276.5","10277","10276.5","10277","75540"
"2020-09-14T00:37Z","10277","10277","10275","10275.5","220042"
"2020-09-14T00:38Z","10275.5","10275.5","10275","10275","65446"
"2020-09-14T00:39Z","10275","10275.5","10275","10275.5","48926"
"2020-09-14T00:40Z","10275.5","10275.5","10275","10275.5","117176"
"2020-09-14T00:41Z","10275.5","10275.5","10274","10274","127664"
"2020-09-14T00:42Z","10274","10274.5","10274","10274","103953"
"2020-09-14T00:43Z","10274","10274.5","10274","10274.5","27200"
"2020-09-14T00:44Z","10274.5","10278","10274","10278","949003"
"2020-09-14T00:45Z","10278","10280.5","10277.5","10280","270578"
"2020-09-14T00:46Z","10280","10281","10280","10281","466287"
"2020-09-14T00:47Z","10281","10281","10274","10274.5","150111"
"2020-09-14T00:48Z","10274.5","10274.5","10267.5","10268","410359"
"2020-09-14T00:49Z","10268","10268","10250.5","10250.5","2289879"
"2020-09-14T00:50Z","10250.5","10267.5","10250.5","10266.5","738881"
"2020-09-14T00:51Z","10266.5","10267","10266.5","10266.5","135570"
"2020-09-14T00:52Z","10266.5","10274","10266.5","10273.5","338109"
"2020-09-14T00:53Z","10273.5","10279.5","10273.5","10279","188299"
"2020-09-14T00:54Z","10279","10279","10277.5","10277.5","274030"
"2020-09-14T00:55Z","10277.5","10278","10277.5","10278","259600"
"2020-09-14T00:56Z","10278","10278","10277.5","10277.5","196528"
"2020-09-14T00:57Z","10277.5","10278","10277.5","10277.5","467109"
"2020-09-14T00:58Z","10277.5","10278","10277.5","10278","233122"
"2020-09-14T00:59Z","10278","10278","10273","10273","370227"
"2020-09-14T01:00Z","10273","10283","10273","10283","637178"
"2020-09-14T01:01Z","10283","10283.5","10282.5","10283","469297"
"2020-09-14T01:02Z","10283","10283.5","10283","10283","10950"
"2020-09-14T01:03Z","10283","10283.5","10283","10283.5","221649"
"2020-09-14T01:04Z","10283.5","10283.5","10283","10283.5","261825"
"2020-09-14T01:05Z","10283.5","10284","10283","10283.5","95557"
"2020-09-14T01:06Z","10283.5","10284","10283.5","10283.5","8719"
"2020-09-14T01:07Z","10283.5","10284","10283.5","10284","9022"
"2020-09-14T01:08Z","10284","10284","10283.5","10284","14468"
"2020-09-14T01:09Z","10284","10297","10283.5","10296.5","939240"
"2020-09-14T01:10Z","10296.5","10297","10296.5","10297","204421"
"2020-09-14T01:11Z","10297","10297","10293","10293.5","341849"
"2020-09-14T01:12Z","10293.5","10293.5","10293","10293","21790"
"2020-09-14T01:13Z","10293","10293.5","10293","10293","17072"
"2020-09-14T01:14Z","10293","10293.5","10287.5","10288","299052"
"2020-09-14T01:15Z","10288","10288","10287.5","10288","17056"
"2020-09-14T01:16Z","10288","10288","10287.5","10287.5","11643"
"2020-09-14T01:17Z","10287.5","10288","10287.5","10287.5","107813"
"2020-09-14T01:18Z","10287.5","10295","10287.5","10295","44967"
"2020-09-14T01:19Z","10295","10295","10294.5","10294.5","262"
"2020-09-14T01:20Z","10294.5","10295","10291.5","10291.5","93793"
"2020-09-14T01:21Z","10291.5","10291.5","10291","10291","51983"
"2020-09-14T01:22Z","10291","10293","10291","10293","79396"
"2020-09-14T01:23Z","10293","10293","10292.5","10292.5","147156"
"2020-09-14T01:24Z","10292.5","10293","10292.5","10292.5","197216"
"2020-09-14T01:25Z","10292.5","10293","10292.5","10293","21199"
"2020-09-14T01:26Z","10293","10293","10292.5","10292.5","17715"
"2020-09-14T01:27Z","10292.5","10296","10292.5","10296","277846"
"2020-09-14T01:28Z","10296","10296","10295.5","10295.5","66387"
"2020-09-14T01:29Z","10295.5","10296","10295.5","10295.5","13633"
"2020-09-14T01:30Z","10295.5","10298.5","10295.5","10298.5","130135"
"2020-09-14T01:31Z","10298.5","10300","10298.5","10299","63203"
"2020-09-14T01:32Z","10299","10299","10298.5","10299","103214"
"2020-09-14T01:33Z","10299","10305.5","10298.5","10305.5","373599"
"2020-09-14T01:34Z","10305.5","10305.5","10305","10305.5","31120"
"2020-09-14T01:35Z","10305.5","10305.5","10305","10305","221830"
"2020-09-14T01:36Z","10305","10305.5","10305","10305","76547"
"2020-09-14T01:37Z","10305","10305.5","10303","10303.5","691328"
"2020-09-14T01:38Z","10303.5","10303.5","10303","10303.5","147"
"2020-09-14T01:39Z","10303.5","10303.5","10302.5","10303","38816"
"2020-09-14T01:40Z","10303","10303","10302","10302","210001"
"2020-09-14T01:41Z","10302","10302","10301.5","10301.5","7349"
"2020-09-14T01:42Z","10301.5","10302","10301","10302","241963"
"2020-09-14T01:43Z","10302","10303.5","10302","10303","709764"
"2020-09-14T01:44Z","10303","10303.5","10303","10303.5","10600"
"2020-09-14T01:45Z","10303.5","10303.5","10303","10303","9387"
"2020-09-14T01:46Z","10303","10303.5","10303","10303","62803"
"2020-09-14T01:47Z","10303","10303.5","10303","10303.5","150968"
"2020-09-14T01:48Z","10303.5","10303.5","10303","10303.5","390604"
"2020-09-14T01:49Z","10303.5","10303.5","10303","10303","9944"
"2020-09-14T01:50Z","10303","10303.5","10303","10303.5","96860"
"2020-09-14T01:51Z","10303.5","10304","10303.5","10303.5","28805"
"2020-09-14T01:52Z","10303.5","10305.5","10303.5","10305.5","105240"
"2020-09-14T01:53Z","10305.5","10308.5","10305","10308","1021587"
"2020-09-14T01:54Z","10308","10309.5","10307.5","10309.5","252005"
"2020-09-14T01:55Z","10309.5","10309.5","10309","10309.5","90495"
"2020-09-14T01:56Z","10309.5","10309.5","10309","10309.5","17354"
"2020-09-14T01:57Z","10309.5","10309.5","10307.5","10307.5","47333"
"2020-09-14T01:58Z","10307.5","10317.5","10307.5","10317.5","213084"
"2020-09-14T01:59Z","10317.5","10320","10317","10320","642607"
"2020-09-14T02:00Z","10320","10342","10320","10342","4384529"
"2020-09-14T02:01Z","10342","10342","10341.5","10342","376273"
"2020-09-14T02:02Z","10342","10342","10336.5","10338","478302"
"2020-09-14T02:03Z","10338","10338","10337","10337","255406"
"2020-09-14T02:04Z","10337","10342.5","10337","10342","227552"
"2020-09-14T02:05Z","10342","10342.5","10340","10340.5","158172"
"2020-09-14T02:06Z","10340.5","10340.5","10340","10340","169050"
"2020-09-14T02:07Z","10340","10340.5","10339.5","10339.5","445674"
"2020-09-14T02:08Z","10339.5","10340","10339.5","10340","223338"
"2020-09-14T02:09Z","10340","10340","10339.5","10340","45978"
"2020-09-14T02:10Z","10340","10340","10339.5","10339.5","27308"
"2020-09-14T02:11Z","10339.5","10340","10339","10339.5","106512"
"2020-09-14T02:12Z","10339.5","10354","10339","10353.5","3598760"
"2020-09-14T02:13Z","10353.5","10364","10353.5","10363.5","2150839"
"2020-09-14T02:14Z","10363.5","10364","10356","10356","3016699"
"2020-09-14T02:15Z","10356","10357.5","10356","10357","269982"
"2020-09-14T02:16Z","10357","10357.5","10357","10357.5","217021"
"2020-09-14T02:17Z","10357.5","10357.5","10351.5","10352","781695"
"2020-09-14T02:18Z","10352","10352","10348","10348","568797"
"2020-09-14T02:19Z","10348","10348.5","10348","10348.5","654152"
"2020-09-14T02:20Z","10348.5","10348.5","10348","10348.5","69488"
"2020-09-14T02:21Z","10348.5","10348.5","10347.5","10347.5","176171"
"2020-09-14T02:22Z","10347.5","10356","10347.5","10355.5","867853"
"2020-09-14T02:23Z","10355.5","10356","10355.5","10355.5","161033"
"2020-09-14T02:24Z","10355.5","10360","10355.5","10360","238059"
"2020-09-14T02:25Z","10360","10360","10355","10355","146725"
"2020-09-14T02:26Z","10355","10355.5","10355","10355.5","51322"
"2020-09-14T02:27Z","10355.5","10357.5","10355","10357.5","155605"
"2020-09-14T02:28Z","10357.5","10360.5","10357","10360","519857"
"2020-09-14T02:29Z","10360","10360.5","10356","10356.5","384662"
"2020-09-14T02:30Z","10356.5","10360","10356","10360","103293"
"2020-09-14T02:31Z","10360","10360","10359","10359","55198"
"2020-09-14T02:32Z","10359","10359.5","10354.5","10354.5","640918"
"2020-09-14T02:33Z","10354.5","10355","10353.5","10354","255920"
"2020-09-14T02:34Z","10354","10354","10353.5","10353.5","53856"
"2020-09-14T02:35Z","10353.5","10354","10349","10349","134868"
"2020-09-14T02:36Z","10349","10349","10347.5","10349","89446"
"2020-09-14T02:37Z","10349","10349","10347.5","10348","219932"
"2020-09-14T02:38Z","10348","10348","10347.5","10347.5","41428"
"2020-09-14T02:39Z","10347.5","10348","10347.5","10347.5","10494"
"2020-09-14T02:40Z","10347.5","10354.5","10347.5","10354","286056"
"2020-09-14T02:41Z","10354","10354.5","10353.5","10353.5","67746"
"2020-09-14T02:42Z","10353.5","10354","10353","10353","301500"
"2020-09-14T02:43Z","10353","10353","10347.5","10347.5","387678"
"2020-09-14T02:44Z","10347.5","10348","10347.5","10347.5","23874"
"2020-09-14T02:45Z","10347.5","10348","10347.5","10347.5","25761"
"2020-09-14T02:46Z","10347.5","10348","10347.5","10348","29895"
"2020-09-14T02:47Z","10348","10348","10347.5","10347.5","24862"
"2020-09-14T02:48Z","10347.5","10348","10347.5","10348","83597"
"2020-09-14T02:49Z","10348","10348","10347.5","10347.5","10285"
"2020-09-14T02:50Z","10347.5","10348","10347.5","10347.5","17153"
"2020-09-14T02:51Z","10347.5","10348","10347.5","10348","49916"
"2020-09-14T02:52Z","10348","10348","10341.5","10342","383907"
"2020-09-14T02:53Z","10342","10342","10334","10334.5","786716"
"2020-09-14T02:54Z","10334.5","10337.5","10334","10337.5","90455"
"2020-09-14T02:55Z","10337.5","10343.5","10337.5","10343","200266"
"2020-09-14T02:56Z","10343","10343.5","10343","10343","1051522"
"2020-09-14T02:57Z","10343","10343.5","10343","10343","434705"
"2020-09-14T02:58Z","10343","10351.5","10343","10351","488174"
"2020-09-14T02:59Z","10351","10351.5","10351","10351","27271"
"2020-09-14T03:00Z","10351","10351.5","10348.5","10349","287452"
"2020-09-14T03:01Z","10349","10349","10348.5","10349","23407"
"2020-09-14T03:02Z","10349","10349","10348.5","10349","26105"
"2020-09-14T03:03Z","10349","10349","10348.5","10348.5","25854"
"2020-09-14T03:04Z","10348.5","10349","10348.5","10348.5","11491"
"2020-09-14T03:05Z","10348.5","10349","10348.5","10348.5","90520"
"2020-09-14T03:06Z","10348.5","10349","10346","10346.5","461659"
"2020-09-14T03:07Z","10346.5","10346.5","10341.5","10342","209016"
"2020-09-14T03:08Z","10342","10342","10340.5","10340.5","95967"
"2020-09-14T03:09Z","10340.5","10341","10340.5","10341","128147"
"2020-09-14T03:10Z","10341","10341","10340.5","10340.5","124475"
"2020-09-14T03:11Z","10340.5","10341","10340.5","10341","141407"
"2020-09-14T03:12Z","10341","10344.5","10340.5","10344","154339"
"2020-09-14T03:13Z","10344","10345","10344","10345","100911"
"2020-09-14T03:14Z","10345","10345","10344.5","10344.5","6972"
"2020-09-14T03:15Z","10344.5","10347.5","10344.5","10347.5","72563"
"2020-09-14T03:16Z","10347.5","10350.5","10347.5","10350","32001"
"2020-09-14T03:17Z","10350","10351.5","10350","10351","39783"
"2020-09-14T03:18Z","10351","10351.5","10351","10351.5","24892"
"2020-09-14T03:19Z","10351.5","10353.5","10351","10353","134774"
"2020-09-14T03:20Z","10353","10353.5","10353","10353","94866"
"2020-09-14T03:21Z","10353","10353.5","10353","10353","30830"
"2020-09-14T03:22Z","10353","10353.5","10353","10353","560"
"2020-09-14T03:23Z","10353","10353.5","10353","10353.5","137812"
"2020-09-14T03:24Z","10353.5","10353.5","10353","10353.5","8974"
"2020-09-14T03:25Z","10353.5","10353.5","10353","10353.5","174458"
"2020-09-14T03:26Z","10353.5","10353.5","10353","10353.5","34803"
"2020-09-14T03:27Z","10353.5","10353.5","10353","10353.5","3649"
"2020-09-14T03:28Z","10353.5","10353.5","10353","10353.5","39152"
"2020-09-14T03:29Z","10353.5","10353.5","10353","10353.5","86523"
"2020-09-14T03:30Z","10353.5","10355","10353","10354.5","117990"
"2020-09-14T03:31Z","10354.5","10355","10354.5","10354.5","399152"
"2020-09-14T03:32Z","10354.5","10355","10354.5","10355","36306"
"2020-09-14T03:33Z","10355","10355","10351.5","10351.5","412002"
"2020-09-14T03:34Z","10351.5","10351.5","10351","10351.5","120049"
"2020-09-14T03:35Z","10351.5","10351.5","10351","10351.5","25816"
"2020-09-14T03:36Z","10351.5","10351.5","10351","10351","58460"
"2020-09-14T03:37Z","10351","10351.5","10351","10351","11904"
"2020-09-14T03:38Z","10351","10351.5","10351","10351","31497"
"2020-09-14T03:39Z","10351","10351.5","10350.5","10350.5","133064"
"2020-09-14T03:40Z","10350.5","10350.5","10350","10350","33237"
"2020-09-14T03:41Z","10350","10350.5","10349.5","10350","49541"
"2020-09-14T03:42Z","10350","10350","10343.5","10343.5","545405"
"2020-09-14T03:43Z","10343.5","10344","10340.5","10341","503082"
"2020-09-14T03:44Z","10341","10341","10339.5","10340","301394"
"2020-09-14T03:45Z","10340","10340","10338","10338.5","102079"
"2020-09-14T03:46Z","10338.5","10350.5","10338.5","10350.5","330683"
"2020-09-14T03:47Z","10350.5","10350.5","10350","10350.5","111095"
"2020-09-14T03:48Z","10350.5","10350.5","10346.5","10346.5","54760"
"2020-09-14T03:49Z","10346.5","10347","10346.5","10346.5","251333"
"2020-09-14T03:50Z","10346.5","10346.5","10346","10346.5","18125"
"2020-09-14T03:51Z","10346.5","10346.5","10346","10346","17500"
"2020-09-14T03:52Z","10346","10346.5","10345.5","10345.5","248538"
"2020-09-14T03:53Z","10345.5","10348","10345.5","10348","83251"
"2020-09-14T03:54Z","10348","10349","10348","10348.5","2936"
"2020-09-14T03:55Z","10348.5","10349","10348.5","10349","8082"
"2020-09-14T03:56Z","10349","10349","10348","10348.5","169261"
"2020-09-14T03:57Z","10348.5","10348.5","10348","10348.5","60974"
"2020-09-14T03:58Z","10348.5","10348.5","10348","10348","23191"
"2020-09-14T03:59Z","10348","10349","10348","10348.5","99381"
"2020-09-14T04:00Z","10348.5","10349.5","10348.5","10349.5","204278"
"2020-09-14T04:01Z","10349.5","10349.5","10341","10341.5","847834"
"2020-09-14T04:02Z","10341.5","10341.5","10338.5","10339","116392"
"2020-09-14T04:03Z","10339","10339","10330","10330.5","995948"
"2020-09-14T04:04Z","10330.5","10330.5","10330","10330","149940"
"2020-09-14T04:05Z","10330","10330.5","10329.5","10330","345702"
"2020-09-14T04:06Z","10330","10330","10329.5","10330","26163"
"2020-09-14T04:07Z","10330","10330","10329.5","10330","21079"
"2020-09-14T04:08Z","10330","10330","10329.5","10329.5","174671"
"2020-09-14T04:09Z","10329.5","10330","10329.5","10329.5","10904"
"2020-09-14T04:10Z","10329.5","10330","10329.5","10330","32855"
"2020-09-14T04:11Z","10330","10330","10329.5","10329.5","35502"
"2020-09-14T04:12Z","10329.5","10331","10329.5","10331","86120"
"2020-09-14T04:13Z","10331","10331","10330.5","10330.5","31570"
"2020-09-14T04:14Z","10330.5","10331","10330.5","10331","62088"
"2020-09-14T04:15Z","10331","10331","10330.5","10330.5","33088"
"2020-09-14T04:16Z","10330.5","10331","10330.5","10330.5","8611"
"2020-09-14T04:17Z","10330.5","10331","10330.5","10330.5","16684"
"2020-09-14T04:18Z","10330.5","10331","10330.5","10330.5","31633"
"2020-09-14T04:19Z","10330.5","10331","10330.5","10331","12710"
"2020-09-14T04:20Z","10331","10331","10330.5","10330.5","5468"
"2020-09-14T04:21Z","10330.5","10336","10330.5","10335.5","258921"
"2020-09-14T04:22Z","10335.5","10338","10335.5","10338","175721"
"2020-09-14T04:23Z","10338","10338","10337.5","10337.5","140362"
"2020-09-14T04:24Z","10337.5","10338","10337.5","10338","364825"
"2020-09-14T04:25Z","10338","10338","10337.5","10337.5","137204"
"2020-09-14T04:26Z","10337.5","10338","10323.5","10323.5","1423029"
"2020-09-14T04:27Z","10323.5","10325.5","10323.5","10324","186908"
"2020-09-14T04:28Z","10324","10324.5","10315.5","10315.5","1002280"
"2020-09-14T04:29Z","10315.5","10321.5","10315.5","10321.5","116395"
"2020-09-14T04:30Z","10321.5","10321.5","10321","10321","136506"
"2020-09-14T04:31Z","10321","10321.5","10321","10321.5","55392"
"2020-09-14T04:32Z","10321.5","10325.5","10321","10325","182083"
"2020-09-14T04:33Z","10325","10325.5","10325","10325.5","84680"
"2020-09-14T04:34Z","10325.5","10325.5","10325","10325.5","30392"
"2020-09-14T04:35Z","10325.5","10325.5","10325","10325","10627"
"2020-09-14T04:36Z","10325","10330","10325","10329.5","162138"
"2020-09-14T04:37Z","10329.5","10330","10329.5","10329.5","342"
"2020-09-14T04:38Z","10329.5","10330","10329.5","10329.5","41639"
"2020-09-14T04:39Z","10329.5","10331","10329.5","10331","99437"
"2020-09-14T04:40Z","10331","10331","10330.5","10330.5","9285"
"2020-09-14T04:41Z","10330.5","10331","10330.5","10330.5","16399"
"2020-09-14T04:42Z","10330.5","10332","10330.5","10331.5","51103"
"2020-09-14T04:43Z","10331.5","10332","10331.5","10331.5","14778"
"2020-09-14T04:44Z","10331.5","10332","10331.5","10332","9997"
"2020-09-14T04:45Z","10332","10332","10331.5","10331.5","22763"
"2020-09-14T04:46Z","10331.5","10332","10331.5","10331.5","11303"
"2020-09-14T04:47Z","10331.5","10332","10331.5","10332","39055"
"2020-09-14T04:48Z","10332","10332","10331.5","10332","4225"
"2020-09-14T04:49Z","10332","10332","10328.5","10328.5","113510"
"2020-09-14T04:50Z","10328.5","10335.5","10328.5","10335.5","535667"
"2020-09-14T04:51Z","10335.5","10335.5","10335","10335","50"
"2020-09-14T04:52Z","10335","10335.5","10335","10335.5","48892"
"2020-09-14T04:53Z","10335.5","10335.5","10335","10335","30607"
"2020-09-14T04:54Z","10335","10335.5","10335","10335","23022"
"2020-09-14T04:55Z","10335","10338.5","10335","10338.5","251995"
"2020-09-14T04:56Z","10338.5","10339.5","10338.5","10339.5","46050"
"2020-09-14T04:57Z","10339.5","10339.5","10339","10339.5","80776"
"2020-09-14T04:58Z","10339.5","10340","10339","10340","55514"
"2020-09-14T04:59Z","10340","10340","10340","10340","48081"
"2020-09-14T05:00Z","10340","10342.5","10339.5","10342","358569"
"2020-09-14T05:01Z","10342","10343.5","10342","10343.5","97574"
"2020-09-14T05:02Z","10343.5","10344","10343.5","10344","141355"
"2020-09-14T05:03Z","10344","10350","10344","10350","1114190"
"2020-09-14T05:04Z","10350","10350","10349.5","10349.5","73728"
"2020-09-14T05:05Z","10349.5","10351.5","10349.5","10351","344784"
"2020-09-14T05:06Z","10351","10351.5","10350.5","10350.5","392669"