"2021-10-07T05:35Z","1.0645","1.066","1.0645","1.066","109560"
"2021-10-07T05:36Z","1.066","1.066","1.0659","1.066","282777"
"2021-10-07T05:37Z","1.066","1.0667","1.0653","1.0662","475438"
"2021-10-07T05:38Z","1.0662","1.0669","1.0646","1.0668","330373"
"2021-10-07T05:39Z","1.0668","1.068","1.0668","1.068","208313"
"2021-10-07T05:40Z","1.068","1.068","1.0674","1.0675","320219"
"2021-10-07T05:41Z","1.0675","1.068","1.0673","1.068","289863"
"2021-10-07T05:42Z","1.068","1.068","1.0679","1.068","81299"
"2021-10-07T05:43Z","1.068","1.068","1.0659","1.0662","635589"
"2021-10-07T05:44Z","1.0662","1.0664","1.0654","1.0663","123346"
"2021-10-07T05:45Z","1.0663","1.0664","1.0641","1.0642","572563"
"2021-10-07T05:46Z","1.0642","1.0663","1.0642","1.0663","274164"
"2021-10-07T05:47Z","1.0663","1.0699","1.0663","1.0698","402809"
"2021-10-07T05:48Z","1.0698","1.07","1.0692","1.07","408416"
"2021-10-07T05:49Z","1.07","1.0717","1.0696","1.0717","454448"
"2021-10-07T05:50Z","1.0717","1.0724","1.0717","1.0721","234772"
"2021-10-07T05:51Z","1.0721","1.0738","1.0721","1.0738","473780"
"2021-10-07T05:52Z","1.0738","1.0739","1.0729","1.0738","736126"
"2021-10-07T05:53Z","1.0738","1.0739","1.0733","1.0734","117215"
"2021-10-07T05:54Z","1.0734","1.0734","1.073","1.0731","130011"
"2021-10-07T05:55Z","1.0731","1.0731","1.0723","1.0724","397037"
"2021-10-07T05:56Z","1.0724","1.0724","1.0718","1.0719","832331"
"2021-10-07T05:57Z","1.0719","1.073","1.0719","1.073","261735"
"2021-10-07T05:58Z","1.073","1.073","1.0723","1.0724","57491"
"2021-10-07T05:59Z","1.0724","1.073","1.0722","1.073","159162"
"2021-10-07T06:00Z","1.073","1.073","1.0717","1.0718","463111"
"2021-10-07T06:01Z","1.0718","1.0729","1.0717","1.0729","136601"
"2021-10-07T06:02Z","1.0729","1.0729","1.0724","1.0724","13531"
"2021-10-07T06:03Z","1.0724","1.073","1.0724","1.0729","218423"
"2021-10-07T06:04Z","1.0729","1.0749","1.0729","1.0749","302874"
"2021-10-07T06:05Z","1.0749","1.0775","1.0748","1.0753","1475846"
"2021-10-07T06:06Z","1.0753","1.0767","1.0752","1.0767","557619"
"2021-10-07T06:07Z","1.0767","1.0782","1.0763","1.0782","679128"
"2021-10-07T06:08Z","1.0782","1.0804","1.0776","1.0804","880523"
"2021-10-07T06:09Z","1.0804","1.0805","1.0791","1.0794","594591"
"2021-10-07T06:10Z","1.0794","1.0806","1.0794","1.0804","285723"
"2021-10-07T06:11Z","1.0804","1.083","1.0799","1.083","700912"
"2021-10-07T06:12Z","1.083","1.0831","1.0815","1.0831","1329218"
"2021-10-07T06:13Z","1.0831","1.0831","1.0806","1.0814","1155502"
"2021-10-07T06:14Z","1.0814","1.0816","1.0796","1.08","339351"
"2021-10-07T06:15Z","1.08","1.0801","1.0789","1.079","1357210"
"2021-10-07T06:16Z","1.079","1.0792","1.0785","1.0786","388875"
"2021-10-07T06:17Z","1.0786","1.079","1.0776","1.079","455014"
"2021-10-07T06:18Z","1.079","1.079","1.0785","1.0789","118541"
"2021-10-07T06:19Z","1.0789","1.0796","1.0789","1.0791","307857"
"2021-10-07T06:20Z","1.0791","1.0792","1.0787","1.0787","170986"
"2021-10-07T06:21Z","1.0787","1.0795","1.0787","1.0795","754088"
"2021-10-07T06:22Z","1.0795","1.0795","1.079","1.0792","127739"
"2021-10-07T06:23Z","1.0792","1.0792","1.0777","1.0779","619335"
"2021-10-07T06:24Z","1.0779","1.0779","1.077","1.077","81956"
"2021-10-07T06:25Z","1.077","1.0771","1.0753","1.0756","282823"
"2021-10-07T06:26Z","1.0756","1.0757","1.0754","1.0754","185774"
"2021-10-07T06:27Z","1.0754","1.0755","1.0752","1.0753","146571"
"2021-10-07T06:28Z","1.0753","1.0763","1.0752","1.0763","379473"
"2021-10-07T06:29Z","1.0763","1.0767","1.0758","1.0767","42663"
"2021-10-07T06:30Z","1.0767","1.0768","1.0751","1.0752","431331"
"2021-10-07T06:31Z","1.0752","1.0755","1.0747","1.0749","380207"
"2021-10-07T06:32Z","1.0749","1.0755","1.0749","1.0755","220339"
"2021-10-07T06:33Z","1.0755","1.0755","1.0751","1.0752","66248"
"2021-10-07T06:34Z","1.0752","1.0752","1.0727","1.0732","1012584"
"2021-10-07T06:35Z","1.0732","1.0738","1.0731","1.0734","1112293"
"2021-10-07T06:36Z","1.0734","1.0737","1.073","1.0732","352351"
"2021-10-07T06:37Z","1.0732","1.0736","1.0731","1.0732","1202001"
"2021-10-07T06:38Z","1.0732","1.0737","1.0731","1.0737","258431"
"2021-10-07T06:39Z","1.0737","1.0737","1.0732","1.0733","170700"
"2021-10-07T06:40Z","1.0733","1.0733","1.0727","1.0727","310669"
"2021-10-07T06:41Z","1.0727","1.0727","1.071","1.0712","739857"
"2021-10-07T06:42Z","1.0712","1.0721","1.0711","1.0712","447738"
"2021-10-07T06:43Z","1.0712","1.0712","1.071","1.0711","238277"
"2021-10-07T06:44Z","1.0711","1.0711","1.0694","1.0703","657876"
"2021-10-07T06:45Z","1.0703","1.0714","1.0695","1.0714","534234"
"2021-10-07T06:46Z","1.0714","1.0736","1.0714","1.0735","796956"
"2021-10-07T06:47Z","1.0735","1.0736","1.0731","1.0731","239941"
"2021-10-07T06:48Z","1.0731","1.0731","1.0715","1.0715","261753"
"2021-10-07T06:49Z","1.0715","1.0726","1.0715","1.0718","359577"
"2021-10-07T06:50Z","1.0718","1.0718","1.0706","1.0708","189184"
"2021-10-07T06:51Z","1.0708","1.0708","1.0684","1.0684","426374"
"2021-10-07T06:52Z","1.0684","1.0685","1.0675","1.0675","771358"
"2021-10-07T06:53Z","1.0675","1.0676","1.0647","1.0664","2219835"
"2021-10-07T06:54Z","1.0664","1.0694","1.0664","1.0694","387949"
"2021-10-07T06:55Z","1.0694","1.0705","1.0693","1.0705","1269905"
"2021-10-07T06:56Z","1.0705","1.0705","1.0684","1.0684","158231"
"2021-10-07T06:57Z","1.0684","1.0685","1.0679","1.0684","387079"
"2021-10-07T06:58Z","1.0684","1.0702","1.0684","1.0702","256843"
"2021-10-07T06:59Z","1.0702","1.0702","1.07","1.07","74745"
"2021-10-07T07:00Z","1.07","1.07","1.0688","1.0689","316374"
"2021-10-07T07:01Z","1.0689","1.0695","1.0689","1.0695","198710"
"2021-10-07T07:02Z","1.0695","1.0695","1.0686","1.0686","75798"
"2021-10-07T07:03Z","1.0686","1.0688","1.0677","1.0688","303621"
"2021-10-07T07:04Z","1.0688","1.0709","1.0688","1.0708","815734"
"2021-10-07T07:05Z","1.0708","1.0708","1.0699","1.07","125476"
"2021-10-07T07:06Z","1.07","1.0705","1.068","1.0686","740273"
"2021-10-07T07:07Z","1.0686","1.07","1.0684","1.069","176987"
"2021-10-07T07:08Z","1.069","1.0697","1.0689","1.0692","322935"
"2021-10-07T07:09Z","1.0692","1.0692","1.0661","1.0664","639626"
"2021-10-07T07:10Z","1.0664","1.0694","1.0664","1.0694","234226"
"2021-10-07T07:11Z","1.0694","1.0703","1.0694","1.0702","180358"
"2021-10-07T07:12Z","1.0702","1.0703","1.07","1.07","36409"
"2021-10-07T07:13Z","1.07","1.0705","1.0691","1.0691","280563"
"2021-10-07T07:14Z","1.0691","1.0692","1.0681","1.0681","157619"
"2021-10-07T07:15Z","1.0681","1.0699","1.0679","1.0696","315814"
"2021-10-07T07:16Z","1.0696","1.0698","1.0691","1.0691","51351"
"2021-10-07T07:17Z","1.0691","1.0692","1.0689","1.0689","42332"
"2021-10-07T07:18Z","1.0689","1.0696","1.0689","1.0695","95761"
"2021-10-07T07:19Z","1.0695","1.0697","1.0695","1.0697","28885"
"2021-10-07T07:20Z","1.0697","1.0698","1.0695","1.0696","36090"
"2021-10-07T07:21Z","1.0696","1.0713","1.0695","1.0712","335473"
"2021-10-07T07:22Z","1.0712","1.0722","1.0712","1.0721","415049"
"2021-10-07T07:23Z","1.0721","1.0729","1.0721","1.0729","246965"
"2021-10-07T07:24Z","1.0729","1.0755","1.0729","1.0755","876671"
"2021-10-07T07:25Z","1.0755","1.0785","1.075","1.0785","1357437"
"2021-10-07T07:26Z","1.0785","1.0785","1.0772","1.0778","477988"
"2021-10-07T07:27Z","1.0778","1.0784","1.0778","1.0778","673313"
"2021-10-07T07:28Z","1.0778","1.078","1.0773","1.0778","330862"
"2021-10-07T07:29Z","1.0778","1.0788","1.0778","1.0788","756548"
"2021-10-07T07:30Z","1.0788","1.08","1.0782","1.08","784700"
"2021-10-07T07:31Z","1.08","1.0823","1.08","1.0802","2553471"
"2021-10-07T07:32Z","1.0802","1.0808","1.0799","1.0808","889782"
"2021-10-07T07:33Z","1.0808","1.0821","1.0796","1.0821","708221"
"2021-10-07T07:34Z","1.0821","1.0821","1.0806","1.0806","463863"
"2021-10-07T07:35Z","1.0806","1.0812","1.0802","1.0807","221285"
"2021-10-07T07:36Z","1.0807","1.0808","1.0799","1.0803","354026"
"2021-10-07T07:37Z","1.0803","1.0803","1.0785","1.0794","754196"
"2021-10-07T07:38Z","1.0794","1.0795","1.0793","1.0794","123354"
"2021-10-07T07:39Z","1.0794","1.0794","1.0793","1.0793","148873"
"2021-10-07T07:40Z","1.0793","1.0809","1.0793","1.0802","773349"
"2021-10-07T07:41Z","1.0802","1.0804","1.0794","1.0803","305233"
"2021-10-07T07:42Z","1.0803","1.0809","1.0803","1.0809","273857"
"2021-10-07T07:43Z","1.0809","1.0809","1.0807","1.0807","183946"
"2021-10-07T07:44Z","1.0807","1.0808","1.0807","1.0808","96911"
"2021-10-07T07:45Z","1.0808","1.0814","1.0807","1.0813","398180"
"2021-10-07T07:46Z","1.0813","1.0813","1.0794","1.0794","268357"
"2021-10-07T07:47Z","1.0794","1.0804","1.0794","1.0804","100696"
"2021-10-07T07:48Z","1.0804","1.0805","1.0795","1.0795","150680"
"2021-10-07T07:49Z","1.0795","1.0798","1.0794","1.0795","154811"
"2021-10-07T07:50Z","1.0795","1.0795","1.0786","1.0786","311491"
"2021-10-07T07:51Z","1.0786","1.0787","1.0786","1.0787","167343"
"2021-10-07T07:52Z","1.0787","1.0813","1.0786","1.0812","319241"
"2021-10-07T07:53Z","1.0812","1.0826","1.0812","1.0825","368087"
"2021-10-07T07:54Z","1.0825","1.0861","1.0825","1.0861","1147224"
"2021-10-07T07:55Z","1.0861","1.0862","1.0839","1.0858","688966"
"2021-10-07T07:56Z","1.0858","1.0858","1.0844","1.0844","320905"
"2021-10-07T07:57Z","1.0844","1.0851","1.084","1.0851","596071"
"2021-10-07T07:58Z","1.0851","1.0879","1.0851","1.087","1292998"
"2021-10-07T07:59Z","1.087","1.087","1.0859","1.0864","839448"
"2021-10-07T08:00Z","1.0864","1.0875","1.0863","1.0872","408388"
"2021-10-07T08:01Z","1.0872","1.0873","1.0865","1.0865","557519"
"2021-10-07T08:02Z","1.0865","1.0865","1.0848","1.0855","874624"
"2021-10-07T08:03Z","1.0855","1.0859","1.0842","1.0859","1581609"
"2021-10-07T08:04Z","1.0859","1.086","1.0851","1.0851","548264"
"2021-10-07T08:05Z","1.0851","1.0858","1.0851","1.0857","122281"
"2021-10-07T08:06Z","1.0857","1.0865","1.0857","1.0861","308009"
"2021-10-07T08:07Z","1.0861","1.0867","1.086","1.0866","274084"
"2021-10-07T08:08Z","1.0866","1.0922","1.0866","1.0921","2415151"
"2021-10-07T08:09Z","1.0921","1.0932","1.0912","1.0932","1416817"
"2021-10-07T08:10Z","1.0932","1.0932","1.0889","1.0899","919200"
"2021-10-07T08:11Z","1.0899","1.0905","1.0894","1.0903","267883"
"2021-10-07T08:12Z","1.0903","1.0935","1.0903","1.0923","1357960"
"2021-10-07T08:13Z","1.0923","1.0923","1.0911","1.0911","301532"
"2021-10-07T08:14Z","1.0911","1.0912","1.0898","1.0901","531047"
"2021-10-07T08:15Z","1.0901","1.0902","1.0882","1.0889","418968"
"2021-10-07T08:16Z","1.0889","1.091","1.0889","1.0904","409046"
"2021-10-07T08:17Z","1.0904","1.0904","1.0893","1.0893","274980"
"2021-10-07T08:18Z","1.0893","1.0898","1.0893","1.0895","15336"
"2021-10-07T08:19Z","1.0895","1.0896","1.089","1.0891","316213"
"2021-10-07T08:20Z","1.0891","1.0891","1.0887","1.0889","283695"
"2021-10-07T08:21Z","1.0889","1.0893","1.0889","1.0889","204579"
"2021-10-07T08:22Z","1.0889","1.089","1.0889","1.089","162699"
"2021-10-07T08:23Z","1.089","1.0905","1.0889","1.0904","414915"
"2021-10-07T08:24Z","1.0904","1.0904","1.0892","1.0893","124946"
"2021-10-07T08:25Z","1.0893","1.0899","1.0887","1.089","593398"
"2021-10-07T08:26Z","1.089","1.0891","1.0866","1.0866","854599"
"2021-10-07T08:27Z","1.0866","1.0867","1.0847","1.0851","1024918"
"2021-10-07T08:28Z","1.0851","1.0857","1.0851","1.0852","273807"
"2021-10-07T08:29Z","1.0852","1.0855","1.0835","1.0836","687290"
"2021-10-07T08:30Z","1.0836","1.0836","1.0828","1.0831","530434"
"2021-10-07T08:31Z","1.0831","1.085","1.083","1.0849","552549"
"2021-10-07T08:32Z","1.0849","1.085","1.0845","1.0845","37223"
"2021-10-07T08:33Z","1.0845","1.0853","1.0844","1.0853","115266"
"2021-10-07T08:34Z","1.0853","1.0857","1.0852","1.0857","605035"
"2021-10-07T08:35Z","1.0857","1.0857","1.0852","1.0853","473606"
"2021-10-07T08:36Z","1.0853","1.0853","1.0852","1.0852","105387"
"2021-10-07T08:37Z","1.0852","1.0858","1.0852","1.0858","502305"
"2021-10-07T08:38Z","1.0858","1.0858","1.0854","1.0858","119729"
"2021-10-07T08:39Z","1.0858","1.0865","1.0854","1.0854","127468"
"2021-10-07T08:40Z","1.0854","1.0866","1.0854","1.0866","112862"
"2021-10-07T08:41Z","1.0866","1.0866","1.0864","1.0864","100707"
"2021-10-07T08:42Z","1.0864","1.0866","1.0864","1.0866","49000"
"2021-10-07T08:43Z","1.0866","1.0875","1.0865","1.0875","75860"
"2021-10-07T08:44Z","1.0875","1.0875","1.0871","1.0871","244438"
"2021-10-07T08:45Z","1.0871","1.0872","1.0857","1.0857","451126"
"2021-10-07T08:46Z","1.0857","1.0857","1.084","1.0851","179491"
"2021-10-07T08:47Z","1.0851","1.0853","1.085","1.0852","95887"
"2021-10-07T08:48Z","1.0852","1.0853","1.0852","1.0853","264325"
"2021-10-07T08:49Z","1.0853","1.0859","1.0846","1.0847","523984"
"2021-10-07T08:50Z","1.0847","1.0862","1.0846","1.0861","83332"
"2021-10-07T08:51Z","1.0861","1.0862","1.0861","1.0862","92421"
"2021-10-07T08:52Z","1.0862","1.0862","1.0857","1.086","34269"
"2021-10-07T08:53Z","1.086","1.0878","1.086","1.0878","541596"
"2021-10-07T08:54Z","1.0878","1.0884","1.0872","1.0878","283056"
"2021-10-07T08:55Z","1.0878","1.0878","1.0868","1.0868","268109"
"2021-10-07T08:56Z","1.0868","1.0904","1.0868","1.0904","623172"
"2021-10-07T08:57Z","1.0904","1.0928","1.0903","1.0928","655212"
"2021-10-07T08:58Z","1.0928","1.0929","1.0911","1.0919","501594"
"2021-10-07T08:59Z","1.0919","1.0936","1.0912","1.0936","350859"
"2021-10-07T09:00Z","1.0936","1.0947","1.0925","1.0938","1411096"
"2021-10-07T09:01Z","1.0938","1.0943","1.0933","1.0933","356877"
"2021-10-07T09:02Z","1.0933","1.0933","1.0891","1.0896","1135069"
"2021-10-07T09:03Z","1.0896","1.0899","1.0875","1.0899","327136"
"2021-10-07T09:04Z","1.0899","1.0899","1.0866","1.0871","467241"
"2021-10-07T09:05Z","1.0871","1.0885","1.0871","1.0885","146805"
"2021-10-07T09:06Z","1.0885","1.0904","1.0885","1.089","145696"
"2021-10-07T09:07Z","1.089","1.089","1.0851","1.0853","1062207"
"2021-10-07T09:08Z","1.0853","1.0864","1.0835","1.0835","491992"
"2021-10-07T09:09Z","1.0835","1.0839","1.0785","1.079","3015096"
"2021-10-07T09:10Z","1.079","1.0814","1.0781","1.0813","1976112"
"2021-10-07T09:11Z","1.0813","1.0822","1.0806","1.0818","901458"
"2021-10-07T09:12Z","1.0818","1.0832","1.0816","1.0823","546288"
"2021-10-07T09:13Z","1.0823","1.0852","1.0823","1.0844","1310159"
"2021-10-07T09:14Z","1.0844","1.0852","1.0844","1.0848","208879"
"2021-10-07T09:15Z","1.0848","1.0886","1.0848","1.0886","230062"
"2021-10-07T09:16Z","1.0886","1.089","1.0847","1.0847","535476"
"2021-10-07T09:17Z","1.0847","1.0866","1.0826","1.0866","1960547"
"2021-10-07T09:18Z","1.0866","1.0887","1.0826","1.0826","2311289"
"2021-10-07T09:19Z","1.0826","1.0826","1.0807","1.0824","926582"
"2021-10-07T09:20Z","1.0824","1.0835","1.0815","1.0816","1072975"
"2021-10-07T09:21Z","1.0816","1.0816","1.0777","1.0794","1499756"
"2021-10-07T09:22Z","1.0794","1.0797","1.0759","1.0772","1439475"
"2021-10-07T09:23Z","1.0772","1.0787","1.0764","1.0787","863957"
"2021-10-07T09:24Z","1.0787","1.0819","1.0787","1.0819","1310862"
"2021-10-07T09:25Z","1.0819","1.0819","1.0796","1.0796","737465"
"2021-10-07T09:26Z","1.0796","1.0808","1.0796","1.0803","149274"
"2021-10-07T09:27Z","1.0803","1.0804","1.0782","1.0782","331530"
"2021-10-07T09:28Z","1.0782","1.0786","1.0773","1.0784","551290"
"2021-10-07T09:29Z","1.0784","1.0787","1.0769","1.0774","437054"
"2021-10-07T09:30Z","1.0774","1.0774","1.0756","1.0756","835651"
"2021-10-07T09:31Z","1.0756","1.0762","1.0721","1.0737","1992635"
"2021-10-07T09:32Z","1.0737","1.0738","1.0714","1.0722","660994"
"2021-10-07T09:33Z","1.0722","1.0749","1.0722","1.0748","927626"
"2021-10-07T09:34Z","1.0748","1.0797","1.0748","1.0796","955718"
"2021-10-07T09:35Z","1.0796","1.0807","1.0782","1.0804","886494"
"2021-10-07T09:36Z","1.0804","1.0841","1.0804","1.0823","1867353"
"2021-10-07T09:37Z","1.0823","1.083","1.0821","1.0821","354757"
"2021-10-07T09:38Z","1.0821","1.0822","1.0806","1.0806","854537"
"2021-10-07T09:39Z","1.0806","1.0807","1.0784","1.0785","625701"
"2021-10-07T09:40Z","1.0785","1.0785","1.0761","1.0771","563212"
"2021-10-07T09:41Z","1.0771","1.0805","1.0771","1.0805","433918"
"2021-10-07T09:42Z","1.0805","1.0806","1.0792","1.0806","251488"
"2021-10-07T09:43Z","1.0806","1.0817","1.0796","1.0817","129378"
"2021-10-07T09:44Z","1.0817","1.0817","1.0806","1.0815","351652"
"2021-10-07T09:45Z","1.0815","1.0815","1.0795","1.0808","221254"
"2021-10-07T09:46Z","1.0808","1.0821","1.0808","1.0821","544631"
"2021-10-07T09:47Z","1.0821","1.0826","1.0816","1.0826","217606"
"2021-10-07T09:48Z","1.0826","1.0828","1.0811","1.0811","270031"
"2021-10-07T09:49Z","1.0811","1.0811","1.0798","1.0806","100272"
"2021-10-07T09:50Z","1.0806","1.0806","1.0792","1.0795","301728"
"2021-10-07T09:51Z","1.0795","1.0808","1.0792","1.0808","105167"
"2021-10-07T09:52Z","1.0808","1.0809","1.0808","1.0809","185733"
"2021-10-07T09:53Z","1.0809","1.0813","1.0808","1.0813","100742"
"2021-10-07T09:54Z","1.0813","1.0828","1.081","1.0827","289354"
"2021-10-07T09:55Z","1.0827","1.0828","1.0818","1.0822","65075"
"2021-10-07T09:56Z","1.0822","1.0826","1.0822","1.0825","201859"
"2021-10-07T09:57Z","1.0825","1.0827","1.0823","1.0824","60510"
"2021-10-07T09:58Z","1.0824","1.0828","1.0823","1.0827","59451"
"2021-10-07T09:59Z","1.0827","1.0846","1.0827","1.084","251541"
"2021-10-07T10:00Z","1.084","1.0845","1.0828","1.0845","273195"
"2021-10-07T10:01Z","1.0845","1.0855","1.0844","1.0852","322703"
"2021-10-07T10:02Z","1.0852","1.0854","1.0848","1.0854","113682"
"2021-10-07T10:03Z","1.0854","1.0856","1.085","1.085","256755"
"2021-10-07T10:04Z","1.085","1.085","1.084","1.0841","364544"
"2021-10-07T10:05Z","1.0841","1.0841","1.084","1.0841","97133"
"2021-10-07T10:06Z","1.0841","1.0847","1.084","1.0844","384991"
"2021-10-07T10:07Z","1.0844","1.0845","1.083","1.083","193903"
"2021-10-07T10:08Z","1.083","1.0842","1.083","1.0839","147263"
"2021-10-07T10:09Z","1.0839","1.0839","1.0838","1.0839","78829"
"2021-10-07T10:10Z","1.0839","1.0839","1.0799","1.0807","1539395"
"2021-10-07T10:11Z","1.0807","1.0818","1.0807","1.0815","306657"
"2021-10-07T10:12Z","1.0815","1.0815","1.0805","1.0814","190170"
"2021-10-07T10:13Z","1.0814","1.0828","1.0813","1.0818","204026"
"2021-10-07T10:14Z","1.0818","1.082","1.081","1.0815","416389"
"2021-10-07T10:15Z","1.0815","1.0816","1.0802","1.0802","105687"
"2021-10-07T10:16Z","1.0802","1.0807","1.0802","1.0806","250719"
"2021-10-07T10:17Z","1.0806","1.0807","1.0793","1.0796","216090"
"2021-10-07T10:18Z","1.0796","1.0806","1.0796","1.0806","259350"
"2021-10-07T10:19Z","1.0806","1.0808","1.0795","1.0795","291710"
"2021-10-07T10:20Z","1.0795","1.08","1.0795","1.0797","474575"
"2021-10-07T10:21Z","1.0797","1.0797","1.0791","1.0791","285235"
"2021-10-07T10:22Z","1.0791","1.0796","1.0791","1.0795","164863"
"2021-10-07T10:23Z","1.0795","1.0796","1.0793","1.0793","26878"
"2021-10-07T10:24Z","1.0793","1.0794","1.0793","1.0793","41480"
"2021-10-07T10:25Z","1.0793","1.0804","1.0793","1.0799","278129"
"2021-10-07T10:26Z","1.0799","1.08","1.0796","1.0796","191579"
"2021-10-07T10:27Z","1.0796","1.0796","1.0793","1.0793","102471"
"2021-10-07T10:28Z","1.0793","1.0798","1.0793","1.0794","69318"
"2021-10-07T10:29Z","1.0794","1.0795","1.0793","1.0793","29489"
"2021-10-07T10:30Z","1.0793","1.0794","1.079","1.079","68709"
"2021-10-07T10:31Z","1.079","1.0791","1.0781","1.0781","281293"
"2021-10-07T10:32Z","1.0781","1.0792","1.0781","1.0784","117030"
"2021-10-07T10:33Z","1.0784","1.0784","1.0777","1.0777","161287"
"2021-10-07T10:34Z","1.0777","1.0807","1.0777","1.0806","350908"
"2021-10-07T10:35Z","1.0806","1.081","1.0803","1.0803","227605"
"2021-10-07T10:36Z","1.0803","1.0804","1.0783","1.0783","183115"
"2021-10-07T10:37Z","1.0783","1.0783","1.0782","1.0782","111241"
"2021-10-07T10:38Z","1.0782","1.0783","1.0777","1.0779","359034"
"2021-10-07T10:39Z","1.0779","1.0786","1.0778","1.0784","184749"
"2021-10-07T10:40Z","1.0784","1.0788","1.0781","1.0788","113960"
"2021-10-07T10:41Z","1.0788","1.08","1.0788","1.0799","260658"
"2021-10-07T10:42Z","1.0799","1.0799","1.0771","1.0772","263700"
"2021-10-07T10:43Z","1.0772","1.0772","1.075","1.075","461093"
"2021-10-07T10:44Z","1.075","1.0757","1.0749","1.0757","455999"
"2021-10-07T10:45Z","1.0757","1.0772","1.0757","1.0771","238939"
"2021-10-07T10:46Z","1.0771","1.0771","1.0751","1.0751","144983"
"2021-10-07T10:47Z","1.0751","1.0756","1.075","1.0756","223050"
"2021-10-07T10:48Z","1.0756","1.0756","1.0751","1.0751","69998"
"2021-10-07T10:49Z","1.0751","1.0751","1.0741","1.0741","222803"
"2021-10-07T10:50Z","1.0741","1.0796","1.0735","1.0796","1290795"
"2021-10-07T10:51Z","1.0796","1.0799","1.0762","1.0762","441300"
"2021-10-07T10:52Z","1.0762","1.0768","1.0746","1.0746","454407"
"2021-10-07T10:53Z","1.0746","1.0757","1.074","1.0757","181575"
"2021-10-07T10:54Z","1.0757","1.0772","1.0754","1.0772","288536"
"2021-10-07T10:55Z","1.0772","1.0773","1.0752","1.0756","165535"
"2021-10-07T10:56Z","1.0756","1.0768","1.0756","1.0761","65600"
"2021-10-07T10:57Z","1.0761","1.0777","1.0761","1.0775","458513"
"2021-10-07T10:58Z","1.0775","1.0776","1.0767","1.0767","79027"
"2021-10-07T10:59Z","1.0767","1.077","1.0763","1.0767","95030"
"2021-10-07T11:00Z","1.0767","1.0787","1.0766","1.078","230450"
"2021-10-07T11:01Z","1.078","1.0781","1.0771","1.0775","58656"
"2021-10-07T11:02Z","1.0775","1.0786","1.0775","1.0785","128063"
"2021-10-07T11:03Z","1.0785","1.0785","1.0775","1.0776","155857"
"2021-10-07T11:04Z","1.0776","1.0779","1.0776","1.0779","119535"
"2021-10-07T11:05Z","1.0779","1.0784","1.0776","1.0784","156650"
"2021-10-07T11:06Z","1.0784","1.0794","1.0784","1.0793","184366"
"2021-10-07T11:07Z","1.0793","1.0805","1.0793","1.0805","97450"
"2021-10-07T11:08Z","1.0805","1.0813","1.0804","1.0811","306977"
"2021-10-07T11:09Z","1.0811","1.0815","1.0808","1.0808","149847"
"2021-10-07T11:10Z","1.0808","1.083","1.0807","1.0829","315492"
"2021-10-07T11:11Z","1.0829","1.083","1.0821","1.0824","206662"
"2021-10-07T11:12Z","1.0824","1.083","1.0821","1.0828","219844"
"2021-10-07T11:13Z","1.0828","1.0831","1.0828","1.0831","67273"
"2021-10-07T11:14Z","1.0831","1.0845","1.083","1.0841","904050"
"2021-10-07T11:15Z","1.0841","1.0841","1.083","1.0831","233257"
"2021-10-07T11:16Z","1.0831","1.0836","1.0831","1.0831","151104"
"2021-10-07T11:17Z","1.0831","1.0831","1.0821","1.0822","302971"
"2021-10-07T11:18Z","1.0822","1.0826","1.0821","1.0826","74369"
"2021-10-07T11:19Z","1.0826","1.0826","1.0805","1.0805","361507"
"2021-10-07T11:20Z","1.0805","1.0806","1.0779","1.0788","604095"
"2021-10-07T11:21Z","1.0788","1.0792","1.0784","1.0785","226255"
"2021-10-07T11:22Z","1.0785","1.0785","1.0766","1.078","1140068"
"2021-10-07T11:23Z","1.078","1.0794","1.078","1.0793","1073457"
"2021-10-07T11:24Z","1.0793","1.08","1.079","1.0794","158202"
"2021-10-07T11:25Z","1.0794","1.0794","1.0777","1.0777","87992"
"2021-10-07T11:26Z","1.0777","1.0778","1.077","1.0773","220706"
"2021-10-07T11:27Z","1.0773","1.0786","1.0773","1.0781","188557"
"2021-10-07T11:28Z","1.0781","1.0791","1.0777","1.079","127298"
"2021-10-07T11:29Z","1.079","1.0792","1.0786","1.0792","38383"
"2021-10-07T11:30Z","1.0792","1.0804","1.079","1.0803","549472"
"2021-10-07T11:31Z","1.0803","1.0803","1.0793","1.0793","123378"
"2021-10-07T11:32Z","1.0793","1.08","1.0793","1.08","172171"
"2021-10-07T11:33Z","1.08","1.0801","1.0799","1.08","47211"
"2021-10-07T11:34Z","1.08","1.0812","1.0799","1.0812","205638"
"2021-10-07T11:35Z","1.0812","1.0812","1.0801","1.0801","217152"
"2021-10-07T11:36Z","1.0801","1.0826","1.0801","1.0823","329191"
"2021-10-07T11:37Z","1.0823","1.0826","1.0817","1.0826","346252"
"2021-10-07T11:38Z","1.0826","1.0826","1.0823","1.0826","262712"
"2021-10-07T11:39Z","1.0826","1.0826","1.0813","1.0817","153270"
"2021-10-07T11:40Z","1.0817","1.0821","1.0811","1.0811","224834"
"2021-10-07T11:41Z","1.0811","1.0811","1.0801","1.0809","102093"
"2021-10-07T11:42Z","1.0809","1.0809","1.0806","1.0806","10891"
"2021-10-07T11:43Z","1.0806","1.0806","1.0803","1.0804","47414"
"2021-10-07T11:44Z","1.0804","1.0811","1.0804","1.0811","153416"
"2021-10-07T11:45Z","1.0811","1.0811","1.0807","1.0807","39472"
"2021-10-07T11:46Z","1.0807","1.083","1.0807","1.0829","303343"
"2021-10-07T11:47Z","1.0829","1.083","1.0809","1.0827","973581"
"2021-10-07T11:48Z","1.0827","1.0836","1.0827","1.0829","257470"
"2021-10-07T11:49Z","1.0829","1.0836","1.0829","1.0834","171195"
"2021-10-07T11:50Z","1.0834","1.0835","1.0829","1.0832","53135"
"2021-10-07T11:51Z","1.0832","1.0838","1.0831","1.0838","290057"
"2021-10-07T11:52Z","1.0838","1.0845","1.0834","1.0845","718176"
"2021-10-07T11:53Z","1.0845","1.086","1.0845","1.0859","468633"
"2021-10-07T11:54Z","1.0859","1.0859","1.0845","1.0845","665553"
"2021-10-07T11:55Z","1.0845","1.0846","1.0845","1.0846","116618"
"2021-10-07T11:56Z","1.0846","1.0851","1.0846","1.085","158776"
"2021-10-07T11:57Z","1.085","1.0851","1.0847","1.0847","201451"
"2021-10-07T11:58Z","1.0847","1.0848","1.0847","1.0848","83610"
"2021-10-07T11:59Z","1.0848","1.0848","1.0839","1.084","153872"
"2021-10-07T12:00Z","1.084","1.0841","1.0839","1.084","95399"
"2021-10-07T12:01Z","1.084","1.0841","1.084","1.0841","74015"
"2021-10-07T12:02Z","1.0841","1.0841","1.0836","1.0836","123721"
"2021-10-07T12:03Z","1.0836","1.0838","1.0836","1.0837","37617"
"2021-10-07T12:04Z","1.0837","1.0847","1.0835","1.0846","143766"
"2021-10-07T12:05Z","1.0846","1.086","1.0846","1.086","249937"
"2021-10-07T12:06Z","1.086","1.0864","1.0854","1.0854","352419"
"2021-10-07T12:07Z","1.0854","1.0858","1.0849","1.085","57388"
"2021-10-07T12:08Z","1.085","1.0852","1.0845","1.0845","68813"
"2021-10-07T12:09Z","1.0845","1.0845","1.0841","1.0842","23920"
"2021-10-07T12:10Z","1.0842","1.0844","1.0838","1.0844","136989"
"2021-10-07T12:11Z","1.0844","1.0845","1.084","1.0841","32368"
"2021-10-07T12:12Z","1.0841","1.0842","1.0834","1.0841","213659"
"2021-10-07T12:13Z","1.0841","1.0844","1.0839","1.0839","141648"
"2021-10-07T12:14Z","1.0839","1.0845","1.0839","1.0845","64507"
"2021-10-07T12:15Z","1.0845","1.0845","1.0835","1.084","197536"
"2021-10-07T12:16Z","1.084","1.084","1.0818","1.0824","489183"
"2021-10-07T12:17Z","1.0824","1.0824","1.0807","1.0815","604245"
"2021-10-07T12:18Z","1.0815","1.0825","1.0815","1.0824","95045"
"2021-10-07T12:19Z","1.0824","1.0826","1.082","1.0826","76201"
"2021-10-07T12:20Z","1.0826","1.0832","1.0822","1.0822","70985"
"2021-10-07T12:21Z","1.0822","1.0825","1.082","1.0822","122714"
"2021-10-07T12:22Z","1.0822","1.0822","1.081","1.0811","124489"
"2021-10-07T12:23Z","1.0811","1.0814","1.081","1.081","198670"
"2021-10-07T12:24Z","1.081","1.0811","1.0805","1.0805","317474"
"2021-10-07T12:25Z","1.0805","1.0806","1.0783","1.0788","961520"
"2021-10-07T12:26Z","1.0788","1.0792","1.0787","1.0788","328194"
"2021-10-07T12:27Z","1.0788","1.0788","1.0773","1.0774","787994"
"2021-10-07T12:28Z","1.0774","1.0774","1.0757","1.0758","1015057"
"2021-10-07T12:29Z","1.0758","1.0758","1.0736","1.0752","1273637"
"2021-10-07T12:30Z","1.0752","1.0755","1.0691","1.0739","2935419"
"2021-10-07T12:31Z","1.0739","1.0771","1.0738","1.0771","706442"
"2021-10-07T12:32Z","1.0771","1.0772","1.075","1.0772","597845"
"2021-10-07T12:33Z","1.0772","1.0787","1.0772","1.0782","389130"
"2021-10-07T12:34Z","1.0782","1.0782","1.0769","1.077","393555"
"2021-10-07T12:35Z","1.077","1.0778","1.0769","1.0777","360834"
"2021-10-07T12:36Z","1.0777","1.0777","1.076","1.0761","301967"
"2021-10-07T12:37Z","1.0761","1.0769","1.076","1.0769","199400"
"2021-10-07T12:38Z","1.0769","1.0778","1.0765","1.0778","525218"
"2021-10-07T12:39Z","1.0778","1.0778","1.0777","1.0778","44395"
"2021-10-07T12:40Z","1.0778","1.079","1.0778","1.0789","771903"
"2021-10-07T12:41Z","1.0789","1.0797","1.0784","1.0791","308779"
"2021-10-07T12:42Z","1.0791","1.0794","1.0787","1.0794","107134"
"2021-10-07T12:43Z","1.0794","1.08","1.0793","1.08","353608"
"2021-10-07T12:44Z","1.08","1.0806","1.0799","1.0805","127865"
"2021-10-07T12:45Z","1.0805","1.0805","1.0794","1.0797","169557"
"2021-10-07T12:46Z","1.0797","1.0798","1.0793","1.0794","113686"
"2021-10-07T12:47Z","1.0794","1.0794","1.0783","1.0783","246477"
"2021-10-07T12:48Z","1.0783","1.0794","1.0783","1.0786","211374"
"2021-10-07T12:49Z","1.0786","1.0794","1.0785","1.0794","116800"
"2021-10-07T12:50Z","1.0794","1.0794","1.0781","1.0781","210408"
"2021-10-07T12:51Z","1.0781","1.0781","1.0771","1.0773","49564"
"2021-10-07T12:52Z","1.0773","1.0777","1.0755","1.0756","574773"
"2021-10-07T12:53Z","1.0756","1.0757","1.075","1.0757","233418"
"2021-10-07T12:54Z","1.0757","1.077","1.0757","1.0769","312156"
"2021-10-07T12:55Z","1.0769","1.0769","1.0748","1.0751","482332"
"2021-10-07T12:56Z","1.0751","1.0766","1.0751","1.0766","199087"
"2021-10-07T12:57Z","1.0766","1.0766","1.0742","1.0742","477917"
"2021-10-07T12:58Z","1.0742","1.0749","1.0741","1.0749","394511"
"2021-10-07T12:59Z","1.0749","1.0764","1.0748","1.0764","579188"
"2021-10-07T13:00Z","1.0764","1.0764","1.0736","1.0737","484332"
"2021-10-07T13:01Z","1.0737","1.074","1.0735","1.074","203434"
"2021-10-07T13:02Z","1.074","1.0744","1.074","1.074","377721"
"2021-10-07T13:03Z","1.074","1.0746","1.0735","1.0736","308630"
"2021-10-07T13:04Z","1.0736","1.0736","1.073","1.073","192048"
"2021-10-07T13:05Z","1.073","1.073","1.0709","1.0713","644514"
"2021-10-07T13:06Z","1.0713","1.0714","1.0694","1.0705","1235653"
"2021-10-07T13:07Z","1.0705","1.0719","1.0704","1.0714","216802"
"2021-10-07T13:08Z","1.0714","1.0723","1.0713","1.0723","454576"
"2021-10-07T13:09Z","1.0723","1.0727","1.0715","1.0719","358315"
"2021-10-07T13:10Z","1.0719","1.0733","1.0719","1.0727","470265"
"2021-10-07T13:11Z","1.0727","1.0739","1.0726","1.0739","233138"
"2021-10-07T13:12Z","1.0739","1.0745","1.0738","1.074","193665"
"2021-10-07T13:13Z","1.074","1.074","1.0732","1.0738","159245"
"2021-10-07T13:14Z","1.0738","1.0745","1.0738","1.0745","154533"
"2021-10-07T13:15Z","1.0745","1.0757","1.0745","1.0757","648913"
"2021-10-07T13:16Z","1.0757","1.0779","1.0756","1.0779","497056"
"2021-10-07T13:17Z","1.0779","1.0786","1.0773","1.0773","492703"
"2021-10-07T13:18Z","1.0773","1.0785","1.0773","1.0784","261490"
"2021-10-07T13:19Z","1.0784","1.0785","1.0774","1.0779","120304"
"2021-10-07T13:20Z","1.0779","1.0779","1.0773","1.0773","167082"
"2021-10-07T13:21Z","1.0773","1.0773","1.0763","1.0773","217229"
"2021-10-07T13:22Z","1.0773","1.0778","1.0772","1.0778","185495"
"2021-10-07T13:23Z","1.0778","1.0778","1.077","1.0771","63811"
"2021-10-07T13:24Z","1.0771","1.078","1.0771","1.0779","59525"
"2021-10-07T13:25Z","1.0779","1.078","1.0779","1.078","178901"
"2021-10-07T13:26Z","1.078","1.078","1.0772","1.0772","174330"
"2021-10-07T13:27Z","1.0772","1.0772","1.0763","1.0764","357446"
"2021-10-07T13:28Z","1.0764","1.0764","1.0748","1.0748","128011"
"2021-10-07T13:29Z","1.0748","1.0756","1.0748","1.0753","76456"
"2021-10-07T13:30Z","1.0753","1.0767","1.0753","1.0767","291497"
"2021-10-07T13:31Z","1.0767","1.0786","1.0767","1.0783","451986"
"2021-10-07T13:32Z","1.0783","1.0791","1.0778","1.0778","395316"
"2021-10-07T13:33Z","1.0778","1.0786","1.0773","1.0773","215332"
"2021-10-07T13:34Z","1.0773","1.079","1.077","1.079","133698"
"2021-10-07T13:35Z","1.079","1.0791","1.0789","1.079","83212"
"2021-10-07T13:36Z","1.079","1.0791","1.0777","1.0777","127411"
"2021-10-07T13:37Z","1.0777","1.0781","1.0771","1.0777","208658"
"2021-10-07T13:38Z","1.0777","1.0788","1.077","1.0777","684285"
"2021-10-07T13:39Z","1.0777","1.0783","1.0777","1.078","10548"
"2021-10-07T13:40Z","1.078","1.079","1.078","1.079","103950"
"2021-10-07T13:41Z","1.079","1.0798","1.079","1.0795","848094"
"2021-10-07T13:42Z","1.0795","1.0803","1.0793","1.0803","378283"
"2021-10-07T13:43Z","1.0803","1.0806","1.0796","1.0806","567006"
"2021-10-07T13:44Z","1.0806","1.0829","1.0804","1.0823","1107018"
"2021-10-07T13:45Z","1.0823","1.0827","1.0797","1.0811","1383378"
"2021-10-07T13:46Z","1.0811","1.0818","1.0801","1.0801","490159"
"2021-10-07T13:47Z","1.0801","1.0817","1.0795","1.0796","705611"
"2021-10-07T13:48Z","1.0796","1.0796","1.0794","1.0796","149232"
"2021-10-07T13:49Z","1.0796","1.0796","1.0785","1.0785","151558"
"2021-10-07T13:50Z","1.0785","1.0806","1.0785","1.0806","588264"
"2021-10-07T13:51Z","1.0806","1.081","1.0804","1.081","196381"
"2021-10-07T13:52Z","1.081","1.081","1.0806","1.0807","370852"
"2021-10-07T13:53Z","1.0807","1.081","1.0806","1.081","52217"
"2021-10-07T13:54Z","1.081","1.0813","1.0809","1.0812","192277"
"2021-10-07T13:55Z","1.0812","1.0822","1.081","1.0821","232321"
"2021-10-07T13:56Z","1.0821","1.0823","1.0816","1.0819","157646"
"2021-10-07T13:57Z","1.0819","1.082","1.0819","1.082","51517"
"2021-10-07T13:58Z","1.082","1.082","1.0819","1.0819","82128"
"2021-10-07T13:59Z","1.0819","1.082","1.0819","1.082","48411"
"2021-10-07T14:00Z","1.082","1.0823","1.0807","1.0807","493096"
"2021-10-07T14:01Z","1.0807","1.0818","1.0804","1.0815","657109"
"2021-10-07T14:02Z","1.0815","1.0819","1.081","1.0812","94031"
"2021-10-07T14:03Z","1.0812","1.0815","1.0811","1.0812","36387"
"2021-10-07T14:04Z","1.0812","1.0812","1.0795","1.0799","399359"
"2021-10-07T14:05Z","1.0799","1.0824","1.0798","1.0824","415325"
"2021-10-07T14:06Z","1.0824","1.0824","1.0813","1.0813","248595"
"2021-10-07T14:07Z","1.0813","1.082","1.0813","1.0819","121223"
"2021-10-07T14:08Z","1.0819","1.0822","1.0819","1.0822","113440"
"2021-10-07T14:09Z","1.0822","1.0822","1.0818","1.0821","169957"
"2021-10-07T14:10Z","1.0821","1.0822","1.082","1.0821","38899"
"2021-10-07T14:11Z","1.0821","1.0823","1.0821","1.0823","104584"
"2021-10-07T14:12Z","1.0823","1.0823","1.0813","1.0814","338810"
"2021-10-07T14:13Z","1.0814","1.0815","1.0812","1.0815","80215"
"2021-10-07T14:14Z","1.0815","1.0818","1.0815","1.0815","37831"
"2021-10-07T14:15Z","1.0815","1.0815","1.0809","1.0809","66961"
"2021-10-07T14:16Z","1.0809","1.0817","1.0809","1.0817","38641"
"2021-10-07T14:17Z","1.0817","1.0826","1.0816","1.0826","597664"
"2021-10-07T14:18Z","1.0826","1.0826","1.0813","1.0814","112324"
"2021-10-07T14:19Z","1.0814","1.0824","1.0814","1.0821","235130"
"2021-10-07T14:20Z","1.0821","1.0821","1.0813","1.0813","9063"
"2021-10-07T14:21Z","1.0813","1.0814","1.0808","1.0808","98007"
"2021-10-07T14:22Z","1.0808","1.0812","1.0808","1.0812","17094"
"2021-10-07T14:23Z","1.0812","1.0812","1.0809","1.0809","94700"
"2021-10-07T14:24Z","1.0809","1.081","1.0798","1.0798","387629"
"2021-10-07T14:25Z","1.0798","1.0798","1.0788","1.0789","635945"
"2021-10-07T14:26Z","1.0789","1.0795","1.0788","1.0791","170707"
"2021-10-07T14:27Z","1.0791","1.0791","1.077","1.077","616553"
"2021-10-07T14:28Z","1.077","1.0776","1.077","1.0776","209320"
"2021-10-07T14:29Z","1.0776","1.0781","1.0775","1.0781","139411"
"2021-10-07T14:30Z","1.0781","1.0781","1.0775","1.078","82170"
"2021-10-07T14:31Z","1.078","1.0781","1.078","1.0781","70511"
"2021-10-07T14:32Z","1.0781","1.0781","1.0777","1.0777","37892"
"2021-10-07T14:33Z","1.0777","1.0778","1.075","1.0755","829502"
"2021-10-07T14:34Z","1.0755","1.0755","1.0727","1.0738","1084578"
"2021-10-07T14:35Z","1.0738","1.0743","1.072","1.0723","1059811"
"2021-10-07T14:36Z","1.0723","1.0726","1.068","1.0686","2787136"
"2021-10-07T14:37Z","1.0686","1.0686","1.0603","1.0605","5595632"
"2021-10-07T14:38Z","1.0605","1.0654","1.0575","1.0636","4987490"
"2021-10-07T14:39Z","1.0636","1.0671","1.0633","1.0652","1870629"
"2021-10-07T14:40Z","1.0652","1.0667","1.0599","1.0602","1444016"
"2021-10-07T14:41Z","1.0602","1.0636","1.0601","1.063","619664"
"2021-10-07T14:42Z","1.063","1.0663","1.063","1.0652","1712349"
"2021-10-07T14:43Z","1.0652","1.0652","1.0625","1.0647","1098473"
"2021-10-07T14:44Z","1.0647","1.0658","1.0636","1.0658","669712"
"2021-10-07T14:45Z","1.0658","1.0695","1.0641","1.0671","2627188"
"2021-10-07T14:46Z","1.0671","1.0675","1.0651","1.0674","1228184"
"2021-10-07T14:47Z","1.0674","1.0677","1.0665","1.0665","618702"
"2021-10-07T14:48Z","1.0665","1.0665","1.0649","1.065","740059"
"2021-10-07T14:49Z","1.065","1.0661","1.0648","1.0648","991774"
"2021-10-07T14:50Z","1.0648","1.0653","1.064","1.064","300799"
"2021-10-07T14:51Z","1.064","1.0641","1.0631","1.0631","498965"
"2021-10-07T14:52Z","1.0631","1.0632","1.0612","1.0622","980513"
"2021-10-07T14:53Z","1.0622","1.0638","1.0622","1.0638","310119"
"2021-10-07T14:54Z","1.0638","1.0638","1.0627","1.0628","124505"
"2021-10-07T14:55Z","1.0628","1.0653","1.0628","1.0653","481589"
"2021-10-07T14:56Z","1.0653","1.0659","1.0653","1.0655","544849"
"2021-10-07T14:57Z","1.0655","1.066","1.0649","1.066","259844"
"2021-10-07T14:58Z","1.066","1.066","1.0637","1.0638","311651"
"2021-10-07T14:59Z","1.0638","1.0645","1.0633","1.0643","243114"
"2021-10-07T15:00Z","1.0643","1.0643","1.0605","1.0624","656481"
"2021-10-07T15:01Z","1.0624","1.0647","1.0606","1.0647","707727"
"2021-10-07T15:02Z","1.0647","1.0658","1.0647","1.0651","699734"
"2021-10-07T15:03Z","1.0651","1.066","1.0651","1.066","175496"
"2021-10-07T15:04Z","1.066","1.0664","1.0653","1.0664","130166"
"2021-10-07T15:05Z","1.0664","1.0664","1.064","1.064","214075"
"2021-10-07T15:06Z","1.064","1.0658","1.0637","1.0658","117018"
"2021-10-07T15:07Z","1.0658","1.0663","1.0645","1.0645","161657"
"2021-10-07T15:08Z","1.0645","1.0656","1.0642","1.0655","119256"
"2021-10-07T15:09Z","1.0655","1.066","1.0654","1.0659","47866"
"2021-10-07T15:10Z","1.0659","1.0661","1.0658","1.0661","39754"
"2021-10-07T15:11Z","1.0661","1.0661","1.0656","1.0656","31156"
"2021-10-07T15:12Z","1.0656","1.0662","1.0656","1.066","75276"
"2021-10-07T15:13Z","1.066","1.0663","1.0655","1.0662","210520"
"2021-10-07T15:14Z","1.0662","1.067","1.0662","1.0668","191910"
"2021-10-07T15:15Z","1.0668","1.0683","1.0668","1.0683","709705"
"2021-10-07T15:16Z","1.0683","1.0697","1.0683","1.0697","375188"
"2021-10-07T15:17Z","1.0697","1.0697","1.0688","1.0689","448459"
"2021-10-07T15:18Z","1.0689","1.0693","1.0689","1.0693","56706"
"2021-10-07T15:19Z","1.0693","1.0696","1.0692","1.0696","111330"
"2021-10-07T15:20Z","1.0696","1.0705","1.0695","1.0704","1087963"
"2021-10-07T15:21Z","1.0704","1.0706","1.0704","1.0706","210163"
"2021-10-07T15:22Z","1.0706","1.071","1.0704","1.0705","308827"
"2021-10-07T15:23Z","1.0705","1.0705","1.0693","1.0695","293420"
"2021-10-07T15:24Z","1.0695","1.0699","1.0693","1.0699","371091"
"2021-10-07T15:25Z","1.0699","1.0699","1.0687","1.0689","367091"
"2021-10-07T15:26Z","1.0689","1.069","1.0689","1.0689","52438"
"2021-10-07T15:27Z","1.0689","1.069","1.0685","1.0685","172721"
"2021-10-07T15:28Z","1.0685","1.0685","1.0677","1.0678","187561"
"2021-10-07T15:29Z","1.0678","1.0686","1.0677","1.0685","49283"
"2021-10-07T15:30Z","1.0685","1.0686","1.068","1.0681","78837"
"2021-10-07T15:31Z","1.0681","1.0693","1.068","1.0693","157125"
"2021-10-07T15:32Z","1.0693","1.0701","1.0693","1.0701","114056"
"2021-10-07T15:33Z","1.0701","1.0704","1.07","1.0703","47402"
"2021-10-07T15:34Z","1.0703","1.071","1.0703","1.0708","168066"
"2021-10-07T15:35Z","1.0708","1.0708","1.0705","1.0705","21920"
"2021-10-07T15:36Z","1.0705","1.0709","1.0705","1.0709","81315"
"2021-10-07T15:37Z","1.0709","1.0709","1.0708","1.0708","17689"
"2021-10-07T15:38Z","1.0708","1.0709","1.0708","1.0709","5723"
"2021-10-07T15:39Z","1.0709","1.0709","1.0708","1.0708","38324"
"2021-10-07T15:40Z","1.0708","1.0708","1.0705","1.0706","150576"
"2021-10-07T15:41Z","1.0706","1.071","1.0705","1.071","80568"
"2021-10-07T15:42Z","1.071","1.071","1.0709","1.071","37485"
"2021-10-07T15:43Z","1.071","1.071","1.0697","1.0698","187379"
"2021-10-07T15:44Z","1.0698","1.07","1.0694","1.0695","82289"
"2021-10-07T15:45Z","1.0695","1.0708","1.0693","1.0708","77168"
"2021-10-07T15:46Z","1.0708","1.072","1.0708","1.072","261042"
"2021-10-07T15:47Z","1.072","1.072","1.071","1.071","282584"
"2021-10-07T15:48Z","1.071","1.0711","1.0705","1.0706","69283"
"2021-10-07T15:49Z","1.0706","1.071","1.07","1.071","69537"
"2021-10-07T15:50Z","1.071","1.0711","1.0709","1.071","19179"
"2021-10-07T15:51Z","1.071","1.0711","1.0701","1.0701","60073"
"2021-10-07T15:52Z","1.0701","1.0701","1.0673","1.0687","481071"
"2021-10-07T15:53Z","1.0687","1.0687","1.0665","1.0665","277589"
"2021-10-07T15:54Z","1.0665","1.0679","1.0663","1.0679","106117"
"2021-10-07T15:55Z","1.0679","1.0679","1.0667","1.0667","93952"
"2021-10-07T15:56Z","1.0667","1.0672","1.0666","1.0672","76278"
"2021-10-07T15:57Z","1.0672","1.0672","1.0667","1.0667","88249"
"2021-10-07T15:58Z","1.0667","1.0672","1.0667","1.0667","148792"
"2021-10-07T15:59Z","1.0667","1.0677","1.066","1.0677","85297"
"2021-10-07T16:00Z","1.0677","1.0681","1.0677","1.0681","265493"
"2021-10-07T16:01Z","1.0681","1.0693","1.068","1.0693","308675"
"2021-10-07T16:02Z","1.0693","1.0699","1.0682","1.0691","337779"
"2021-10-07T16:03Z","1.0691","1.0693","1.0681","1.0681","150886"
"2021-10-07T16:04Z","1.0681","1.0684","1.0657","1.0657","253255"
"2021-10-07T16:05Z","1.0657","1.0666","1.0656","1.0662","592786"
"2021-10-07T16:06Z","1.0662","1.0669","1.065","1.0651","599468"
"2021-10-07T16:07Z","1.0651","1.0651","1.0649","1.0649","145450"
"2021-10-07T16:08Z","1.0649","1.066","1.0649","1.066","267182"
"2021-10-07T16:09Z","1.066","1.066","1.0638","1.0641","629043"
"2021-10-07T16:10Z","1.0641","1.0649","1.0641","1.0648","233557"
"2021-10-07T16:11Z","1.0648","1.0648","1.0628","1.0632","514566"
"2021-10-07T16:12Z","1.0632","1.0632","1.0612","1.0612","783235"
"2021-10-07T16:13Z","1.0612","1.0616","1.0594","1.0616","1664392"
"2021-10-07T16:14Z","1.0616","1.0632","1.0616","1.0632","768390"
"2021-10-07T16:15Z","1.0632","1.065","1.0631","1.0649","532003"
"2021-10-07T16:16Z","1.0649","1.0651","1.0641","1.0645","181310"
"2021-10-07T16:17Z","1.0645","1.0645","1.0612","1.0627","502759"
"2021-10-07T16:18Z","1.0627","1.0629","1.0617","1.062","129390"
"2021-10-07T16:19Z","1.062","1.065","1.062","1.065","329595"
"2021-10-07T16:20Z","1.065","1.0651","1.0644","1.0645","187251"
"2021-10-07T16:21Z","1.0645","1.0654","1.0644","1.0654","89857"
"2021-10-07T16:22Z","1.0654","1.0654","1.0653","1.0653","241369"
"2021-10-07T16:23Z","1.0653","1.0654","1.0653","1.0654","35781"
"2021-10-07T16:24Z","1.0654","1.0664","1.0653","1.0664","567508"
"2021-10-07T16:25Z","1.0664","1.0674","1.0663","1.0674","133271"
"2021-10-07T16:26Z","1.0674","1.0674","1.0671","1.0671","76997"
"2021-10-07T16:27Z","1.0671","1.0676","1.0671","1.0675","147488"
"2021-10-07T16:28Z","1.0675","1.0685","1.0675","1.0685","143674"
"2021-10-07T16:29Z","1.0685","1.0691","1.0684","1.0691","419338"
"2021-10-07T16:30Z","1.0691","1.072","1.069","1.07","990646"
"2021-10-07T16:31Z","1.07","1.0701","1.0681","1.0683","574150"
"2021-10-07T16:32Z","1.0683","1.0689","1.068","1.0681","236419"
"2021-10-07T16:33Z","1.0681","1.0687","1.068","1.0687","117093"
"2021-10-07T16:34Z","1.0687","1.0696","1.0686","1.0692","197200"
"2021-10-07T16:35Z","1.0692","1.07","1.0692","1.07","191682"
"2021-10-07T16:36Z","1.07","1.0701","1.07","1.0701","73860"
"2021-10-07T16:37Z","1.0701","1.071","1.07","1.0709","368063"
"2021-10-07T16:38Z","1.0709","1.0712","1.0699","1.0699","623908"
"2021-10-07T16:39Z","1.0699","1.071","1.0696","1.0708","621825"
"2021-10-07T16:40Z","1.0708","1.0709","1.0702","1.0707","592881"
"2021-10-07T16:41Z","1.0707","1.0708","1.07","1.07","149988"
"2021-10-07T16:42Z","1.07","1.07","1.0698","1.0699","124419"
"2021-10-07T16:43Z","1.0699","1.07","1.0697","1.07","18537"
"2021-10-07T16:44Z","1.07","1.07","1.0697","1.0697","42570"
"2021-10-07T16:45Z","1.0697","1.0706","1.0697","1.0705","86372"
"2021-10-07T16:46Z","1.0705","1.0705","1.0699","1.07","38652"
"2021-10-07T16:47Z","1.07","1.0702","1.0699","1.0701","92295"
"2021-10-07T16:48Z","1.0701","1.0702","1.0701","1.0701","16781"
"2021-10-07T16:49Z","1.0701","1.0703","1.0701","1.0703","15602"
"2021-10-07T16:50Z","1.0703","1.0714","1.0702","1.0714","269097"
"2021-10-07T16:51Z","1.0714","1.0714","1.0713","1.0713","81923"
"2021-10-07T16:52Z","1.0713","1.0714","1.0708","1.0708","350333"
"2021-10-07T16:53Z","1.0708","1.0709","1.0708","1.0709","7365"
"2021-10-07T16:54Z","1.0709","1.0735","1.0709","1.0728","750464"
"2021-10-07T16:55Z","1.0728","1.0728","1.0714","1.0714","273839"
"2021-10-07T16:56Z","1.0714","1.0718","1.071","1.071","221594"
"2021-10-07T16:57Z","1.071","1.071","1.0705","1.0706","91450"
"2021-10-07T16:58Z","1.0706","1.071","1.0706","1.071","23854"
"2021-10-07T16:59Z","1.071","1.071","1.0709","1.071","98"
"2021-10-07T17:00Z","1.071","1.071","1.07","1.0701","216532"
"2021-10-07T17:01Z","1.0701","1.0703","1.07","1.0701","22458"
"2021-10-07T17:02Z","1.0701","1.0702","1.0701","1.0701","47489"
"2021-10-07T17:03Z","1.0701","1.0722","1.0701","1.0722","366265"
"2021-10-07T17:04Z","1.0722","1.073","1.0722","1.073","208731"
"2021-10-07T17:05Z","1.073","1.073","1.0725","1.0726","290595"
"2021-10-07T17:06Z","1.0726","1.0728","1.0721","1.0728","52104"
"2021-10-07T17:07Z","1.0728","1.0728","1.0723","1.0724","63846"
"2021-10-07T17:08Z","1.0724","1.0724","1.0723","1.0724","11187"
"2021-10-07T17:09Z","1.0724","1.0725","1.0723","1.0725","76846"
"2021-10-07T17:10Z","1.0725","1.0735","1.0725","1.0732","239405"
"2021-10-07T17:11Z","1.0732","1.0744","1.0732","1.0744","263035"
"2021-10-07T17:12Z","1.0744","1.0744","1.0743","1.0744","362744"
"2021-10-07T17:13Z","1.0744","1.0748","1.0742","1.0742","145333"
"2021-10-07T17:14Z","1.0742","1.0743","1.0737","1.0739","220054"
"2021-10-07T17:15Z","1.0739","1.0739","1.0729","1.0729","33596"
"2021-10-07T17:16Z","1.0729","1.0737","1.0729","1.0737","163740"
"2021-10-07T17:17Z","1.0737","1.0738","1.0736","1.0737","225834"
"2021-10-07T17:18Z","1.0737","1.0749","1.0737","1.0749","409556"
"2021-10-07T17:19Z","1.0749","1.0749","1.0742","1.0742","306432"
"2021-10-07T17:20Z","1.0742","1.0743","1.0742","1.0743","29582"
"2021-10-07T17:21Z","1.0743","1.0747","1.0736","1.0737","232115"
"2021-10-07T17:22Z","1.0737","1.0743","1.0736","1.0742","342838"
"2021-10-07T17:23Z","1.0742","1.0742","1.0732","1.0732","78237"
"2021-10-07T17:24Z","1.0732","1.0733","1.0732","1.0732","11787"
"2021-10-07T17:25Z","1.0732","1.0733","1.072","1.0722","554358"
"2021-10-07T17:26Z","1.0722","1.0744","1.0722","1.0744","306183"
"2021-10-07T17:27Z","1.0744","1.0744","1.0733","1.0737","528022"
"2021-10-07T17:28Z","1.0737","1.0737","1.0723","1.0723","70954"
"2021-10-07T17:29Z","1.0723","1.0723","1.0714","1.0715","33368"
"2021-10-07T17:30Z","1.0715","1.0718","1.0705","1.0706","287705"
"2021-10-07T17:31Z","1.0706","1.0706","1.0696","1.0697","865337"
"2021-10-07T17:32Z","1.0697","1.0703","1.0697","1.0702","176492"
"2021-10-07T17:33Z","1.0702","1.0703","1.0702","1.0703","83879"
"2021-10-07T17:34Z","1.0703","1.0703","1.0698","1.0699","28081"
"2021-10-07T17:35Z","1.0699","1.0699","1.069","1.069","115858"
"2021-10-07T17:36Z","1.069","1.0695","1.069","1.0695","311128"
"2021-10-07T17:37Z","1.0695","1.0708","1.0695","1.0705","391879"
"2021-10-07T17:38Z","1.0705","1.0709","1.0705","1.0709","64738"
"2021-10-07T17:39Z","1.0709","1.0725","1.0707","1.0724","299989"
"2021-10-07T17:40Z","1.0724","1.0724","1.0712","1.0713","42283"
"2021-10-07T17:41Z","1.0713","1.0716","1.0712","1.0714","80806"
"2021-10-07T17:42Z","1.0714","1.0719","1.0712","1.0719","28266"
"2021-10-07T17:43Z","1.0719","1.0719","1.0714","1.0715","54051"
"2021-10-07T17:44Z","1.0715","1.0729","1.0715","1.0729","63746"
"2021-10-07T17:45Z","1.0729","1.0733","1.0728","1.073","565009"
"2021-10-07T17:46Z","1.073","1.073","1.0718","1.072","283709"
"2021-10-07T17:47Z","1.072","1.0723","1.0715","1.0716","45027"
"2021-10-07T17:48Z","1.0716","1.0716","1.0713","1.0713","139135"
"2021-10-07T17:49Z","1.0713","1.0713","1.0701","1.0701","571338"
"2021-10-07T17:50Z","1.0701","1.0702","1.0698","1.0698","53159"
"2021-10-07T17:51Z","1.0698","1.0718","1.0697","1.0716","192177"
"2021-10-07T17:52Z","1.0716","1.0722","1.0715","1.0718","47120"
"2021-10-07T17:53Z","1.0718","1.0718","1.0717","1.0717","13641"
"2021-10-07T17:54Z","1.0717","1.0718","1.0717","1.0717","14936"
"2021-10-07T17:55Z","1.0717","1.0718","1.071","1.071","23857"
"2021-10-07T17:56Z","1.071","1.071","1.0704","1.0705","3836"
"2021-10-07T17:57Z","1.0705","1.0705","1.0699","1.07","116092"
"2021-10-07T17:58Z","1.07","1.07","1.0699","1.07","9894"
"2021-10-07T17:59Z","1.07","1.0703","1.0699","1.0702","182799"
"2021-10-07T18:00Z","1.0702","1.0707","1.0702","1.0706","25901"
"2021-10-07T18:01Z","1.0706","1.0707","1.0695","1.0696","152823"
"2021-10-07T18:02Z","1.0696","1.0722","1.0696","1.0721","671386"
"2021-10-07T18:03Z","1.0721","1.0721","1.0699","1.0699","122504"
"2021-10-07T18:04Z","1.0699","1.0699","1.069","1.0691","157718"
"2021-10-07T18:05Z","1.0691","1.0698","1.069","1.0698","34075"
"2021-10-07T18:06Z","1.0698","1.0698","1.0697","1.0697","66111"
"2021-10-07T18:07Z","1.0697","1.0698","1.0679","1.0686","421357"
"2021-10-07T18:08Z","1.0686","1.069","1.0686","1.069","14122"
"2021-10-07T18:09Z","1.069","1.069","1.0689","1.069","32378"
"2021-10-07T18:10Z","1.069","1.069","1.0689","1.069","99167"
"2021-10-07T18:11Z","1.069","1.0697","1.0686","1.0686","377426"
"2021-10-07T18:12Z","1.0686","1.0691","1.0686","1.069","13799"
"2021-10-07T18:13Z","1.069","1.0691","1.0687","1.0688","60779"
"2021-10-07T18:14Z","1.0688","1.0689","1.0685","1.0689","25062"
"2021-10-07T18:15Z","1.0689","1.0705","1.0688","1.0705","149795"
"2021-10-07T18:16Z","1.0705","1.0707","1.0691","1.0692","60074"
"2021-10-07T18:17Z","1.0692","1.07","1.0691","1.07","35717"
"2021-10-07T18:18Z","1.07","1.0707","1.07","1.0706","10882"
"2021-10-07T18:19Z","1.0706","1.0708","1.0706","1.0708","8682"
"2021-10-07T18:20Z","1.0708","1.0709","1.0695","1.0696","67753"
"2021-10-07T18:21Z","1.0696","1.0707","1.0695","1.0707","159872"
"2021-10-07T18:22Z","1.0707","1.0707","1.0706","1.0707","1082"
"2021-10-07T18:23Z","1.0707","1.0707","1.0704","1.0704","4352"
"2021-10-07T18:24Z","1.0704","1.0705","1.0696","1.0697","309554"
"2021-10-07T18:25Z","1.0697","1.0701","1.0697","1.07","20129"
"2021-10-07T18:26Z","1.07","1.0701","1.0697","1.0697","75245"
"2021-10-07T18:27Z","1.0697","1.0697","1.0695","1.0696","3052"
"2021-10-07T18:28Z","1.0696","1.0702","1.0696","1.0697","14866"
"2021-10-07T18:29Z","1.0697","1.0702","1.0697","1.0702","72520"
"2021-10-07T18:30Z","1.0702","1.0715","1.0698","1.0715","287989"
"2021-10-07T18:31Z","1.0715","1.0715","1.0712","1.0712","2731"
"2021-10-07T18:32Z","1.0712","1.0713","1.0704","1.0704","28688"
"2021-10-07T18:33Z","1.0704","1.0705","1.0699","1.07","31495"
"2021-10-07T18:34Z","1.07","1.071","1.0698","1.071","19171"
"2021-10-07T18:35Z","1.071","1.0712","1.0709","1.0712","61014"
"2021-10-07T18:36Z","1.0712","1.0712","1.0701","1.0702","57299"
"2021-10-07T18:37Z","1.0702","1.0715","1.0702","1.0715","79636"
"2021-10-07T18:38Z","1.0715","1.0715","1.071","1.0711","5475"
"2021-10-07T18:39Z","1.0711","1.0711","1.0695","1.0695","95809"
"2021-10-07T18:40Z","1.0695","1.0695","1.0678","1.0679","181627"
"2021-10-07T18:41Z","1.0679","1.0679","1.0664","1.0671","503053"
"2021-10-07T18:42Z","1.0671","1.068","1.0667","1.0667","65000"
"2021-10-07T18:43Z","1.0667","1.0668","1.0666","1.0667","17876"
"2021-10-07T18:44Z","1.0667","1.0667","1.0654","1.0656","282620"
"2021-10-07T18:45Z","1.0656","1.0667","1.0656","1.0664","298508"
"2021-10-07T18:46Z","1.0664","1.0666","1.0662","1.0665","89949"
"2021-10-07T18:47Z","1.0665","1.0676","1.0665","1.0667","123429"
"2021-10-07T18:48Z","1.0667","1.0678","1.0667","1.0678","89916"
"2021-10-07T18:49Z","1.0678","1.0688","1.0677","1.0685","158879"
"2021-10-07T18:50Z","1.0685","1.0685","1.0684","1.0684","6954"
"2021-10-07T18:51Z","1.0684","1.0685","1.068","1.0681","46598"
"2021-10-07T18:52Z","1.0681","1.069","1.0677","1.069","221879"
"2021-10-07T18:53Z","1.069","1.0691","1.069","1.069","39067"
"2021-10-07T18:54Z","1.069","1.0691","1.069","1.0691","2799"
"2021-10-07T18:55Z","1.0691","1.0691","1.069","1.0691","10693"
"2021-10-07T18:56Z","1.0691","1.0691","1.0688","1.0688","40002"
"2021-10-07T18:57Z","1.0688","1.0688","1.0686","1.0686","6132"
"2021-10-07T18:58Z","1.0686","1.0692","1.0683","1.0691","313818"
"2021-10-07T18:59Z","1.0691","1.0692","1.069","1.069","53262"
"2021-10-07T19:00Z","1.069","1.0708","1.069","1.0708","61546"
"2021-10-07T19:01Z","1.0708","1.0748","1.0708","1.0743","462660"
"2021-10-07T19:02Z","1.0743","1.0758","1.0743","1.0752","680438"
"2021-10-07T19:03Z","1.0752","1.0758","1.074","1.0758","1234791"
"2021-10-07T19:04Z","1.0758","1.0758","1.0744","1.0744","167295"
"2021-10-07T19:05Z","1.0744","1.0744","1.0734","1.0737","87181"
"2021-10-07T19:06Z","1.0737","1.0737","1.0729","1.0737","35938"
"2021-10-07T19:07Z","1.0737","1.0743","1.0735","1.0735","83907"
"2021-10-07T19:08Z","1.0735","1.0736","1.0727","1.0727","74519"
"2021-10-07T19:09Z","1.0727","1.0727","1.0711","1.0714","329236"
"2021-10-07T19:10Z","1.0714","1.0716","1.0709","1.0716","64396"
"2021-10-07T19:11Z","1.0716","1.0723","1.0716","1.0721","21697"
"2021-10-07T19:12Z","1.0721","1.0722","1.0715","1.0715","5341"
"2021-10-07T19:13Z","1.0715","1.0726","1.0715","1.0726","328040"
"2021-10-07T19:14Z","1.0726","1.0733","1.0724","1.0733","90281"
"2021-10-07T19:15Z","1.0733","1.0736","1.0732","1.0735","73851"
"2021-10-07T19:16Z","1.0735","1.0744","1.0735","1.0744","39994"
"2021-10-07T19:17Z","1.0744","1.0744","1.0739","1.074","175516"
"2021-10-07T19:18Z","1.074","1.075","1.0739","1.0746","241804"
"2021-10-07T19:19Z","1.0746","1.0752","1.0743","1.0751","110413"
"2021-10-07T19:20Z","1.0751","1.0755","1.0748","1.0755","46152"
"2021-10-07T19:21Z","1.0755","1.0755","1.0749","1.0753","121550"
"2021-10-07T19:22Z","1.0753","1.0753","1.0743","1.0747","146597"
"2021-10-07T19:23Z","1.0747","1.0747","1.0739","1.074","15772"
"2021-10-07T19:24Z","1.074","1.074","1.0733","1.0734","159238"
"2021-10-07T19:25Z","1.0734","1.0738","1.0734","1.0735","3318"
"2021-10-07T19:26Z","1.0735","1.0735","1.0732","1.0735","94793"
"2021-10-07T19:27Z","1.0735","1.0736","1.0728","1.0729","20422"
"2021-10-07T19:28Z","1.0729","1.0729","1.0728","1.0729","20816"
"2021-10-07T19:29Z","1.0729","1.0739","1.0729","1.0739","179513"
"2021-10-07T19:30Z","1.0739","1.074","1.0738","1.074","11846"
"2021-10-07T19:31Z","1.074","1.074","1.0737","1.0737","83045"
"2021-10-07T19:32Z","1.0737","1.0737","1.0727","1.0727","112614"
"2021-10-07T19:33Z","1.0727","1.073","1.0727","1.0728","49886"
"2021-10-07T19:34Z","1.0728","1.0729","1.0725","1.0727","133925"
"2021-10-07T19:35Z","1.0727","1.0733","1.0727","1.073","100695"
"2021-10-07T19:36Z","1.073","1.073","1.0724","1.0725","84148"
"2021-10-07T19:37Z","1.0725","1.0732","1.0724","1.0732","7252"
"2021-10-07T19:38Z","1.0732","1.0742","1.0732","1.0742","370838"
"2021-10-07T19:39Z","1.0742","1.0742","1.074","1.0741","240791"
"2021-10-07T19:40Z","1.0741","1.0741","1.074","1.0741","13208"
"2021-10-07T19:41Z","1.0741","1.0741","1.074","1.074","40019"
"2021-10-07T19:42Z","1.074","1.0741","1.074","1.0741","2605"
"2021-10-07T19:43Z","1.0741","1.0741","1.074","1.0741","5474"
"2021-10-07T19:44Z","1.0741","1.0741","1.074","1.0741","1329"
"2021-10-07T19:45Z","1.0741","1.0741","1.0727","1.0727","437701"
"2021-10-07T19:46Z","1.0727","1.0735","1.0727","1.0732","22033"
"2021-10-07T19:47Z","1.0732","1.0732","1.0729","1.0729","45921"
"2021-10-07T19:48Z","1.0729","1.0733","1.0727","1.0733","4201"
"2021-10-07T19:49Z","1.0733","1.0738","1.0733","1.0738","6226"
"2021-10-07T19:50Z","1.0738","1.0738","1.0732","1.0734","43938"
"2021-10-07T19:51Z","1.0734","1.0734","1.0733","1.0733","615"
"2021-10-07T19:52Z","1.0733","1.0738","1.0733","1.0738","5661"
"2021-10-07T19:53Z","1.0738","1.074","1.0736","1.0736","2656"
"2021-10-07T19:54Z","1.0736","1.0737","1.0733","1.0733","16320"
"2021-10-07T19:55Z","1.0733","1.0737","1.0732","1.0733","118439"
"2021-10-07T19:56Z","1.0733","1.0733","1.0725","1.0725","7300"
"2021-10-07T19:57Z","1.0725","1.0725","1.0718","1.0718","49007"
"2021-10-07T19:58Z","1.0718","1.0719","1.0718","1.0718","25078"
"2021-10-07T19:59Z","1.0718","1.0734","1.0718","1.0733","348667"
"2021-10-07T20:00Z","1.0733","1.0743","1.0726","1.0743","60379"
"2021-10-07T20:01Z","1.0743","1.0765","1.0742","1.0764","745340"
"2021-10-07T20:02Z","1.0764","1.0765","1.0752","1.0758","282303"
"2021-10-07T20:03Z","1.0758","1.0771","1.0757","1.0771","242046"
"2021-10-07T20:04Z","1.0771","1.078","1.0763","1.0779","607746"
"2021-10-07T20:05Z","1.0779","1.078","1.0773","1.0774","181140"
"2021-10-07T20:06Z","1.0774","1.0774","1.0763","1.0763","160499"
"2021-10-07T20:07Z","1.0763","1.0763","1.0746","1.0747","338486"
"2021-10-07T20:08Z","1.0747","1.0751","1.0743","1.0751","99789"
"2021-10-07T20:09Z","1.0751","1.076","1.0751","1.076","44480"
"2021-10-07T20:10Z","1.076","1.076","1.0746","1.0747","79442"
"2021-10-07T20:11Z","1.0747","1.0748","1.0742","1.0748","104506"
"2021-10-07T20:12Z","1.0748","1.0748","1.0746","1.0746","55308"
"2021-10-07T20:13Z","1.0746","1.0746","1.0741","1.0742","76489"
"2021-10-07T20:14Z","1.0742","1.0742","1.0742","1.0742","3466"
"2021-10-07T20:15Z","1.0742","1.0742","1.0739","1.0741","70886"
"2021-10-07T20:16Z","1.0741","1.075","1.0741","1.075","46799"
"2021-10-07T20:17Z","1.075","1.0764","1.0749","1.0764","130419"
"2021-10-07T20:18Z","1.0764","1.0777","1.0764","1.0777","63249"
"2021-10-07T20:19Z","1.0777","1.0786","1.0776","1.0785","393330"
"2021-10-07T20:20Z","1.0785","1.0806","1.0779","1.0795","966372"
"2021-10-07T20:21Z","1.0795","1.0796","1.0787","1.0793","88215"
"2021-10-07T20:22Z","1.0793","1.0793","1.077","1.0771","270398"
"2021-10-07T20:23Z","1.0771","1.0771","1.076","1.076","209460"
"2021-10-07T20:24Z","1.076","1.0761","1.076","1.076","24685"
"2021-10-07T20:25Z","1.076","1.0762","1.0742","1.0762","645836"
"2021-10-07T20:26Z","1.0762","1.0767","1.0762","1.0767","24717"
"2021-10-07T20:27Z","1.0767","1.0769","1.0765","1.0765","12259"
"2021-10-07T20:28Z","1.0765","1.0766","1.0765","1.0766","12969"
"2021-10-07T20:29Z","1.0766","1.0769","1.0765","1.0769","128408"
"2021-10-07T20:30Z","1.0769","1.0774","1.0769","1.0769","84963"
"2021-10-07T20:31Z","1.0769","1.0771","1.0769","1.0769","75277"
"2021-10-07T20:32Z","1.0769","1.0769","1.0768","1.0768","116322"
"2021-10-07T20:33Z","1.0768","1.0769","1.0765","1.0769","39982"
"2021-10-07T20:34Z","1.0769","1.0769","1.0761","1.0761","162752"
"2021-10-07T20:35Z","1.0761","1.0765","1.0761","1.0764","13301"
"2021-10-07T20:36Z","1.0764","1.0767","1.0762","1.0767","18400"
"2021-10-07T20:37Z","1.0767","1.0767","1.0766","1.0767","8540"
"2021-10-07T20:38Z","1.0767","1.0771","1.0766","1.0771","78966"
"2021-10-07T20:39Z","1.0771","1.0781","1.077","1.0781","173521"
"2021-10-07T20:40Z","1.0781","1.0786","1.0781","1.0782","259079"
"2021-10-07T20:41Z","1.0782","1.0782","1.0772","1.0772","180352"
"2021-10-07T20:42Z","1.0772","1.0773","1.0772","1.0773","42038"
"2021-10-07T20:43Z","1.0773","1.0773","1.0772","1.0773","126509"
"2021-10-07T20:44Z","1.0773","1.0778","1.0772","1.0778","12295"
"2021-10-07T20:45Z","1.0778","1.078","1.0777","1.078","174071"
"2021-10-07T20:46Z","1.078","1.078","1.0778","1.0778","193319"
"2021-10-07T20:47Z","1.0778","1.0779","1.0778","1.0778","34650"
"2021-10-07T20:48Z","1.0778","1.0779","1.0778","1.0779","5644"
"2021-10-07T20:49Z","1.0779","1.0779","1.0778","1.0779","7093"
"2021-10-07T20:50Z","1.0779","1.0779","1.0766","1.0766","283366"
"2021-10-07T20:51Z","1.0766","1.077","1.0766","1.077","18761"
"2021-10-07T20:52Z","1.077","1.0771","1.077","1.0771","1340"
"2021-10-07T20:53Z","1.0771","1.0771","1.0766","1.0767","49540"
"2021-10-07T20:54Z","1.0767","1.077","1.0765","1.0765","44525"
"2021-10-07T20:55Z","1.0765","1.0778","1.0756","1.0772","393666"
"2021-10-07T20:56Z","1.0772","1.0773","1.0754","1.0755","284099"
"2021-10-07T20:57Z","1.0755","1.0761","1.0754","1.0761","288884"
"2021-10-07T20:58Z","1.0761","1.0769","1.076","1.076","154744"
"2021-10-07T20:59Z","1.076","1.0765","1.0751","1.0751","86524"
"2021-10-07T21:00Z","1.0751","1.0755","1.0751","1.0755","4601"
"2021-10-07T21:01Z","1.0755","1.0764","1.0754","1.0763","19548"
"2021-10-07T21:02Z","1.0763","1.0763","1.0742","1.0747","223096"
"2021-10-07T21:03Z","1.0747","1.0753","1.0747","1.075","8553"
"2021-10-07T21:04Z","1.075","1.0758","1.075","1.0757","152608"
"2021-10-07T21:05Z","1.0757","1.0758","1.0753","1.0753","30748"
"2021-10-07T21:06Z","1.0753","1.0759","1.0753","1.0759","31046"
"2021-10-07T21:07Z","1.0759","1.0772","1.0759","1.0772","65278"
"2021-10-07T21:08Z","1.0772","1.0779","1.0771","1.0775","123385"
"2021-10-07T21:09Z","1.0775","1.0783","1.0775","1.0782","182626"
"2021-10-07T21:10Z","1.0782","1.0782","1.0779","1.078","195923"
"2021-10-07T21:11Z","1.078","1.0783","1.078","1.0782","93743"
"2021-10-07T21:12Z","1.0782","1.0793","1.0782","1.0793","135362"
"2021-10-07T21:13Z","1.0793","1.0798","1.0792","1.0798","130178"
"2021-10-07T21:14Z","1.0798","1.0799","1.0793","1.0793","186457"
"2021-10-07T21:15Z","1.0793","1.0798","1.0793","1.0798","18970"
"2021-10-07T21:16Z","1.0798","1.0805","1.0798","1.0801","621434"
"2021-10-07T21:17Z","1.0801","1.0801","1.0792","1.0795","149634"
"2021-10-07T21:18Z","1.0795","1.0795","1.0786","1.0786","119897"
"2021-10-07T21:19Z","1.0786","1.0786","1.0784","1.0785","99430"
"2021-10-07T21:20Z","1.0785","1.0785","1.0779","1.078","267409"
"2021-10-07T21:21Z","1.078","1.078","1.0779","1.078","9336"
"2021-10-07T21:22Z","1.078","1.0782","1.0779","1.0782","150502"
"2021-10-07T21:23Z","1.0782","1.0785","1.0781","1.0784","36879"
"2021-10-07T21:24Z","1.0784","1.0785","1.0783","1.0783","99589"
"2021-10-07T21:25Z","1.0783","1.0784","1.0779","1.078","123548"
"2021-10-07T21:26Z","1.078","1.078","1.0772","1.0773","110420"
"2021-10-07T21:27Z","1.0773","1.0773","1.0772","1.0772","4327"
"2021-10-07T21:28Z","1.0772","1.0773","1.0772","1.0773","176262"
"2021-10-07T21:29Z","1.0773","1.0773","1.077","1.0771","268292"
"2021-10-07T21:30Z","1.0771","1.0771","1.077","1.077","560284"
"2021-10-07T21:31Z","1.077","1.0771","1.077","1.0771","32006"
"2021-10-07T21:32Z","1.0771","1.0771","1.077","1.077","15650"
"2021-10-07T21:33Z","1.077","1.0771","1.077","1.077","31404"
"2021-10-07T21:34Z","1.077","1.0775","1.077","1.0775","215562"
"2021-10-07T21:35Z","1.0775","1.0778","1.0775","1.0777","47784"
"2021-10-07T21:36Z","1.0777","1.0782","1.0777","1.0782","17688"
"2021-10-07T21:37Z","1.0782","1.0799","1.0782","1.0799","222186"
"2021-10-07T21:38Z","1.0799","1.0799","1.0798","1.0798","216695"
"2021-10-07T21:39Z","1.0798","1.08","1.0798","1.08","208959"
"2021-10-07T21:40Z","1.08","1.0805","1.0799","1.0805","1238975"
"2021-10-07T21:41Z","1.0805","1.0808","1.0805","1.0807","875553"
"2021-10-07T21:42Z","1.0807","1.0808","1.0807","1.0808","89112"
"2021-10-07T21:43Z","1.0808","1.0808","1.08","1.08","213644"
"2021-10-07T21:44Z","1.08","1.0814","1.08","1.0811","178331"
"2021-10-07T21:45Z","1.0811","1.0811","1.0801","1.0801","359820"
"2021-10-07T21:46Z","1.0801","1.0801","1.0798","1.0798","163500"
"2021-10-07T21:47Z","1.0798","1.0799","1.0797","1.0798","77031"
"2021-10-07T21:48Z","1.0798","1.0806","1.0797","1.0806","263670"
"2021-10-07T21:49Z","1.0806","1.0814","1.0805","1.0814","46049"
"2021-10-07T21:50Z","1.0814","1.0814","1.081","1.0811","579862"
"2021-10-07T21:51Z","1.0811","1.0811","1.081","1.0811","16680"
"2021-10-07T21:52Z","1.0811","1.0811","1.0805","1.0807","282629"
"2021-10-07T21:53Z","1.0807","1.0808","1.0801","1.0801","195662"
"2021-10-07T21:54Z","1.0801","1.0802","1.0791","1.0792","119365"
"2021-10-07T21:55Z","1.0792","1.0799","1.0792","1.0792","36615"
"2021-10-07T21:56Z","1.0792","1.0792","1.0791","1.0791","71239"
"2021-10-07T21:57Z","1.0791","1.0799","1.0791","1.0798","10434"
"2021-10-07T21:58Z","1.0798","1.0798","1.0787","1.0787","139207"
"2021-10-07T21:59Z","1.0787","1.0789","1.0787","1.0788","27387"
"2021-10-07T22:00Z","1.0788","1.0793","1.0787","1.0793","37641"
"2021-10-07T22:01Z","1.0793","1.0793","1.0753","1.0759","898630"
"2021-10-07T22:02Z","1.0759","1.0771","1.0753","1.0771","470439"
"2021-10-07T22:03Z","1.0771","1.0772","1.0766","1.0766","123299"
"2021-10-07T22:04Z","1.0766","1.0772","1.0744","1.0771","605401"
"2021-10-07T22:05Z","1.0771","1.0772","1.0765","1.0765","101369"
"2021-10-07T22:06Z","1.0765","1.0765","1.0755","1.0757","343975"
"2021-10-07T22:07Z","1.0757","1.076","1.0745","1.076","278162"
"2021-10-07T22:08Z","1.076","1.0763","1.0718","1.0744","1907720"
"2021-10-07T22:09Z","1.0744","1.0754","1.0741","1.075","653641"
"2021-10-07T22:10Z","1.075","1.0755","1.0746","1.0746","322772"
"2021-10-07T22:11Z","1.0746","1.0746","1.0723","1.0724","513002"
"2021-10-07T22:12Z","1.0724","1.0724","1.0715","1.0716","444163"
"2021-10-07T22:13Z","1.0716","1.0737","1.0715","1.0731","801698"
"2021-10-07T22:14Z","1.0731","1.0731","1.0715","1.0718","121896"
"2021-10-07T22:15Z","1.0718","1.0729","1.0717","1.0729","43436"
"2021-10-07T22:16Z","1.0729","1.0731","1.0725","1.0725","83703"
"2021-10-07T22:17Z","1.0725","1.0725","1.0715","1.0716","97303"
"2021-10-07T22:18Z","1.0716","1.0716","1.0698","1.07","1060337"
"2021-10-07T22:19Z","1.07","1.0703","1.0692","1.0692","423664"
"2021-10-07T22:20Z","1.0692","1.0693","1.0687","1.0691","544808"
"2021-10-07T22:21Z","1.0691","1.0703","1.0691","1.0699","818249"
"2021-10-07T22:22Z","1.0699","1.07","1.0698","1.0698","187157"
"2021-10-07T22:23Z","1.0698","1.0705","1.0698","1.0705","157862"
"2021-10-07T22:24Z","1.0705","1.0705","1.07","1.0704","466132"
"2021-10-07T22:25Z","1.0704","1.071","1.0704","1.071","201388"
"2021-10-07T22:26Z","1.071","1.071","1.0709","1.071","99225"
"2021-10-07T22:27Z","1.071","1.0717","1.0709","1.0717","242507"
"2021-10-07T22:28Z","1.0717","1.0718","1.0716","1.0717","271479"
"2021-10-07T22:29Z","1.0717","1.0718","1.0696","1.0698","431639"
"2021-10-07T22:30Z","1.0698","1.0711","1.0697","1.071","143120"
"2021-10-07T22:31Z","1.071","1.0711","1.0693","1.0693","144640"
"2021-10-07T22:32Z","1.0693","1.0697","1.0693","1.0695","175099"
"2021-10-07T22:33Z","1.0695","1.0696","1.069","1.069","206665"
"2021-10-07T22:34Z","1.069","1.0701","1.0688","1.0701","335377"
"2021-10-07T22:35Z","1.0701","1.0703","1.0689","1.0693","493883"
"2021-10-07T22:36Z","1.0693","1.0693","1.0692","1.0692","21261"
"2021-10-07T22:37Z","1.0692","1.0695","1.069","1.0695","187369"
"2021-10-07T22:38Z","1.0695","1.0701","1.0695","1.0696","193074"
"2021-10-07T22:39Z","1.0696","1.0701","1.0692","1.07","94571"
"2021-10-07T22:40Z","1.07","1.0701","1.0694","1.0695","136570"
"2021-10-07T22:41Z","1.0695","1.0695","1.0691","1.0691","39701"
"2021-10-07T22:42Z","1.0691","1.0692","1.0683","1.0683","237498"
"2021-10-07T22:43Z","1.0683","1.0684","1.0675","1.0676","269401"
"2021-10-07T22:44Z","1.0676","1.0681","1.0675","1.0681","241656"
"2021-10-07T22:45Z","1.0681","1.0692","1.068","1.0692","582247"
"2021-10-07T22:46Z","1.0692","1.0692","1.0686","1.0686","657696"
"2021-10-07T22:47Z","1.0686","1.0686","1.0679","1.0682","127767"
"2021-10-07T22:48Z","1.0682","1.0689","1.0682","1.0689","83091"
"2021-10-07T22:49Z","1.0689","1.0689","1.0686","1.0687","229529"
"2021-10-07T22:50Z","1.0687","1.0705","1.0686","1.0702","574261"
"2021-10-07T22:51Z","1.0702","1.0702","1.0693","1.0697","125021"
"2021-10-07T22:52Z","1.0697","1.07","1.0692","1.0699","123398"
"2021-10-07T22:53Z","1.0699","1.0702","1.0696","1.0701","74121"
"2021-10-07T22:54Z","1.0701","1.0702","1.0696","1.0696","28453"
"2021-10-07T22:55Z","1.0696","1.0697","1.0691","1.0692","336632"
"2021-10-07T22:56Z","1.0692","1.0709","1.0691","1.0705","145501"
"2021-10-07T22:57Z","1.0705","1.0705","1.0698","1.0703","99586"
"2021-10-07T22:58Z","1.0703","1.0709","1.0702","1.0708","103371"
"2021-10-07T22:59Z","1.0708","1.0713","1.0708","1.0713","194206"
"2021-10-07T23:00Z","1.0713","1.0713","1.071","1.071","35496"
"2021-10-07T23:01Z","1.071","1.071","1.0694","1.0698","357619"
"2021-10-07T23:02Z","1.0698","1.0698","1.0694","1.0694","42178"
"2021-10-07T23:03Z","1.0694","1.07","1.0691","1.07","188183"
"2021-10-07T23:04Z","1.07","1.07","1.0699","1.0699","55786"
"2021-10-07T23:05Z","1.0699","1.0703","1.0699","1.0702","169946"
"2021-10-07T23:06Z","1.0702","1.0707","1.0699","1.0699","160445"
"2021-10-07T23:07Z","1.0699","1.07","1.0699","1.07","11268"
"2021-10-07T23:08Z","1.07","1.07","1.0692","1.0692","101818"
"2021-10-07T23:09Z","1.0692","1.0693","1.0692","1.0692","4171"
"2021-10-07T23:10Z","1.0692","1.0709","1.0692","1.0709","253408"
"2021-10-07T23:11Z","1.0709","1.0709","1.0699","1.0699","86203"
"2021-10-07T23:12Z","1.0699","1.07","1.0692","1.0692","29393"
"2021-10-07T23:13Z","1.0692","1.0693","1.0692","1.0693","38291"
"2021-10-07T23:14Z","1.0693","1.0697","1.0689","1.0689","159621"
"2021-10-07T23:15Z","1.0689","1.069","1.0682","1.0684","296250"
"2021-10-07T23:16Z","1.0684","1.0687","1.068","1.0685","213367"
"2021-10-07T23:17Z","1.0685","1.0686","1.0681","1.0682","154573"
"2021-10-07T23:18Z","1.0682","1.0704","1.0682","1.0704","321908"
"2021-10-07T23:19Z","1.0704","1.0704","1.0699","1.0699","56430"
"2021-10-07T23:20Z","1.0699","1.07","1.0699","1.07","48409"
"2021-10-07T23:21Z","1.07","1.07","1.0699","1.0699","47434"
"2021-10-07T23:22Z","1.0699","1.07","1.0699","1.0699","5630"
"2021-10-07T23:23Z","1.0699","1.0724","1.0699","1.0724","907648"
"2021-10-07T23:24Z","1.0724","1.0726","1.0724","1.0725","113132"
"2021-10-07T23:25Z","1.0725","1.0727","1.0702","1.0712","163312"
"2021-10-07T23:26Z","1.0712","1.0712","1.0708","1.0709","195579"
"2021-10-07T23:27Z","1.0709","1.0709","1.0698","1.0698","207029"
"2021-10-07T23:28Z","1.0698","1.0699","1.0694","1.0694","88472"
"2021-10-07T23:29Z","1.0694","1.0695","1.0694","1.0694","1794"
"2021-10-07T23:30Z","1.0694","1.0695","1.0686","1.0686","294214"
"2021-10-07T23:31Z","1.0686","1.0686","1.064","1.0651","3025255"
"2021-10-07T23:32Z","1.0651","1.0672","1.0648","1.0672","618910"
"2021-10-07T23:33Z","1.0672","1.0679","1.0672","1.0679","236421"
"2021-10-07T23:34Z","1.0679","1.0684","1.0677","1.0683","449822"
"2021-10-07T23:35Z","1.0683","1.0698","1.0683","1.0697","235401"
"2021-10-07T23:36Z","1.0697","1.0698","1.0693","1.0693","182048"
"2021-10-07T23:37Z","1.0693","1.0693","1.0684","1.0685","74536"
"2021-10-07T23:38Z","1.0685","1.0688","1.0678","1.0678","501757"
"2021-10-07T23:39Z","1.0678","1.0679","1.0671","1.0672","80590"
"2021-10-07T23:40Z","1.0672","1.0675","1.067","1.067","154569"
"2021-10-07T23:41Z","1.067","1.067","1.0658","1.0659","336785"
"2021-10-07T23:42Z","1.0659","1.0659","1.0658","1.0659","38477"
"2021-10-07T23:43Z","1.0659","1.0669","1.0658","1.0669","256296"
"2021-10-07T23:44Z","1.0669","1.067","1.0664","1.0664","128637"
"2021-10-07T23:45Z","1.0664","1.0668","1.0662","1.0668","250597"
"2021-10-07T23:46Z","1.0668","1.068","1.0668","1.068","692911"
"2021-10-07T23:47Z","1.068","1.068","1.0675","1.0679","579944"
"2021-10-07T23:48Z","1.0679","1.0679","1.0676","1.0677","8162"
"2021-10-07T23:49Z","1.0677","1.0698","1.0677","1.0697","127521"
"2021-10-07T23:50Z","1.0697","1.0699","1.0693","1.0694","82649"
"2021-10-07T23:51Z","1.0694","1.0695","1.0694","1.0694","302546"
"2021-10-07T23:52Z","1.0694","1.0694","1.069","1.0691","99616"
"2021-10-07T23:53Z","1.0691","1.0694","1.069","1.0693","116385"
"2021-10-07T23:54Z","1.0693","1.0695","1.0692","1.0694","1795"
"2021-10-07T23:55Z","1.0694","1.0694","1.0689","1.0689","111260"
"2021-10-07T23:56Z","1.0689","1.069","1.0685","1.0685","98929"
"2021-10-07T23:57Z","1.0685","1.0686","1.0685","1.0685","13304"
"2021-10-07T23:58Z","1.0685","1.0686","1.0684","1.0684","106729"
"2021-10-07T23:59Z","1.0684","1.0684","1.0679","1.0684","264049"
"2021-10-08T00:00Z","1.0684","1.0688","1.0684","1.0688","41015"
"2021-10-08T00:01Z","1.0688","1.0691","1.068","1.0685","241924"
"2021-10-08T00:02Z","1.0685","1.0691","1.067","1.0671","319172"
"2021-10-08T00:03Z","1.0671","1.0674","1.067","1.0671","58445"
"2021-10-08T00:04Z","1.0671","1.0692","1.067","1.0688","300236"
"2021-10-08T00:05Z","1.0688","1.0715","1.0688","1.0715","431541"
"2021-10-08T00:06Z","1.0715","1.0718","1.0714","1.0717","98096"
"2021-10-08T00:07Z","1.0717","1.072","1.0717","1.0719","227828"
"2021-10-08T00:08Z","1.0719","1.0719","1.0701","1.0701","427246"
"2021-10-08T00:09Z","1.0701","1.0713","1.0701","1.0713","90533"
"2021-10-08T00:10Z","1.0713","1.0726","1.0712","1.0725","604696"
"2021-10-08T00:11Z","1.0725","1.0726","1.0718","1.0719","17770"
"2021-10-08T00:12Z","1.0719","1.0722","1.0718","1.0722","282064"
"2021-10-08T00:13Z","1.0722","1.0725","1.072","1.0725","146944"
"2021-10-08T00:14Z","1.0725","1.0729","1.0724","1.0724","314498"
"2021-10-08T00:15Z","1.0724","1.0725","1.072","1.072","49866"
"2021-10-08T00:16Z","1.072","1.072","1.0714","1.0715","89359"
"2021-10-08T00:17Z","1.0715","1.0715","1.0714","1.0714","57"
"2021-10-08T00:18Z","1.0714","1.0746","1.0714","1.0746","1604571"
"2021-10-08T00:19Z","1.0746","1.076","1.0746","1.0759","620562"
"2021-10-08T00:20Z","1.0759","1.0759","1.0748","1.075","962795"
"2021-10-08T00:21Z","1.075","1.0752","1.0748","1.0751","149373"
"2021-10-08T00:22Z","1.0751","1.0752","1.0751","1.0752","48613"
"2021-10-08T00:23Z","1.0752","1.0752","1.0751","1.0752","266639"
"2021-10-08T00:24Z","1.0752","1.0752","1.0744","1.0744","327717"
"2021-10-08T00:25Z","1.0744","1.0745","1.0744","1.0745","14133"
"2021-10-08T00:26Z","1.0745","1.0745","1.0743","1.0744","303842"
"2021-10-08T00:27Z","1.0744","1.0744","1.0743","1.0743","84498"
"2021-10-08T00:28Z","1.0743","1.0745","1.0743","1.0745","202552"
"2021-10-08T00:29Z","1.0745","1.0752","1.0745","1.0751","1153104"
"2021-10-08T00:30Z","1.0751","1.0758","1.075","1.0752","567554"
"2021-10-08T00:31Z","1.0752","1.0752","1.0743","1.0743","122513"
"2021-10-08T00:32Z","1.0743","1.075","1.0743","1.075","39106"
"2021-10-08T00:33Z","1.075","1.0758","1.0749","1.0757","121916"
"2021-10-08T00:34Z","1.0757","1.0757","1.0753","1.0753","196206"
"2021-10-08T00:35Z","1.0753","1.0754","1.0753","1.0753","110226"
"2021-10-08T00:36Z","1.0753","1.0754","1.075","1.0751","193673"
"2021-10-08T00:37Z","1.0751","1.0751","1.0745","1.0745","161183"
"2021-10-08T00:38Z","1.0745","1.0747","1.0743","1.0747","109019"
"2021-10-08T00:39Z","1.0747","1.0747","1.0744","1.0744","51301"
"2021-10-08T00:40Z","1.0744","1.0744","1.0743","1.0743","13675"
"2021-10-08T00:41Z","1.0743","1.075","1.0743","1.075","172843"
"2021-10-08T00:42Z","1.075","1.075","1.0749","1.075","7750"
"2021-10-08T00:43Z","1.075","1.075","1.075","1.075","9310"
"2021-10-08T00:44Z","1.075","1.0766","1.075","1.0766","441046"
"2021-10-08T00:45Z","1.0766","1.0774","1.0766","1.0768","1104493"
"2021-10-08T00:46Z","1.0768","1.078","1.0768","1.078","423717"
"2021-10-08T00:47Z","1.078","1.078","1.0772","1.0772","230426"
"2021-10-08T00:48Z","1.0772","1.078","1.0772","1.0779","199078"
"2021-10-08T00:49Z","1.0779","1.0793","1.0779","1.0792","375087"
"2021-10-08T00:50Z","1.0792","1.0792","1.0785","1.0787","89623"
"2021-10-08T00:51Z","1.0787","1.0788","1.0783","1.0783","103226"
"2021-10-08T00:52Z","1.0783","1.0784","1.0774","1.0774","417905"
"2021-10-08T00:53Z","1.0774","1.0775","1.0771","1.0771","120847"
"2021-10-08T00:54Z","1.0771","1.0772","1.0771","1.0772","24548"
"2021-10-08T00:55Z","1.0772","1.0772","1.077","1.077","133668"
"2021-10-08T00:56Z","1.077","1.0771","1.0765","1.0771","365537"
"2021-10-08T00:57Z","1.0771","1.0771","1.077","1.0771","241582"
"2021-10-08T00:58Z","1.0771","1.0771","1.0765","1.0766","131726"
"2021-10-08T00:59Z","1.0766","1.0766","1.0765","1.0765","35932"
"2021-10-08T01:00Z","1.0765","1.0766","1.0765","1.0766","54598"
"2021-10-08T01:01Z","1.0766","1.0766","1.0765","1.0766","135698"
"2021-10-08T01:02Z","1.0766","1.0769","1.0765","1.0769","20991"
"2021-10-08T01:03Z","1.0769","1.0769","1.0768","1.0768","21067"
"2021-10-08T01:04Z","1.0768","1.0769","1.0768","1.0769","44532"
"2021-10-08T01:05Z","1.0769","1.0769","1.0748","1.0759","858343"
"2021-10-08T01:06Z","1.0759","1.0766","1.0759","1.0766","39190"
"2021-10-08T01:07Z","1.0766","1.0769","1.0765","1.0765","19429"
"2021-10-08T01:08Z","1.0765","1.0766","1.0761","1.0761","96262"
"2021-10-08T01:09Z","1.0761","1.0762","1.0761","1.0761","11060"
"2021-10-08T01:10Z","1.0761","1.0762","1.075","1.075","108779"
"2021-10-08T01:11Z","1.075","1.0755","1.075","1.0755","198611"
"2021-10-08T01:12Z","1.0755","1.0756","1.0754","1.0755","97933"
"2021-10-08T01:13Z","1.0755","1.0756","1.0754","1.0755","222515"
"2021-10-08T01:14Z","1.0755","1.0776","1.0755","1.0776","266685"
"2021-10-08T01:15Z","1.0776","1.0776","1.0775","1.0775","85152"
"2021-10-08T01:16Z","1.0775","1.0777","1.0775","1.0777","99601"
"2021-10-08T01:17Z","1.0777","1.0777","1.077","1.077","207688"
"2021-10-08T01:18Z","1.077","1.077","1.0766","1.0767","244827"
"2021-10-08T01:19Z","1.0767","1.0768","1.0765","1.0765","56068"
"2021-10-08T01:20Z","1.0765","1.0769","1.0762","1.0762","90359"
"2021-10-08T01:21Z","1.0762","1.0771","1.0762","1.0771","445856"
"2021-10-08T01:22Z","1.0771","1.0771","1.0767","1.0768","40523"
"2021-10-08T01:23Z","1.0768","1.0773","1.0768","1.0773","91310"
"2021-10-08T01:24Z","1.0773","1.0773","1.0772","1.0773","222805"
"2021-10-08T01:25Z","1.0773","1.0773","1.0772","1.0772","26464"
"2021-10-08T01:26Z","1.0772","1.0776","1.0772","1.0775","219540"
"2021-10-08T01:27Z","1.0775","1.0778","1.0775","1.0778","73459"
"2021-10-08T01:28Z","1.0778","1.0781","1.0778","1.0781","95675"
"2021-10-08T01:29Z","1.0781","1.0787","1.078","1.0784","182009"
"2021-10-08T01:30Z","1.0784","1.0784","1.0764","1.0765","465209"
"2021-10-08T01:31Z","1.0765","1.0765","1.0764","1.0764","33894"
"2021-10-08T01:32Z","1.0764","1.0768","1.0764","1.0767","47997"
"2021-10-08T01:33Z","1.0767","1.0769","1.0767","1.0769","180619"
"2021-10-08T01:34Z","1.0769","1.0771","1.0768","1.0768","209263"
"2021-10-08T01:35Z","1.0768","1.0771","1.0768","1.0769","14319"
"2021-10-08T01:36Z","1.0769","1.0783","1.0768","1.0783","177444"
"2021-10-08T01:37Z","1.0783","1.0785","1.0783","1.0785","40322"
"2021-10-08T01:38Z","1.0785","1.0785","1.0784","1.0784","61470"
"2021-10-08T01:39Z","1.0784","1.0787","1.0784","1.0786","60967"
"2021-10-08T01:40Z","1.0786","1.0786","1.0773","1.0774","235510"
"2021-10-08T01:41Z","1.0774","1.0774","1.0771","1.0771","38322"
"2021-10-08T01:42Z","1.0771","1.0774","1.0771","1.0774","19888"
"2021-10-08T01:43Z","1.0774","1.0774","1.0773","1.0774","81233"
"2021-10-08T01:44Z","1.0774","1.0774","1.0767","1.0767","66429"
"2021-10-08T01:45Z","1.0767","1.0773","1.0755","1.076","1661420"
"2021-10-08T01:46Z","1.076","1.0761","1.0757","1.0761","356246"
"2021-10-08T01:47Z","1.0761","1.0761","1.0759","1.0759","178762"
"2021-10-08T01:48Z","1.0759","1.0767","1.0759","1.0767","226661"
"2021-10-08T01:49Z","1.0767","1.0774","1.0767","1.0774","63612"
"2021-10-08T01:50Z","1.0774","1.0775","1.0773","1.0774","63162"
"2021-10-08T01:51Z","1.0774","1.0775","1.0774","1.0775","8881"
"2021-10-08T01:52Z","1.0775","1.08","1.0774","1.0797","1047007"
"2021-10-08T01:53Z","1.0797","1.0798","1.0791","1.0792","228120"
"2021-10-08T01:54Z","1.0792","1.0796","1.0784","1.0784","293634"
"2021-10-08T01:55Z","1.0784","1.0787","1.078","1.0787","262861"
"2021-10-08T01:56Z","1.0787","1.0787","1.0785","1.0786","58894"
"2021-10-08T01:57Z","1.0786","1.0786","1.0785","1.0785","7407"
"2021-10-08T01:58Z","1.0785","1.0786","1.0785","1.0786","30155"
"2021-10-08T01:59Z","1.0786","1.0786","1.0785","1.0785","7531"
"2021-10-08T02:00Z","1.0785","1.0785","1.0779","1.0779","55999"
"2021-10-08T02:01Z","1.0779","1.0784","1.0779","1.0784","96747"
"2021-10-08T02:02Z","1.0784","1.0789","1.0783","1.0789","290393"
"2021-10-08T02:03Z","1.0789","1.0789","1.0788","1.0789","83606"
"2021-10-08T02:04Z","1.0789","1.0789","1.078","1.0781","75819"
"2021-10-08T02:05Z","1.0781","1.0781","1.0767","1.0767","254099"
"2021-10-08T02:06Z","1.0767","1.0768","1.0767","1.0768","44183"
"2021-10-08T02:07Z","1.0768","1.0768","1.0764","1.0765","23837"
"2021-10-08T02:08Z","1.0765","1.0765","1.0761","1.0764","112249"
"2021-10-08T02:09Z","1.0764","1.0764","1.075","1.075","255606"
"2021-10-08T02:10Z","1.075","1.0751","1.0744","1.0745","150181"
"2021-10-08T02:11Z","1.0745","1.0746","1.0741","1.0742","182746"
"2021-10-08T02:12Z","1.0742","1.0742","1.0733","1.0733","495125"
"2021-10-08T02:13Z","1.0733","1.0734","1.0722","1.073","1162864"
"2021-10-08T02:14Z","1.073","1.073","1.0729","1.0729","48402"
"2021-10-08T02:15Z","1.0729","1.073","1.0726","1.0726","405560"
"2021-10-08T02:16Z","1.0726","1.073","1.0726","1.073","248132"
"2021-10-08T02:17Z","1.073","1.073","1.0726","1.0726","61170"
"2021-10-08T02:18Z","1.0726","1.0727","1.0722","1.0722","265767"
"2021-10-08T02:19Z","1.0722","1.0724","1.0718","1.0718","387293"
"2021-10-08T02:20Z","1.0718","1.072","1.0712","1.0719","622205"
"2021-10-08T02:21Z","1.0719","1.072","1.0719","1.072","13810"
"2021-10-08T02:22Z","1.072","1.072","1.0717","1.0717","12973"
"2021-10-08T02:23Z","1.0717","1.072","1.0712","1.072","400609"
"2021-10-08T02:24Z","1.072","1.0722","1.0719","1.0722","276973"
"2021-10-08T02:25Z","1.0722","1.0722","1.072","1.0721","242005"
"2021-10-08T02:26Z","1.0721","1.0722","1.0719","1.0722","120733"
"2021-10-08T02:27Z","1.0722","1.0731","1.0718","1.0719","755940"
"2021-10-08T02:28Z","1.0719","1.0719","1.0715","1.0716","436690"
"2021-10-08T02:29Z","1.0716","1.0722","1.0708","1.0722","459628"
"2021-10-08T02:30Z","1.0722","1.0728","1.0717","1.0728","374046"
"2021-10-08T02:31Z","1.0728","1.073","1.0728","1.073","157384"
"2021-10-08T02:32Z","1.073","1.073","1.0723","1.0724","43312"
"2021-10-08T02:33Z","1.0724","1.0724","1.072","1.072","51528"
"2021-10-08T02:34Z","1.072","1.0722","1.0712","1.0717","163247"
"2021-10-08T02:35Z","1.0717","1.0728","1.0715","1.0728","132962"
"2021-10-08T02:36Z","1.0728","1.0729","1.0724","1.0726","23172"
"2021-10-08T02:37Z","1.0726","1.0728","1.0726","1.0727","61697"
"2021-10-08T02:38Z","1.0727","1.0727","1.0723","1.0723","6334"
"2021-10-08T02:39Z","1.0723","1.0723","1.072","1.0721","21432"
"2021-10-08T02:40Z","1.0721","1.0726","1.0721","1.0726","37084"
"2021-10-08T02:41Z","1.0726","1.0726","1.0725","1.0725","24461"
"2021-10-08T02:42Z","1.0725","1.0725","1.0721","1.0724","55953"
"2021-10-08T02:43Z","1.0724","1.0728","1.0724","1.0725","17515"
"2021-10-08T02:44Z","1.0725","1.0729","1.0725","1.0729","229020"
"2021-10-08T02:45Z","1.0729","1.0734","1.0728","1.0732","314238"
"2021-10-08T02:46Z","1.0732","1.0733","1.0731","1.0732","149725"
"2021-10-08T02:47Z","1.0732","1.0734","1.0725","1.0725","254837"
"2021-10-08T02:48Z","1.0725","1.0733","1.0725","1.0733","281691"
"2021-10-08T02:49Z","1.0733","1.0734","1.073","1.073","212222"
"2021-10-08T02:50Z","1.073","1.0734","1.073","1.0734","281972"
"2021-10-08T02:51Z","1.0734","1.0734","1.0733","1.0734","31105"
"2021-10-08T02:52Z","1.0734","1.0735","1.0733","1.0734","52470"
"2021-10-08T02:53Z","1.0734","1.0734","1.0725","1.0725","129974"
"2021-10-08T02:54Z","1.0725","1.0726","1.0722","1.0723","274782"
"2021-10-08T02:55Z","1.0723","1.0723","1.0703","1.0713","1496686"
"2021-10-08T02:56Z","1.0713","1.0713","1.0712","1.0713","231267"
"2021-10-08T02:57Z","1.0713","1.0713","1.0705","1.0708","124875"
"2021-10-08T02:58Z","1.0708","1.0715","1.0708","1.0715","208528"
"2021-10-08T02:59Z","1.0715","1.0715","1.071","1.0711","84774"
"2021-10-08T03:00Z","1.0711","1.0715","1.0708","1.0715","299439"
"2021-10-08T03:01Z","1.0715","1.0717","1.0711","1.0711","104227"
"2021-10-08T03:02Z","1.0711","1.0711","1.0702","1.0702","66273"
"2021-10-08T03:03Z","1.0702","1.0703","1.0695","1.0695","489224"
"2021-10-08T03:04Z","1.0695","1.07","1.069","1.07","193975"
"2021-10-08T03:05Z","1.07","1.07","1.0695","1.0695","114588"
"2021-10-08T03:06Z","1.0695","1.0695","1.0694","1.0694","36356"
"2021-10-08T03:07Z","1.0694","1.0695","1.069","1.0691","134549"
"2021-10-08T03:08Z","1.0691","1.0691","1.067","1.067","909806"
"2021-10-08T03:09Z","1.067","1.067","1.0657","1.0657","1118227"
"2021-10-08T03:10Z","1.0657","1.0665","1.0656","1.0665","230741"
"2021-10-08T03:11Z","1.0665","1.0665","1.0634","1.0645","1676127"
"2021-10-08T03:12Z","1.0645","1.0655","1.064","1.0655","401748"
"2021-10-08T03:13Z","1.0655","1.0655","1.0621","1.0622","1229664"
"2021-10-08T03:14Z","1.0622","1.0631","1.0606","1.0619","2121994"
"2021-10-08T03:15Z","1.0619","1.0641","1.0619","1.0637","1073272"
"2021-10-08T03:16Z","1.0637","1.0637","1.063","1.0634","221615"
"2021-10-08T03:17Z","1.0634","1.0638","1.0631","1.0638","185341"
"2021-10-08T03:18Z","1.0638","1.0651","1.0638","1.0651","933613"
"2021-10-08T03:19Z","1.0651","1.0651","1.0648","1.0648","373580"
"2021-10-08T03:20Z","1.0648","1.0648","1.0645","1.0646","651469"
"2021-10-08T03:21Z","1.0646","1.065","1.0641","1.0641","748095"
"2021-10-08T03:22Z","1.0641","1.0641","1.0635","1.0636","147428"
"2021-10-08T03:23Z","1.0636","1.0639","1.0635","1.0636","387414"
"2021-10-08T03:24Z","1.0636","1.0636","1.0635","1.0635","46997"
"2021-10-08T03:25Z","1.0635","1.0635","1.0634","1.0634","55374"
"2021-10-08T03:26Z","1.0634","1.0634","1.0632","1.0633","202203"
"2021-10-08T03:27Z","1.0633","1.0634","1.063","1.063","77922"
"2021-10-08T03:28Z","1.063","1.0631","1.0621","1.0621","172135"
"2021-10-08T03:29Z","1.0621","1.0621","1.0603","1.0611","605684"
"2021-10-08T03:30Z","1.0611","1.0621","1.061","1.0621","426896"
"2021-10-08T03:31Z","1.0621","1.063","1.0621","1.063","178003"
"2021-10-08T03:32Z","1.063","1.0635","1.063","1.0635","158476"
"2021-10-08T03:33Z","1.0635","1.0635","1.0634","1.0635","52863"
"2021-10-08T03:34Z","1.0635","1.0635","1.0635","1.0635","99070"
"2021-10-08T03:35Z","1.0635","1.0645","1.0634","1.0645","308408"
"2021-10-08T03:36Z","1.0645","1.0645","1.0643","1.0643","35024"
"2021-10-08T03:37Z","1.0643","1.0643","1.0636","1.0637","180549"
"2021-10-08T03:38Z","1.0637","1.0637","1.0636","1.0636","51444"
"2021-10-08T03:39Z","1.0636","1.0637","1.0636","1.0637","22320"
"2021-10-08T03:40Z","1.0637","1.0637","1.0625","1.0626","335442"
"2021-10-08T03:41Z","1.0626","1.0626","1.0619","1.062","210335"
"2021-10-08T03:42Z","1.062","1.062","1.0613","1.0614","248612"
"2021-10-08T03:43Z","1.0614","1.0624","1.0614","1.0624","245677"
"2021-10-08T03:44Z","1.0624","1.0624","1.0623","1.0623","8916"
"2021-10-08T03:45Z","1.0623","1.0629","1.0623","1.0628","465257"
"2021-10-08T03:46Z","1.0628","1.0632","1.0627","1.0632","82983"
"2021-10-08T03:47Z","1.0632","1.0632","1.0628","1.0629","51913"
"2021-10-08T03:48Z","1.0629","1.0631","1.0628","1.0631","179518"
"2021-10-08T03:49Z","1.0631","1.0638","1.063","1.0638","282257"
"2021-10-08T03:50Z","1.0638","1.0638","1.0637","1.0638","2478"
"2021-10-08T03:51Z","1.0638","1.0651","1.0637","1.0651","371033"
"2021-10-08T03:52Z","1.0651","1.0653","1.0645","1.0646","56777"
"2021-10-08T03:53Z","1.0646","1.0646","1.0645","1.0646","22942"
"2021-10-08T03:54Z","1.0646","1.065","1.0646","1.065","127930"
"2021-10-08T03:55Z","1.065","1.065","1.0641","1.0642","331537"
"2021-10-08T03:56Z","1.0642","1.0646","1.0641","1.0646","77542"
"2021-10-08T03:57Z","1.0646","1.0646","1.0642","1.0642","214602"
"2021-10-08T03:58Z","1.0642","1.0645","1.0642","1.0645","111253"
"2021-10-08T03:59Z","1.0645","1.0658","1.0645","1.0657","335900"
"2021-10-08T04:00Z","1.0657","1.0661","1.0657","1.066","236992"
"2021-10-08T04:01Z","1.066","1.0661","1.0658","1.0658","32183"
"2021-10-08T04:02Z","1.0658","1.0659","1.0647","1.0647","123443"
"2021-10-08T04:03Z","1.0647","1.0655","1.0645","1.0655","121541"
"2021-10-08T04:04Z","1.0655","1.0657","1.0655","1.0656","29747"
"2021-10-08T04:05Z","1.0656","1.0656","1.0649","1.0649","34222"
"2021-10-08T04:06Z","1.0649","1.065","1.0649","1.065","21017"
"2021-10-08T04:07Z","1.065","1.0656","1.065","1.0656","133894"
"2021-10-08T04:08Z","1.0656","1.0662","1.0655","1.0661","272673"
"2021-10-08T04:09Z","1.0661","1.0667","1.0661","1.0667","200606"
"2021-10-08T04:10Z","1.0667","1.0674","1.0663","1.0663","552201"
"2021-10-08T04:11Z","1.0663","1.0663","1.0652","1.0652","836753"
"2021-10-08T04:12Z","1.0652","1.0653","1.0647","1.0647","115741"
"2021-10-08T04:13Z","1.0647","1.0652","1.0647","1.0651","73196"
"2021-10-08T04:14Z","1.0651","1.0653","1.0641","1.0642","362806"
"2021-10-08T04:15Z","1.0642","1.0642","1.0633","1.0641","166199"
"2021-10-08T04:16Z","1.0641","1.0641","1.0634","1.0635","157527"
"2021-10-08T04:17Z","1.0635","1.0635","1.0632","1.0632","52670"
"2021-10-08T04:18Z","1.0632","1.0641","1.0632","1.064","547128"
"2021-10-08T04:19Z","1.064","1.0643","1.064","1.064","103014"
"2021-10-08T04:20Z","1.064","1.0641","1.064","1.0641","11135"
"2021-10-08T04:21Z","1.0641","1.0645","1.064","1.0645","99658"
"2021-10-08T04:22Z","1.0645","1.0668","1.0644","1.0666","578453"
"2021-10-08T04:23Z","1.0666","1.0674","1.0665","1.0665","199710"
"2021-10-08T04:24Z","1.0665","1.0665","1.064","1.0642","185823"
"2021-10-08T04:25Z","1.0642","1.0651","1.0641","1.0642","126279"
"2021-10-08T04:26Z","1.0642","1.0648","1.0641","1.0648","182721"
"2021-10-08T04:27Z","1.0648","1.0648","1.0647","1.0648","54118"
"2021-10-08T04:28Z","1.0648","1.0651","1.0646","1.0646","163104"
"2021-10-08T04:29Z","1.0646","1.0647","1.0645","1.0645","61926"
"2021-10-08T04:30Z","1.0645","1.0647","1.0645","1.0646","8333"
"2021-10-08T04:31Z","1.0646","1.0647","1.0646","1.0647","187215"
"2021-10-08T04:32Z","1.0647","1.0653","1.0646","1.065","115615"
"2021-10-08T04:33Z","1.065","1.065","1.0649","1.065","5431"
"2021-10-08T04:34Z","1.065","1.065","1.0649","1.065","2601"
"2021-10-08T04:35Z","1.065","1.0655","1.0649","1.0655","291450"
"2021-10-08T04:36Z","1.0655","1.0655","1.0654","1.0655","47059"
"2021-10-08T04:37Z","1.0655","1.0655","1.0653","1.0653","13724"
"2021-10-08T04:38Z","1.0653","1.0653","1.0651","1.0651","15095"
"2021-10-08T04:39Z","1.0651","1.0658","1.0651","1.0658","118313"
"2021-10-08T04:40Z","1.0658","1.0669","1.0658","1.0662","164434"
"2021-10-08T04:41Z","1.0662","1.0662","1.0657","1.0658","89286"
"2021-10-08T04:42Z","1.0658","1.066","1.0657","1.066","60321"
"2021-10-08T04:43Z","1.066","1.0676","1.066","1.0676","327057"
"2021-10-08T04:44Z","1.0676","1.0676","1.0675","1.0675","48640"
"2021-10-08T04:45Z","1.0675","1.0677","1.0675","1.0677","92565"
"2021-10-08T04:46Z","1.0677","1.0677","1.0668","1.0668","166455"
"2021-10-08T04:47Z","1.0668","1.0669","1.0666","1.0666","426427"
"2021-10-08T04:48Z","1.0666","1.0667","1.0666","1.0667","136791"
"2021-10-08T04:49Z","1.0667","1.067","1.0666","1.067","76017"
"2021-10-08T04:50Z","1.067","1.0672","1.0669","1.0672","44555"
"2021-10-08T04:51Z","1.0672","1.0672","1.0671","1.0671","7766"
"2021-10-08T04:52Z","1.0671","1.0672","1.0671","1.0672","10702"
"2021-10-08T04:53Z","1.0672","1.0673","1.0671","1.0673","176089"
"2021-10-08T04:54Z","1.0673","1.0675","1.0672","1.0675","117290"
"2021-10-08T04:55Z","1.0675","1.0675","1.0674","1.0674","83119"
"2021-10-08T04:56Z","1.0674","1.0675","1.0647","1.0653","547467"
"2021-10-08T04:57Z","1.0653","1.0656","1.0653","1.0655","134461"
"2021-10-08T04:58Z","1.0655","1.0656","1.0647","1.0648","362350"
"2021-10-08T04:59Z","1.0648","1.0648","1.0646","1.0646","46757"
"2021-10-08T05:00Z","1.0646","1.0647","1.0643","1.0644","62694"
"2021-10-08T05:01Z","1.0644","1.0648","1.0642","1.0642","333458"
"2021-10-08T05:02Z","1.0642","1.0642","1.0636","1.0636","382836"
"2021-10-08T05:03Z","1.0636","1.0637","1.063","1.063","169059"
"2021-10-08T05:04Z","1.063","1.0631","1.0623","1.0626","672971"
"2021-10-08T05:05Z","1.0626","1.0633","1.0626","1.0633","188108"
"2021-10-08T05:06Z","1.0633","1.0633","1.0627","1.0628","119177"
"2021-10-08T05:07Z","1.0628","1.0628","1.0605","1.0605","770922"
"2021-10-08T05:08Z","1.0605","1.0635","1.0605","1.0623","966850"
"2021-10-08T05:09Z","1.0623","1.0644","1.0622","1.0644","343371"
"2021-10-08T05:10Z","1.0644","1.0644","1.0633","1.0634","57218"
"2021-10-08T05:11Z","1.0634","1.0634","1.0628","1.0629","14325"
"2021-10-08T05:12Z","1.0629","1.0629","1.0628","1.0629","80528"
"2021-10-08T05:13Z","1.0629","1.0629","1.0628","1.0628","31635"
"2021-10-08T05:14Z","1.0628","1.0631","1.0628","1.063","56613"
"2021-10-08T05:15Z","1.063","1.0631","1.0625","1.0625","49969"
"2021-10-08T05:16Z","1.0625","1.0633","1.0617","1.0633","187786"
"2021-10-08T05:17Z","1.0633","1.0647","1.0633","1.0647","122294"
"2021-10-08T05:18Z","1.0647","1.0647","1.0646","1.0647","27085"
"2021-10-08T05:19Z","1.0647","1.0647","1.064","1.064","45346"
"2021-10-08T05:20Z","1.064","1.0644","1.064","1.0644","67382"
"2021-10-08T05:21Z","1.0644","1.0644","1.0643","1.0644","41487"
"2021-10-08T05:22Z","1.0644","1.0646","1.0643","1.0644","27028"
"2021-10-08T05:23Z","1.0644","1.0644","1.0636","1.0636","144564"
"2021-10-08T05:24Z","1.0636","1.0636","1.0627","1.0632","152040"
"2021-10-08T05:25Z","1.0632","1.0643","1.0629","1.0629","978123"
"2021-10-08T05:26Z","1.0629","1.0629","1.0628","1.0629","62335"
"2021-10-08T05:27Z","1.0629","1.0629","1.0621","1.0621","71272"
"2021-10-08T05:28Z","1.0621","1.0626","1.0621","1.0625","75631"
"2021-10-08T05:29Z","1.0625","1.0628","1.0625","1.0628","261544"
"2021-10-08T05:30Z","1.0628","1.0628","1.0627","1.0627","19950"
"2021-10-08T05:31Z","1.0627","1.0628","1.0627","1.0627","41286"
"2021-10-08T05:32Z","1.0627","1.0627","1.0619","1.0623","419376"
"2021-10-08T05:33Z","1.0623","1.0625","1.0623","1.0624","62396"
"2021-10-08T05:34Z","1.0624","1.0625","1.0621","1.0622","102657"
