"2020-09-12T11:27Z","10330.5","10330.5","10330","10330.5","22612"
"2020-09-12T11:28Z","10330.5","10330.5","10330","10330.5","433744"
"2020-09-12T11:29Z","10330.5","10330.5","10330","10330","31291"
"2020-09-12T11:30Z","10330","10330.5","10330","10330","578965"
"2020-09-12T11:31Z","10330","10333","10330","10332.5","102249"
"2020-09-12T11:32Z","10332.5","10334","10332.5","10334","123081"
"2020-09-12T11:33Z","10334","10334","10333.5","10334","24793"
"2020-09-12T11:34Z","10334","10334","10333.5","10333.5","65945"
"2020-09-12T11:35Z","10333.5","10335.5","10333.5","10335","110932"
"2020-09-12T11:36Z","10335","10338.5","10335","10338","90794"
"2020-09-12T11:37Z","10338","10339","10338","10339","280176"
"2020-09-12T11:38Z","10339","10340","10338.5","10340","78452"
"2020-09-12T11:39Z","10340","10343","10340","10343","123230"
"2020-09-12T11:40Z","10343","10343.5","10342.5","10343","341958"
"2020-09-12T11:41Z","10343","10345","10343","10344.5","510654"
"2020-09-12T11:42Z","10344.5","10345","10344.5","10345","5120"
"2020-09-12T11:43Z","10345","10345","10343","10343.5","54168"
"2020-09-12T11:44Z","10343.5","10343.5","10343","10343.5","2996"
"2020-09-12T11:45Z","10343.5","10343.5","10343","10343.5","6164"
"2020-09-12T11:46Z","10343.5","10344","10343","10344","34297"
"2020-09-12T11:47Z","10344","10345","10343.5","10344.5","822051"
"2020-09-12T11:48Z","10344.5","10345.5","10344.5","10345","601531"
"2020-09-12T11:49Z","10345","10346.5","10345","10346.5","1111419"
"2020-09-12T11:50Z","10346.5","10346.5","10346","10346.5","39290"
"2020-09-12T11:51Z","10346.5","10346.5","10346","10346.5","23896"
"2020-09-12T11:52Z","10346.5","10346.5","10346","10346.5","15220"
"2020-09-12T11:53Z","10346.5","10346.5","10346","10346.5","4708"
"2020-09-12T11:54Z","10346.5","10348","10346","10348","217180"
"2020-09-12T11:55Z","10348","10348","10347.5","10347.5","45152"
"2020-09-12T11:56Z","10347.5","10348","10347.5","10347.5","11312"
"2020-09-12T11:57Z","10347.5","10348","10347.5","10347.5","49481"
"2020-09-12T11:58Z","10347.5","10348","10339.5","10339.5","1380570"
"2020-09-12T11:59Z","10339.5","10341","10339.5","10340.5","644671"
"2020-09-12T12:00Z","10340.5","10341.5","10338.5","10339","1586361"
"2020-09-12T12:01Z","10339","10339","10338.5","10339","51425"
"2020-09-12T12:02Z","10339","10339","10338","10338","114591"
"2020-09-12T12:03Z","10338","10338.5","10334.5","10334.5","238809"
"2020-09-12T12:04Z","10334.5","10335","10334.5","10335","215120"
"2020-09-12T12:05Z","10335","10335.5","10334.5","10335.5","1044261"
"2020-09-12T12:06Z","10335.5","10335.5","10335","10335.5","29578"
"2020-09-12T12:07Z","10335.5","10335.5","10335","10335","4837"
"2020-09-12T12:08Z","10335","10335.5","10335","10335","50080"
"2020-09-12T12:09Z","10335","10335.5","10335","10335.5","2500"
"2020-09-12T12:10Z","10335.5","10335.5","10330.5","10331","536109"
"2020-09-12T12:11Z","10331","10331","10329.5","10329.5","257798"
"2020-09-12T12:12Z","10329.5","10330","10324","10324","558822"
"2020-09-12T12:13Z","10324","10324","10316.5","10316.5","1713195"
"2020-09-12T12:14Z","10316.5","10317","10316.5","10316.5","265948"
"2020-09-12T12:15Z","10316.5","10317","10316.5","10317","217463"
"2020-09-12T12:16Z","10317","10320","10316.5","10320","346973"
"2020-09-12T12:17Z","10320","10323","10319.5","10323","307752"
"2020-09-12T12:18Z","10323","10323","10322.5","10322.5","24799"
"2020-09-12T12:19Z","10322.5","10323","10322.5","10323","50449"
"2020-09-12T12:20Z","10323","10323","10322","10322","84333"
"2020-09-12T12:21Z","10322","10322.5","10321.5","10321.5","26151"
"2020-09-12T12:22Z","10321.5","10321.5","10321","10321","19230"
"2020-09-12T12:23Z","10321","10321.5","10321","10321","24717"
"2020-09-12T12:24Z","10321","10321.5","10321","10321","22061"
"2020-09-12T12:25Z","10321","10321.5","10321","10321.5","131043"
"2020-09-12T12:26Z","10321.5","10321.5","10321","10321","6607"
"2020-09-12T12:27Z","10321","10321.5","10318.5","10319","1270018"
"2020-09-12T12:28Z","10319","10319","10318.5","10319","353326"
"2020-09-12T12:29Z","10319","10319","10318.5","10318.5","19346"
"2020-09-12T12:30Z","10318.5","10319","10318.5","10318.5","99550"
"2020-09-12T12:31Z","10318.5","10319","10318.5","10319","58738"
"2020-09-12T12:32Z","10319","10319","10318.5","10318.5","30034"
"2020-09-12T12:33Z","10318.5","10319","10318.5","10319","43843"
"2020-09-12T12:34Z","10319","10319","10318.5","10319","5790"
"2020-09-12T12:35Z","10319","10319","10318.5","10319","33750"
"2020-09-12T12:36Z","10319","10319","10319","10319","93391"
"2020-09-12T12:37Z","10319","10319","10318.5","10318.5","68124"
"2020-09-12T12:38Z","10318.5","10319","10318.5","10319","15773"
"2020-09-12T12:39Z","10319","10319","10318.5","10319","33102"
"2020-09-12T12:40Z","10319","10319","10318.5","10319","344248"
"2020-09-12T12:41Z","10319","10319","10312.5","10313","399804"
"2020-09-12T12:42Z","10313","10313","10308.5","10308.5","1428852"
"2020-09-12T12:43Z","10308.5","10309","10308.5","10308.5","34575"
"2020-09-12T12:44Z","10308.5","10310","10308.5","10309.5","143356"
"2020-09-12T12:45Z","10309.5","10310","10305.5","10307","1559647"
"2020-09-12T12:46Z","10307","10307.5","10307","10307","109017"
"2020-09-12T12:47Z","10307","10307.5","10307","10307","20129"
"2020-09-12T12:48Z","10307","10307.5","10307","10307.5","79454"
"2020-09-12T12:49Z","10307.5","10307.5","10307","10307","30081"
"2020-09-12T12:50Z","10307","10309","10307","10308.5","217754"
"2020-09-12T12:51Z","10308.5","10309","10308.5","10308.5","103195"
"2020-09-12T12:52Z","10308.5","10310","10308.5","10310","624416"
"2020-09-12T12:53Z","10310","10311.5","10309.5","10311.5","114361"
"2020-09-12T12:54Z","10311.5","10316","10311","10316","304459"
"2020-09-12T12:55Z","10316","10316","10308","10308","3179656"
"2020-09-12T12:56Z","10308","10308.5","10308","10308.5","108688"
"2020-09-12T12:57Z","10308.5","10314","10308.5","10313.5","277455"
"2020-09-12T12:58Z","10313.5","10314","10313.5","10314","228491"
"2020-09-12T12:59Z","10314","10314","10314","10314","13794"
"2020-09-12T13:00Z","10314","10314","10308.5","10308.5","837997"
"2020-09-12T13:01Z","10308.5","10309","10308.5","10308.5","10357"
"2020-09-12T13:02Z","10308.5","10311.5","10308.5","10311","374101"
"2020-09-12T13:03Z","10311","10311.5","10311","10311","342906"
"2020-09-12T13:04Z","10311","10311.5","10311","10311.5","43663"
"2020-09-12T13:05Z","10311.5","10311.5","10311","10311.5","149720"
"2020-09-12T13:06Z","10311.5","10311.5","10311","10311.5","1249116"
"2020-09-12T13:07Z","10311.5","10311.5","10311","10311.5","12677"
"2020-09-12T13:08Z","10311.5","10317","10311","10317","1125661"
"2020-09-12T13:09Z","10317","10317","10316.5","10316.5","80005"
"2020-09-12T13:10Z","10316.5","10317","10314.5","10314.5","526148"
"2020-09-12T13:11Z","10314.5","10314.5","10314","10314.5","6720"
"2020-09-12T13:12Z","10314.5","10314.5","10311","10311","536031"
"2020-09-12T13:13Z","10311","10311.5","10311","10311.5","111759"
"2020-09-12T13:14Z","10311.5","10315","10311.5","10315","33003"
"2020-09-12T13:15Z","10315","10315.5","10314.5","10315","20445"
"2020-09-12T13:16Z","10315","10316","10315","10315.5","49817"
"2020-09-12T13:17Z","10315.5","10316.5","10315.5","10316.5","61725"
"2020-09-12T13:18Z","10316.5","10319","10316","10319","211542"
"2020-09-12T13:19Z","10319","10319","10318.5","10318.5","16288"
"2020-09-12T13:20Z","10318.5","10319","10318.5","10319","30299"
"2020-09-12T13:21Z","10319","10319","10318.5","10319","34384"
"2020-09-12T13:22Z","10319","10319","10318.5","10319","15020"
"2020-09-12T13:23Z","10319","10319","10318.5","10318.5","158991"
"2020-09-12T13:24Z","10318.5","10319","10318","10318.5","180787"
"2020-09-12T13:25Z","10318.5","10318.5","10318","10318.5","7007"
"2020-09-12T13:26Z","10318.5","10318.5","10317","10317","507855"
"2020-09-12T13:27Z","10317","10317.5","10313","10313","272613"
"2020-09-12T13:28Z","10313","10313.5","10313","10313","27181"
"2020-09-12T13:29Z","10313","10313.5","10310.5","10310.5","76253"
"2020-09-12T13:30Z","10310.5","10311","10288","10292.5","5686741"
"2020-09-12T13:31Z","10292.5","10292.5","10288","10288","1576592"
"2020-09-12T13:32Z","10288","10290","10288","10289","406191"
"2020-09-12T13:33Z","10289","10289.5","10284","10286.5","1584343"
"2020-09-12T13:34Z","10286.5","10288.5","10286","10288.5","291352"
"2020-09-12T13:35Z","10288.5","10288.5","10283","10284.5","1736332"
"2020-09-12T13:36Z","10284.5","10287.5","10284.5","10287.5","472772"
"2020-09-12T13:37Z","10287.5","10287.5","10287","10287.5","37266"
"2020-09-12T13:38Z","10287.5","10287.5","10273.5","10277","2737869"
"2020-09-12T13:39Z","10277","10277.5","10277","10277.5","579622"
"2020-09-12T13:40Z","10277.5","10282","10271.5","10282","1160573"
"2020-09-12T13:41Z","10282","10290","10281.5","10289.5","1288449"
"2020-09-12T13:42Z","10289.5","10290","10278","10278","335364"
"2020-09-12T13:43Z","10278","10278.5","10276","10278.5","336569"
"2020-09-12T13:44Z","10278.5","10278.5","10278","10278.5","136402"
"2020-09-12T13:45Z","10278.5","10284.5","10275.5","10284.5","442703"
"2020-09-12T13:46Z","10284.5","10284.5","10282.5","10283","335443"
"2020-09-12T13:47Z","10283","10283","10282.5","10282.5","93945"
"2020-09-12T13:48Z","10282.5","10284","10282.5","10284","167979"
"2020-09-12T13:49Z","10284","10284","10283.5","10283.5","111479"
"2020-09-12T13:50Z","10283.5","10286","10283.5","10286","393607"
"2020-09-12T13:51Z","10286","10288.5","10285.5","10288","114211"
"2020-09-12T13:52Z","10288","10288.5","10288","10288","114417"
"2020-09-12T13:53Z","10288","10290","10288","10290","619939"
"2020-09-12T13:54Z","10290","10295.5","10289.5","10295.5","434490"
"2020-09-12T13:55Z","10295.5","10295.5","10294.5","10294.5","324116"
"2020-09-12T13:56Z","10294.5","10295","10292.5","10292.5","153950"
"2020-09-12T13:57Z","10292.5","10293","10292.5","10293","81218"
"2020-09-12T13:58Z","10293","10295","10292.5","10294.5","288628"
"2020-09-12T13:59Z","10294.5","10295","10294.5","10295","169072"
"2020-09-12T14:00Z","10295","10295","10294","10294","1403496"
"2020-09-12T14:01Z","10294","10294.5","10291.5","10292","202399"
"2020-09-12T14:02Z","10292","10292","10289","10289.5","590856"
"2020-09-12T14:03Z","10289.5","10289.5","10284","10284","784504"
"2020-09-12T14:04Z","10284","10284.5","10280","10280.5","360815"
"2020-09-12T14:05Z","10280.5","10280.5","10280","10280.5","140360"
"2020-09-12T14:06Z","10280.5","10287.5","10280","10287.5","294656"
"2020-09-12T14:07Z","10287.5","10296","10287.5","10296","604648"
"2020-09-12T14:08Z","10296","10296","10295.5","10295.5","44613"
"2020-09-12T14:09Z","10295.5","10296","10295.5","10296","17321"
"2020-09-12T14:10Z","10296","10296","10295.5","10296","121917"
"2020-09-12T14:11Z","10296","10296","10295.5","10295.5","74652"
"2020-09-12T14:12Z","10295.5","10296","10295.5","10296","72874"
"2020-09-12T14:13Z","10296","10296.5","10295.5","10296.5","66366"
"2020-09-12T14:14Z","10296.5","10300","10296.5","10300","614548"
"2020-09-12T14:15Z","10300","10309","10299.5","10309","514434"
"2020-09-12T14:16Z","10309","10315","10309","10315","709145"
"2020-09-12T14:17Z","10315","10342","10315","10341","4754886"
"2020-09-12T14:18Z","10341","10341","10330.5","10331","879569"
"2020-09-12T14:19Z","10331","10331","10330.5","10330.5","254094"
"2020-09-12T14:20Z","10330.5","10345.5","10330.5","10341","1400110"
"2020-09-12T14:21Z","10341","10341","10334.5","10334.5","1031530"
"2020-09-12T14:22Z","10334.5","10334.5","10331.5","10332","749949"
"2020-09-12T14:23Z","10332","10339","10331.5","10338","562816"
"2020-09-12T14:24Z","10338","10338.5","10332","10332.5","641037"
"2020-09-12T14:25Z","10332.5","10332.5","10332","10332.5","86823"
"2020-09-12T14:26Z","10332.5","10332.5","10331.5","10331.5","35273"
"2020-09-12T14:27Z","10331.5","10332","10330.5","10330.5","376079"
"2020-09-12T14:28Z","10330.5","10331","10330.5","10331","32604"
"2020-09-12T14:29Z","10331","10331","10330.5","10331","161641"
"2020-09-12T14:30Z","10331","10331","10330","10330","80496"
"2020-09-12T14:31Z","10330","10332.5","10330","10331.5","356571"
"2020-09-12T14:32Z","10331.5","10331.5","10330","10330","110984"
"2020-09-12T14:33Z","10330","10330.5","10330","10330","158125"
"2020-09-12T14:34Z","10330","10330.5","10330","10330.5","19192"
"2020-09-12T14:35Z","10330.5","10330.5","10330","10330","68831"
"2020-09-12T14:36Z","10330","10337","10330","10336.5","102713"
"2020-09-12T14:37Z","10336.5","10337","10336.5","10336.5","277780"
"2020-09-12T14:38Z","10336.5","10354","10336.5","10353.5","2245408"
"2020-09-12T14:39Z","10353.5","10354","10348","10348","366713"
"2020-09-12T14:40Z","10348","10348.5","10344.5","10344.5","888852"
"2020-09-12T14:41Z","10344.5","10345","10344.5","10344.5","74889"
"2020-09-12T14:42Z","10344.5","10345","10344.5","10345","34979"
"2020-09-12T14:43Z","10345","10346.5","10344.5","10346.5","643370"
"2020-09-12T14:44Z","10346.5","10346.5","10346","10346.5","38730"
"2020-09-12T14:45Z","10346.5","10346.5","10341.5","10342","395076"
"2020-09-12T14:46Z","10342","10342","10341.5","10341.5","17838"
"2020-09-12T14:47Z","10341.5","10342","10341.5","10341.5","131740"
"2020-09-12T14:48Z","10341.5","10348","10341.5","10348","442710"
"2020-09-12T14:49Z","10348","10348","10347.5","10348","172908"
"2020-09-12T14:50Z","10348","10348","10347.5","10347.5","279493"
"2020-09-12T14:51Z","10347.5","10347.5","10344","10344.5","114206"
"2020-09-12T14:52Z","10344.5","10344.5","10344","10344.5","76424"
"2020-09-12T14:53Z","10344.5","10344.5","10344","10344","48048"
"2020-09-12T14:54Z","10344","10344.5","10344","10344.5","10255"
"2020-09-12T14:55Z","10344.5","10347","10344","10346.5","445408"
"2020-09-12T14:56Z","10346.5","10350","10346.5","10350","132311"
"2020-09-12T14:57Z","10350","10352","10349.5","10351.5","408744"
"2020-09-12T14:58Z","10351.5","10352","10346.5","10347","128043"
"2020-09-12T14:59Z","10347","10347","10346.5","10347","184087"
"2020-09-12T15:00Z","10347","10347.5","10346.5","10347.5","229393"
"2020-09-12T15:01Z","10347.5","10347.5","10347","10347","11477"
"2020-09-12T15:02Z","10347","10347.5","10347","10347.5","18919"
"2020-09-12T15:03Z","10347.5","10347.5","10344","10344","257988"
"2020-09-12T15:04Z","10344","10344.5","10344","10344","24388"
"2020-09-12T15:05Z","10344","10347","10344","10347","201250"
"2020-09-12T15:06Z","10347","10347","10346.5","10347","257300"
"2020-09-12T15:07Z","10347","10347","10346.5","10346.5","191577"
"2020-09-12T15:08Z","10346.5","10347","10346.5","10347","48860"
"2020-09-12T15:09Z","10347","10347","10346.5","10347","28502"
"2020-09-12T15:10Z","10347","10348","10346.5","10347.5","140409"
"2020-09-12T15:11Z","10347.5","10363.5","10347.5","10363","1883316"
"2020-09-12T15:12Z","10363","10363.5","10360","10360.5","358222"
"2020-09-12T15:13Z","10360.5","10362","10360","10361.5","315483"
"2020-09-12T15:14Z","10361.5","10371","10361.5","10368","977888"
"2020-09-12T15:15Z","10368","10368","10367","10367","341563"
"2020-09-12T15:16Z","10367","10367.5","10367","10367.5","212056"
"2020-09-12T15:17Z","10367.5","10367.5","10362.5","10362.5","663784"
"2020-09-12T15:18Z","10362.5","10363","10362.5","10363","389028"
"2020-09-12T15:19Z","10363","10364.5","10363","10364.5","672141"
"2020-09-12T15:20Z","10364.5","10364.5","10364","10364.5","145398"
"2020-09-12T15:21Z","10364.5","10365","10364","10365","260914"
"2020-09-12T15:22Z","10365","10365","10364.5","10364.5","119868"
"2020-09-12T15:23Z","10364.5","10365","10364.5","10364.5","98415"
"2020-09-12T15:24Z","10364.5","10365","10364.5","10365","13233"
"2020-09-12T15:25Z","10365","10365","10364.5","10365","40676"
"2020-09-12T15:26Z","10365","10365","10364.5","10365","43979"
"2020-09-12T15:27Z","10365","10365","10364.5","10365","63402"
"2020-09-12T15:28Z","10365","10365","10364.5","10364.5","42999"
"2020-09-12T15:29Z","10364.5","10365","10364.5","10364.5","58544"
"2020-09-12T15:30Z","10364.5","10365","10364.5","10364.5","67906"
"2020-09-12T15:31Z","10364.5","10368.5","10364.5","10368","557179"
"2020-09-12T15:32Z","10368","10370","10368","10370","357658"
"2020-09-12T15:33Z","10370","10370","10364.5","10365","339919"
"2020-09-12T15:34Z","10365","10365","10363.5","10364","103834"
"2020-09-12T15:35Z","10364","10364","10363.5","10364","26482"
"2020-09-12T15:36Z","10364","10364","10363.5","10363.5","133299"
"2020-09-12T15:37Z","10363.5","10363.5","10363","10363","63104"
"2020-09-12T15:38Z","10363","10363.5","10363","10363","38960"
"2020-09-12T15:39Z","10363","10363.5","10363","10363","202701"
"2020-09-12T15:40Z","10363","10365","10363","10365","286871"
"2020-09-12T15:41Z","10365","10368.5","10364.5","10368","652350"
"2020-09-12T15:42Z","10368","10369","10368","10368.5","104790"
"2020-09-12T15:43Z","10368.5","10372.5","10368.5","10372.5","952450"
"2020-09-12T15:44Z","10372.5","10373","10372","10373","341653"
"2020-09-12T15:45Z","10373","10373","10366","10366","158430"
"2020-09-12T15:46Z","10366","10366.5","10364","10364","137814"
"2020-09-12T15:47Z","10364","10364.5","10361.5","10361.5","446799"
"2020-09-12T15:48Z","10361.5","10362","10361.5","10362","43411"
"2020-09-12T15:49Z","10362","10362","10361.5","10361.5","65742"
"2020-09-12T15:50Z","10361.5","10362","10361.5","10362","26856"
"2020-09-12T15:51Z","10362","10364","10361.5","10364","116143"
"2020-09-12T15:52Z","10364","10364","10363.5","10363.5","25179"
"2020-09-12T15:53Z","10363.5","10364","10360","10360.5","98205"
"2020-09-12T15:54Z","10360.5","10360.5","10357","10357.5","350547"
"2020-09-12T15:55Z","10357.5","10357.5","10357","10357.5","100907"
"2020-09-12T15:56Z","10357.5","10357.5","10356.5","10356.5","211505"
"2020-09-12T15:57Z","10356.5","10357","10356.5","10356.5","13039"
"2020-09-12T15:58Z","10356.5","10357","10356.5","10357","69954"
"2020-09-12T15:59Z","10357","10357.5","10357","10357.5","200560"
"2020-09-12T16:00Z","10357.5","10357.5","10357","10357","139008"
"2020-09-12T16:01Z","10357","10357.5","10357","10357.5","10539"
"2020-09-12T16:02Z","10357.5","10357.5","10357","10357.5","11395"
"2020-09-12T16:03Z","10357.5","10357.5","10357","10357","113046"
"2020-09-12T16:04Z","10357","10357","10354.5","10355","332040"
"2020-09-12T16:05Z","10355","10355","10351","10351","648544"
"2020-09-12T16:06Z","10351","10351.5","10351","10351.5","49222"
"2020-09-12T16:07Z","10351.5","10351.5","10351","10351","13887"
"2020-09-12T16:08Z","10351","10351.5","10351","10351.5","81790"
"2020-09-12T16:09Z","10351.5","10351.5","10351","10351","9480"
"2020-09-12T16:10Z","10351","10351.5","10351","10351.5","61670"
"2020-09-12T16:11Z","10351.5","10351.5","10351","10351","43404"
"2020-09-12T16:12Z","10351","10351.5","10351","10351","25053"
"2020-09-12T16:13Z","10351","10356.5","10351","10356.5","837046"
"2020-09-12T16:14Z","10356.5","10356.5","10356","10356.5","68194"
"2020-09-12T16:15Z","10356.5","10356.5","10356","10356","39478"
"2020-09-12T16:16Z","10356","10356.5","10356","10356","92681"
"2020-09-12T16:17Z","10356","10356.5","10356","10356.5","4010"
"2020-09-12T16:18Z","10356.5","10356.5","10356","10356","3420"
"2020-09-12T16:19Z","10356","10356.5","10356","10356","6234"
"2020-09-12T16:20Z","10356","10356.5","10356","10356.5","9561"
"2020-09-12T16:21Z","10356.5","10356.5","10356","10356","264"
"2020-09-12T16:22Z","10356","10356.5","10356","10356","2387"
"2020-09-12T16:23Z","10356","10363","10356","10363","1077112"
"2020-09-12T16:24Z","10363","10365","10362.5","10365","285432"
"2020-09-12T16:25Z","10365","10365","10364.5","10365","239608"
"2020-09-12T16:26Z","10365","10365","10364.5","10365","139083"
"2020-09-12T16:27Z","10365","10365","10364.5","10364.5","34582"
"2020-09-12T16:28Z","10364.5","10365","10362.5","10362.5","231828"
"2020-09-12T16:29Z","10362.5","10362.5","10360.5","10362","183602"
"2020-09-12T16:30Z","10362","10362.5","10362","10362.5","1421"
"2020-09-12T16:31Z","10362.5","10362.5","10362","10362.5","1660"
"2020-09-12T16:32Z","10362.5","10363.5","10362","10363.5","80512"
"2020-09-12T16:33Z","10363.5","10363.5","10363","10363","44454"
"2020-09-12T16:34Z","10363","10363.5","10363","10363","12399"
"2020-09-12T16:35Z","10363","10363.5","10363","10363.5","233820"
"2020-09-12T16:36Z","10363.5","10363.5","10363","10363","668"
"2020-09-12T16:37Z","10363","10368","10363","10368","357830"
"2020-09-12T16:38Z","10368","10368","10367.5","10368","12164"
"2020-09-12T16:39Z","10368","10368","10364","10364","15290"
"2020-09-12T16:40Z","10364","10364","10363.5","10363.5","13167"
"2020-09-12T16:41Z","10363.5","10364","10362","10362","315422"
"2020-09-12T16:42Z","10362","10362.5","10362","10362.5","22190"
"2020-09-12T16:43Z","10362.5","10362.5","10362","10362.5","9564"
"2020-09-12T16:44Z","10362.5","10362.5","10362","10362","7114"
"2020-09-12T16:45Z","10362","10362.5","10362","10362.5","1418"
"2020-09-12T16:46Z","10362.5","10365","10362","10365","334540"
"2020-09-12T16:47Z","10365","10366.5","10364.5","10366.5","208808"
"2020-09-12T16:48Z","10366.5","10367.5","10366.5","10367","229699"
"2020-09-12T16:49Z","10367","10368","10367","10368","145459"
"2020-09-12T16:50Z","10368","10368","10367.5","10368","89369"
"2020-09-12T16:51Z","10368","10368","10368","10368","700"
"2020-09-12T16:52Z","10368","10368","10367.5","10368","2156"
"2020-09-12T16:53Z","10368","10368","10367.5","10368","29203"
"2020-09-12T16:54Z","10368","10368","10367.5","10367.5","11331"
"2020-09-12T16:55Z","10367.5","10368","10367.5","10367.5","20714"
"2020-09-12T16:56Z","10367.5","10368","10367.5","10367.5","5219"
"2020-09-12T16:57Z","10367.5","10368","10367.5","10367.5","43208"
"2020-09-12T16:58Z","10367.5","10368","10367.5","10367.5","1288"
"2020-09-12T16:59Z","10367.5","10368","10367.5","10368","9028"
"2020-09-12T17:00Z","10368","10368","10367.5","10367.5","206991"
"2020-09-12T17:01Z","10367.5","10368","10360","10360","613861"
"2020-09-12T17:02Z","10360","10360.5","10360","10360.5","28141"
"2020-09-12T17:03Z","10360.5","10360.5","10359","10359","342776"
"2020-09-12T17:04Z","10359","10359","10354","10354.5","154594"
"2020-09-12T17:05Z","10354.5","10354.5","10354","10354","24894"
"2020-09-12T17:06Z","10354","10356.5","10354","10356.5","295929"
"2020-09-12T17:07Z","10356.5","10356.5","10356","10356.5","23648"
"2020-09-12T17:08Z","10356.5","10356.5","10354","10354.5","70068"
"2020-09-12T17:09Z","10354.5","10354.5","10354","10354.5","6802"
"2020-09-12T17:10Z","10354.5","10354.5","10354","10354.5","19871"
"2020-09-12T17:11Z","10354.5","10354.5","10354","10354","8350"
"2020-09-12T17:12Z","10354","10354.5","10354","10354.5","6240"
"2020-09-12T17:13Z","10354.5","10354.5","10354","10354.5","10262"
"2020-09-12T17:14Z","10354.5","10354.5","10354","10354.5","2791"
"2020-09-12T17:15Z","10354.5","10354.5","10354","10354","1802"
"2020-09-12T17:16Z","10354","10354.5","10354","10354.5","372559"
"2020-09-12T17:17Z","10354.5","10354.5","10354","10354.5","387045"
"2020-09-12T17:18Z","10354.5","10355.5","10354","10355","190200"
"2020-09-12T17:19Z","10355","10356.5","10355","10356.5","93723"
"2020-09-12T17:20Z","10356.5","10357","10356.5","10356.5","14638"
"2020-09-12T17:21Z","10356.5","10357.5","10356.5","10357","8013"
"2020-09-12T17:22Z","10357","10357.5","10357","10357","2025"
"2020-09-12T17:23Z","10357","10359","10357","10358.5","124366"
"2020-09-12T17:24Z","10358.5","10360","10358.5","10359.5","16961"
"2020-09-12T17:25Z","10359.5","10360","10359.5","10359.5","10540"
"2020-09-12T17:26Z","10359.5","10360","10359.5","10359.5","25406"
"2020-09-12T17:27Z","10359.5","10359.5","10359.5","10359.5","883"
"2020-09-12T17:28Z","10359.5","10360","10359.5","10359.5","20310"
"2020-09-12T17:29Z","10359.5","10360","10359.5","10360","11372"
"2020-09-12T17:30Z","10360","10360.5","10359.5","10360.5","254613"
"2020-09-12T17:31Z","10360.5","10363","10360.5","10362.5","50992"
"2020-09-12T17:32Z","10362.5","10365.5","10362.5","10365","377699"
"2020-09-12T17:33Z","10365","10370.5","10365","10370","286694"
"2020-09-12T17:34Z","10370","10372","10370","10372","270317"
"2020-09-12T17:35Z","10372","10372","10371.5","10372","44167"
"2020-09-12T17:36Z","10372","10372","10371.5","10371.5","19880"
"2020-09-12T17:37Z","10371.5","10372","10371.5","10372","35406"
"2020-09-12T17:38Z","10372","10372","10366","10366.5","212339"
"2020-09-12T17:39Z","10366.5","10366.5","10366","10366","827"
"2020-09-12T17:40Z","10366","10366.5","10366","10366","984"
"2020-09-12T17:41Z","10366","10366.5","10366","10366.5","35005"
"2020-09-12T17:42Z","10366.5","10366.5","10366","10366","882"
"2020-09-12T17:43Z","10366","10366","10366","10366","3050"
"2020-09-12T17:44Z","10366","10366.5","10366","10366.5","132706"
"2020-09-12T17:45Z","10366.5","10366.5","10366","10366","4806"
"2020-09-12T17:46Z","10366","10366.5","10366","10366","236865"
"2020-09-12T17:47Z","10366","10366.5","10366","10366","96621"
"2020-09-12T17:48Z","10366","10366.5","10366","10366","7402"
"2020-09-12T17:49Z","10366","10366.5","10366","10366.5","537"
"2020-09-12T17:50Z","10366.5","10366.5","10363","10363.5","106107"
"2020-09-12T17:51Z","10363.5","10363.5","10363","10363.5","35767"
"2020-09-12T17:52Z","10363.5","10363.5","10363","10363","16500"
"2020-09-12T17:53Z","10363","10363.5","10363","10363","815"
"2020-09-12T17:54Z","10363","10363.5","10363","10363.5","11790"
"2020-09-12T17:55Z","10363.5","10363.5","10363","10363.5","27391"
"2020-09-12T17:56Z","10363.5","10367.5","10363","10367.5","34352"
"2020-09-12T17:57Z","10367.5","10367.5","10367","10367.5","12007"
"2020-09-12T17:58Z","10367.5","10368","10367","10368","74237"
"2020-09-12T17:59Z","10368","10368.5","10367.5","10368","13178"
"2020-09-12T18:00Z","10368","10377.5","10368","10377.5","905742"
"2020-09-12T18:01Z","10377.5","10378","10377","10378","348235"
"2020-09-12T18:02Z","10378","10379.5","10377.5","10379.5","313877"
"2020-09-12T18:03Z","10379.5","10379.5","10379","10379.5","85985"
"2020-09-12T18:04Z","10379.5","10394","10379","10393.5","4856036"
"2020-09-12T18:05Z","10393.5","10418.5","10393.5","10416.5","8345872"
"2020-09-12T18:06Z","10416.5","10420","10416","10419.5","576088"
"2020-09-12T18:07Z","10419.5","10420","10406","10406.5","1057592"
"2020-09-12T18:08Z","10406.5","10406.5","10406","10406.5","56723"
"2020-09-12T18:09Z","10406.5","10407","10406","10407","970632"
"2020-09-12T18:10Z","10407","10415","10406.5","10410.5","839300"
"2020-09-12T18:11Z","10410.5","10411","10410.5","10411","246410"
"2020-09-12T18:12Z","10411","10414","10410.5","10413","1416979"
"2020-09-12T18:13Z","10413","10429","10413","10426.5","1916120"
"2020-09-12T18:14Z","10426.5","10429","10426.5","10429","488003"
"2020-09-12T18:15Z","10429","10444","10428.5","10432","4121407"
"2020-09-12T18:16Z","10432","10442","10432","10438","547241"
"2020-09-12T18:17Z","10438","10438.5","10438","10438","591800"
"2020-09-12T18:18Z","10438","10438.5","10427.5","10431","1612324"
"2020-09-12T18:19Z","10431","10431","10430.5","10431","492964"
"2020-09-12T18:20Z","10431","10433","10430.5","10432.5","170919"
"2020-09-12T18:21Z","10432.5","10434.5","10432.5","10434","194046"
"2020-09-12T18:22Z","10434","10436","10434","10434.5","259047"
"2020-09-12T18:23Z","10434.5","10434.5","10434","10434","234255"
"2020-09-12T18:24Z","10434","10437","10434","10437","230946"
"2020-09-12T18:25Z","10437","10441.5","10437","10437","1036887"
"2020-09-12T18:26Z","10437","10437.5","10436","10436","348248"
"2020-09-12T18:27Z","10436","10438.5","10436","10438.5","175164"
"2020-09-12T18:28Z","10438.5","10441","10438","10439","846913"
"2020-09-12T18:29Z","10439","10439","10434","10434.5","1428231"
"2020-09-12T18:30Z","10434.5","10457","10434.5","10442","3495657"
"2020-09-12T18:31Z","10442","10448","10442","10448","275185"
"2020-09-12T18:32Z","10448","10448","10446","10447.5","256928"
"2020-09-12T18:33Z","10447.5","10448","10447.5","10447.5","114854"
"2020-09-12T18:34Z","10447.5","10448","10443.5","10443.5","779589"
"2020-09-12T18:35Z","10443.5","10447.5","10443.5","10447","145609"
"2020-09-12T18:36Z","10447","10451.5","10447","10451","606934"
"2020-09-12T18:37Z","10451","10480","10451","10463","5987269"
"2020-09-12T18:38Z","10463","10471","10463","10470","777143"
"2020-09-12T18:39Z","10470","10474.5","10469","10469.5","863089"
"2020-09-12T18:40Z","10469.5","10469.5","10469","10469","109039"
"2020-09-12T18:41Z","10469","10469.5","10469","10469","118892"
"2020-09-12T18:42Z","10469","10469.5","10462","10462","593164"
"2020-09-12T18:43Z","10462","10462","10453.5","10453.5","965604"
"2020-09-12T18:44Z","10453.5","10454","10453","10453","766843"
"2020-09-12T18:45Z","10453","10462.5","10453","10462","1421958"
"2020-09-12T18:46Z","10462","10462","10459.5","10460","170233"
"2020-09-12T18:47Z","10460","10460","10457","10457","354597"
"2020-09-12T18:48Z","10457","10457.5","10455.5","10455.5","512649"
"2020-09-12T18:49Z","10455.5","10460","10455.5","10459.5","323213"
"2020-09-12T18:50Z","10459.5","10460","10453.5","10453.5","184206"
"2020-09-12T18:51Z","10453.5","10455.5","10453.5","10455.5","50815"
"2020-09-12T18:52Z","10455.5","10458","10455","10457.5","188418"
"2020-09-12T18:53Z","10457.5","10458","10457.5","10457.5","161274"
"2020-09-12T18:54Z","10457.5","10458","10457.5","10457.5","84581"
"2020-09-12T18:55Z","10457.5","10458","10452.5","10452.5","63215"
"2020-09-12T18:56Z","10452.5","10453","10449.5","10449.5","329626"
"2020-09-12T18:57Z","10449.5","10458.5","10449.5","10455","311778"
"2020-09-12T18:58Z","10455","10455","10454.5","10455","65780"
"2020-09-12T18:59Z","10455","10457.5","10455","10456","65258"
"2020-09-12T19:00Z","10456","10465","10455.5","10463.5","1034063"
"2020-09-12T19:01Z","10463.5","10463.5","10462","10462.5","132406"
"2020-09-12T19:02Z","10462.5","10462.5","10456","10456.5","337622"
"2020-09-12T19:03Z","10456.5","10456.5","10450.5","10450.5","443465"
"2020-09-12T19:04Z","10450.5","10450.5","10449","10450","504826"
"2020-09-12T19:05Z","10450","10451.5","10449.5","10451","280794"
"2020-09-12T19:06Z","10451","10451.5","10451","10451","11765"
"2020-09-12T19:07Z","10451","10451.5","10451","10451","67201"
"2020-09-12T19:08Z","10451","10451.5","10451","10451","115630"
"2020-09-12T19:09Z","10451","10451.5","10451","10451","21556"
"2020-09-12T19:10Z","10451","10460","10451","10460","254493"
"2020-09-12T19:11Z","10460","10460","10459.5","10460","279780"
"2020-09-12T19:12Z","10460","10460","10457","10457.5","255137"
"2020-09-12T19:13Z","10457.5","10457.5","10451","10451.5","58549"
"2020-09-12T19:14Z","10451.5","10451.5","10449","10449","161197"
"2020-09-12T19:15Z","10449","10452","10449","10450.5","311318"
"2020-09-12T19:16Z","10450.5","10450.5","10448.5","10449","128575"
"2020-09-12T19:17Z","10449","10449","10446.5","10446.5","506121"
"2020-09-12T19:18Z","10446.5","10448.5","10446.5","10448","246557"
"2020-09-12T19:19Z","10448","10448.5","10448","10448.5","94012"
"2020-09-12T19:20Z","10448.5","10448.5","10445","10445.5","381550"
"2020-09-12T19:21Z","10445.5","10445.5","10439","10439","342142"
"2020-09-12T19:22Z","10439","10439.5","10434.5","10435","359556"
"2020-09-12T19:23Z","10435","10439","10434.5","10438.5","90818"
"2020-09-12T19:24Z","10438.5","10439","10438.5","10438.5","9233"
"2020-09-12T19:25Z","10438.5","10439","10437","10437","121598"
"2020-09-12T19:26Z","10437","10437","10432.5","10433","131512"
"2020-09-12T19:27Z","10433","10433","10432.5","10432.5","21954"
"2020-09-12T19:28Z","10432.5","10433","10432.5","10433","102690"
"2020-09-12T19:29Z","10433","10437.5","10433","10437.5","142274"
"2020-09-12T19:30Z","10437.5","10443","10437","10443","208286"
"2020-09-12T19:31Z","10443","10443","10442.5","10442.5","9200"
"2020-09-12T19:32Z","10442.5","10443","10442.5","10442.5","24018"
"2020-09-12T19:33Z","10442.5","10443","10442.5","10442.5","17357"
"2020-09-12T19:34Z","10442.5","10443","10442.5","10443","61542"
"2020-09-12T19:35Z","10443","10443.5","10443","10443.5","189045"
"2020-09-12T19:36Z","10443.5","10443.5","10443","10443","84906"
"2020-09-12T19:37Z","10443","10448.5","10443","10448.5","65381"
"2020-09-12T19:38Z","10448.5","10448.5","10448","10448.5","108068"
"2020-09-12T19:39Z","10448.5","10448.5","10448","10448","21418"
"2020-09-12T19:40Z","10448","10448.5","10448","10448.5","4962"
"2020-09-12T19:41Z","10448.5","10459.5","10448","10458.5","626501"
"2020-09-12T19:42Z","10458.5","10458.5","10458","10458.5","153052"
"2020-09-12T19:43Z","10458.5","10458.5","10452.5","10452.5","96917"
"2020-09-12T19:44Z","10452.5","10453","10452.5","10453","16423"
"2020-09-12T19:45Z","10453","10453","10452.5","10452.5","60837"
"2020-09-12T19:46Z","10452.5","10453","10452.5","10452.5","4413"
"2020-09-12T19:47Z","10452.5","10453","10452.5","10452.5","168556"
"2020-09-12T19:48Z","10452.5","10453","10452.5","10452.5","63668"
"2020-09-12T19:49Z","10452.5","10453","10452.5","10452.5","136615"
"2020-09-12T19:50Z","10452.5","10453","10452.5","10453","34144"
"2020-09-12T19:51Z","10453","10453","10453","10453","1144"
"2020-09-12T19:52Z","10453","10453","10452","10452.5","139687"
"2020-09-12T19:53Z","10452.5","10452.5","10452","10452.5","118952"
"2020-09-12T19:54Z","10452.5","10453","10452","10453","109984"
"2020-09-12T19:55Z","10453","10453","10452","10452.5","2881"
"2020-09-12T19:56Z","10452.5","10454.5","10452.5","10454.5","125458"
"2020-09-12T19:57Z","10454.5","10458","10454.5","10458","105242"
"2020-09-12T19:58Z","10458","10460","10457.5","10460","90049"
"2020-09-12T19:59Z","10460","10460","10459.5","10460","982509"
"2020-09-12T20:00Z","10460","10468.5","10460","10468.5","2691851"
"2020-09-12T20:01Z","10468.5","10470","10468","10468.5","747254"
"2020-09-12T20:02Z","10468.5","10468.5","10465","10465.5","386664"
"2020-09-12T20:03Z","10465.5","10471.5","10465.5","10471.5","517169"
"2020-09-12T20:04Z","10471.5","10471.5","10466","10466.5","329383"
"2020-09-12T20:05Z","10466.5","10466.5","10461","10461","400485"
"2020-09-12T20:06Z","10461","10461.5","10458","10458","639758"
"2020-09-12T20:07Z","10458","10458.5","10454.5","10455","394384"
"2020-09-12T20:08Z","10455","10455","10447.5","10447.5","746215"
"2020-09-12T20:09Z","10447.5","10450.5","10447.5","10450.5","104921"
"2020-09-12T20:10Z","10450.5","10454.5","10450.5","10454","287605"
"2020-09-12T20:11Z","10454","10454.5","10454","10454.5","234908"
"2020-09-12T20:12Z","10454.5","10457","10454","10457","87380"
"2020-09-12T20:13Z","10457","10457.5","10456.5","10457.5","395559"
"2020-09-12T20:14Z","10457.5","10457.5","10455.5","10456","143162"
"2020-09-12T20:15Z","10456","10456","10453","10453","205199"
"2020-09-12T20:16Z","10453","10453.5","10451","10451","400754"
"2020-09-12T20:17Z","10451","10451.5","10451","10451","1096877"
"2020-09-12T20:18Z","10451","10451","10448","10448.5","108300"
"2020-09-12T20:19Z","10448.5","10448.5","10447","10447.5","427239"
"2020-09-12T20:20Z","10447.5","10447.5","10447","10447","119815"
"2020-09-12T20:21Z","10447","10447.5","10447","10447","29605"
"2020-09-12T20:22Z","10447","10452","10447","10451","297028"
"2020-09-12T20:23Z","10451","10451","10450.5","10451","38337"
"2020-09-12T20:24Z","10451","10453","10450.5","10453","775628"
"2020-09-12T20:25Z","10453","10453","10452.5","10453","266794"
"2020-09-12T20:26Z","10453","10453","10451","10451","126049"
"2020-09-12T20:27Z","10451","10453","10451","10452.5","28741"
"2020-09-12T20:28Z","10452.5","10453","10452.5","10453","17885"
"2020-09-12T20:29Z","10453","10453","10452.5","10452.5","5104"
"2020-09-12T20:30Z","10452.5","10453","10452.5","10452.5","162661"
"2020-09-12T20:31Z","10452.5","10453","10452.5","10452.5","4030"
"2020-09-12T20:32Z","10452.5","10453","10452.5","10452.5","45556"
"2020-09-12T20:33Z","10452.5","10453","10452.5","10453","36447"
"2020-09-12T20:34Z","10453","10453","10452.5","10453","6087"
"2020-09-12T20:35Z","10453","10453","10452.5","10452.5","79055"
"2020-09-12T20:36Z","10452.5","10453","10452.5","10452.5","28745"
"2020-09-12T20:37Z","10452.5","10455","10452.5","10454.5","42000"
"2020-09-12T20:38Z","10454.5","10455","10454.5","10455","21311"
"2020-09-12T20:39Z","10455","10455","10452.5","10452.5","339177"
"2020-09-12T20:40Z","10452.5","10452.5","10452","10452.5","76005"
"2020-09-12T20:41Z","10452.5","10452.5","10452","10452","62088"
"2020-09-12T20:42Z","10452","10452.5","10452","10452.5","135572"
"2020-09-12T20:43Z","10452.5","10452.5","10452","10452","98493"
"2020-09-12T20:44Z","10452","10452.5","10451.5","10452","71074"
"2020-09-12T20:45Z","10452","10452","10451","10451.5","56659"
"2020-09-12T20:46Z","10451.5","10451.5","10449","10449.5","219862"
"2020-09-12T20:47Z","10449.5","10449.5","10442","10442","230911"
"2020-09-12T20:48Z","10442","10442.5","10433.5","10436","762603"
"2020-09-12T20:49Z","10436","10437","10435.5","10436.5","281002"
"2020-09-12T20:50Z","10436.5","10437","10436.5","10437","50754"
"2020-09-12T20:51Z","10437","10439.5","10437","10439","416829"
"2020-09-12T20:52Z","10439","10440.5","10439","10440","75380"
"2020-09-12T20:53Z","10440","10440.5","10440","10440.5","127301"
"2020-09-12T20:54Z","10440.5","10440.5","10440","10440","17713"
"2020-09-12T20:55Z","10440","10440.5","10440","10440","8598"
"2020-09-12T20:56Z","10440","10440.5","10440","10440.5","5394"
"2020-09-12T20:57Z","10440.5","10440.5","10440","10440.5","5648"
"2020-09-12T20:58Z","10440.5","10441.5","10440.5","10441.5","505484"
"2020-09-12T20:59Z","10441.5","10441.5","10441","10441.5","31102"
"2020-09-12T21:00Z","10441.5","10444","10441","10444","300653"
"2020-09-12T21:01Z","10444","10444","10443.5","10444","163017"
"2020-09-12T21:02Z","10444","10444","10442","10442","157269"
"2020-09-12T21:03Z","10442","10442.5","10442","10442.5","128250"
"2020-09-12T21:04Z","10442.5","10442.5","10442","10442","41376"
"2020-09-12T21:05Z","10442","10442.5","10439.5","10439.5","188214"
"2020-09-12T21:06Z","10439.5","10440","10439.5","10440","17778"
"2020-09-12T21:07Z","10440","10440","10439.5","10439.5","12439"
"2020-09-12T21:08Z","10439.5","10440","10439.5","10440","6465"
"2020-09-12T21:09Z","10440","10440","10438.5","10439","683319"
"2020-09-12T21:10Z","10439","10439","10438","10438.5","45030"
"2020-09-12T21:11Z","10438.5","10438.5","10437","10437","495450"
"2020-09-12T21:12Z","10437","10437.5","10420.5","10421.5","3237945"
"2020-09-12T21:13Z","10421.5","10432","10421.5","10431.5","194745"
"2020-09-12T21:14Z","10431.5","10433","10431.5","10432.5","56541"
"2020-09-12T21:15Z","10432.5","10444.5","10432.5","10444","250132"
"2020-09-12T21:16Z","10444","10449.5","10444","10449","334234"
"2020-09-12T21:17Z","10449","10449.5","10449","10449.5","13266"
"2020-09-12T21:18Z","10449.5","10449.5","10449","10449","51227"
"2020-09-12T21:19Z","10449","10449.5","10449","10449.5","7750"
"2020-09-12T21:20Z","10449.5","10449.5","10449","10449.5","81352"
"2020-09-12T21:21Z","10449.5","10449.5","10449","10449","4063"
"2020-09-12T21:22Z","10449","10449.5","10449","10449","23570"
"2020-09-12T21:23Z","10449","10449.5","10449","10449.5","12422"
"2020-09-12T21:24Z","10449.5","10449.5","10449","10449","2"
"2020-09-12T21:25Z","10449","10449.5","10449","10449","22162"
"2020-09-12T21:26Z","10449","10450","10449","10449.5","610412"
"2020-09-12T21:27Z","10449.5","10451","10449.5","10451","84387"
"2020-09-12T21:28Z","10451","10454.5","10450.5","10454","116218"
"2020-09-12T21:29Z","10454","10454.5","10454","10454","68164"
"2020-09-12T21:30Z","10454","10456.5","10454","10456","372504"
"2020-09-12T21:31Z","10456","10457.5","10456","10457.5","1046898"
"2020-09-12T21:32Z","10457.5","10458","10457","10457.5","268515"
"2020-09-12T21:33Z","10457.5","10458","10457.5","10458","171961"
"2020-09-12T21:34Z","10458","10459","10457.5","10459","204519"
"2020-09-12T21:35Z","10459","10459","10459","10459","21271"
"2020-09-12T21:36Z","10459","10459","10458.5","10458.5","38199"
"2020-09-12T21:37Z","10458.5","10459","10458.5","10458.5","150399"
"2020-09-12T21:38Z","10458.5","10459","10458","10458","96986"
"2020-09-12T21:39Z","10458","10458.5","10457.5","10457.5","78856"
"2020-09-12T21:40Z","10457.5","10458","10457","10457","28523"
"2020-09-12T21:41Z","10457","10457.5","10455.5","10456","232967"
"2020-09-12T21:42Z","10456","10456","10455.5","10456","70273"
"2020-09-12T21:43Z","10456","10456","10455.5","10455.5","56831"
"2020-09-12T21:44Z","10455.5","10455.5","10455.5","10455.5","23160"
"2020-09-12T21:45Z","10455.5","10456","10455.5","10456","48315"
"2020-09-12T21:46Z","10456","10456.5","10455.5","10456.5","180908"
"2020-09-12T21:47Z","10456.5","10457.5","10456.5","10457.5","21453"
"2020-09-12T21:48Z","10457.5","10457.5","10457","10457","54808"
"2020-09-12T21:49Z","10457","10457.5","10457","10457","14292"
"2020-09-12T21:50Z","10457","10457.5","10457","10457","17250"
"2020-09-12T21:51Z","10457","10457.5","10457","10457","11513"
"2020-09-12T21:52Z","10457","10457.5","10457","10457","49866"
"2020-09-12T21:53Z","10457","10457.5","10456.5","10457","19394"
"2020-09-12T21:54Z","10457","10457","10454.5","10454.5","265710"
"2020-09-12T21:55Z","10454.5","10455","10453.5","10453.5","211714"
"2020-09-12T21:56Z","10453.5","10454","10449","10449","90195"
"2020-09-12T21:57Z","10449","10449.5","10449","10449","40170"
"2020-09-12T21:58Z","10449","10449.5","10448","10448","151363"
"2020-09-12T21:59Z","10448","10448.5","10448","10448","43034"
"2020-09-12T22:00Z","10448","10450.5","10448","10450","151962"
"2020-09-12T22:01Z","10450","10451.5","10450","10451","24907"
"2020-09-12T22:02Z","10451","10451.5","10451","10451","10421"
"2020-09-12T22:03Z","10451","10451.5","10451","10451.5","2699"
"2020-09-12T22:04Z","10451.5","10451.5","10451","10451","6736"
"2020-09-12T22:05Z","10451","10451.5","10451","10451.5","12845"
"2020-09-12T22:06Z","10451.5","10451.5","10451","10451","22063"
"2020-09-12T22:07Z","10451","10451.5","10451","10451.5","8296"
"2020-09-12T22:08Z","10451.5","10451.5","10451","10451","12387"
"2020-09-12T22:09Z","10451","10451.5","10450","10450.5","49312"
"2020-09-12T22:10Z","10450.5","10450.5","10444","10444","164618"
"2020-09-12T22:11Z","10444","10444.5","10439.5","10440","107734"
"2020-09-12T22:12Z","10440","10440","10435.5","10436","198013"
"2020-09-12T22:13Z","10436","10436","10435","10435","69299"
"2020-09-12T22:14Z","10435","10435.5","10429","10429.5","192690"
"2020-09-12T22:15Z","10429.5","10429.5","10425","10425","230067"
"2020-09-12T22:16Z","10425","10437","10425","10435","242603"
"2020-09-12T22:17Z","10435","10435.5","10432.5","10433","50555"
"2020-09-12T22:18Z","10433","10433","10430","10430","30763"
"2020-09-12T22:19Z","10430","10430","10427","10427","61400"
"2020-09-12T22:20Z","10427","10427.5","10427","10427","50322"
"2020-09-12T22:21Z","10427","10427.5","10412","10414.5","2741490"
"2020-09-12T22:22Z","10414.5","10415","10414","10415","361140"
"2020-09-12T22:23Z","10415","10416.5","10415","10416.5","145764"
"2020-09-12T22:24Z","10416.5","10416.5","10416","10416","25518"
"2020-09-12T22:25Z","10416","10416.5","10416","10416.5","212299"
"2020-09-12T22:26Z","10416.5","10418","10416.5","10417.5","114763"
"2020-09-12T22:27Z","10417.5","10421.5","10417.5","10421","128406"
"2020-09-12T22:28Z","10421","10425","10421","10425","1047279"
"2020-09-12T22:29Z","10425","10425","10420","10420","161707"
"2020-09-12T22:30Z","10420","10420","10416.5","10416.5","299155"
"2020-09-12T22:31Z","10416.5","10420","10416.5","10420","72562"
"2020-09-12T22:32Z","10420","10420","10419.5","10419.5","1821"
"2020-09-12T22:33Z","10419.5","10420","10419.5","10419.5","10695"
"2020-09-12T22:34Z","10419.5","10422","10419.5","10422","97696"
"2020-09-12T22:35Z","10422","10423.5","10422","10423","165411"
"2020-09-12T22:36Z","10423","10424","10423","10423.5","225843"
"2020-09-12T22:37Z","10423.5","10424","10423.5","10424","44349"
"2020-09-12T22:38Z","10424","10424","10423.5","10423.5","55792"
"2020-09-12T22:39Z","10423.5","10424","10423.5","10423.5","22375"
"2020-09-12T22:40Z","10423.5","10424","10423.5","10423.5","116755"
"2020-09-12T22:41Z","10423.5","10424","10423.5","10423.5","6287"
"2020-09-12T22:42Z","10423.5","10428.5","10423.5","10428.5","182345"
"2020-09-12T22:43Z","10428.5","10428.5","10428","10428.5","72367"
"2020-09-12T22:44Z","10428.5","10429","10428","10428.5","53178"
"2020-09-12T22:45Z","10428.5","10429","10428.5","10429","197457"
"2020-09-12T22:46Z","10429","10429","10428.5","10428.5","125298"
"2020-09-12T22:47Z","10428.5","10436.5","10428.5","10436","240022"
"2020-09-12T22:48Z","10436","10436.5","10436","10436.5","14505"
"2020-09-12T22:49Z","10436.5","10436.5","10436","10436","77076"
"2020-09-12T22:50Z","10436","10436.5","10433.5","10433.5","199909"
"2020-09-12T22:51Z","10433.5","10434","10433.5","10434","17554"
"2020-09-12T22:52Z","10434","10434","10433.5","10433.5","76719"
"2020-09-12T22:53Z","10433.5","10434","10433.5","10434","13408"
"2020-09-12T22:54Z","10434","10434","10433.5","10434","13319"
"2020-09-12T22:55Z","10434","10434","10433.5","10433.5","130326"
"2020-09-12T22:56Z","10433.5","10434","10433.5","10434","50994"
"2020-09-12T22:57Z","10434","10434","10433.5","10433.5","18319"
"2020-09-12T22:58Z","10433.5","10434","10433.5","10433.5","13329"
"2020-09-12T22:59Z","10433.5","10437","10433.5","10437","591425"
"2020-09-12T23:00Z","10437","10444.5","10436.5","10441.5","495799"
"2020-09-12T23:01Z","10441.5","10442","10436.5","10437","213700"
"2020-09-12T23:02Z","10437","10437","10431","10431.5","115373"
"2020-09-12T23:03Z","10431.5","10431.5","10431","10431","5723"
"2020-09-12T23:04Z","10431","10431.5","10431","10431","66439"
"2020-09-12T23:05Z","10431","10431.5","10425.5","10428.5","196506"
"2020-09-12T23:06Z","10428.5","10428.5","10428","10428.5","4002"
"2020-09-12T23:07Z","10428.5","10430","10428","10430","30547"
"2020-09-12T23:08Z","10430","10430","10429.5","10429.5","37994"
"2020-09-12T23:09Z","10429.5","10430","10429.5","10430","68810"
"2020-09-12T23:10Z","10430","10431.5","10429.5","10431.5","100816"
"2020-09-12T23:11Z","10431.5","10431.5","10431.5","10431.5","12337"
"2020-09-12T23:12Z","10431.5","10431.5","10431.5","10431.5","10202"
"2020-09-12T23:13Z","10431.5","10431.5","10431","10431","7327"
"2020-09-12T23:14Z","10431","10431.5","10431","10431","5189"
"2020-09-12T23:15Z","10431","10431.5","10428","10428","103211"
"2020-09-12T23:16Z","10428","10431.5","10428","10431.5","124094"
"2020-09-12T23:17Z","10431.5","10432.5","10431","10432.5","91985"
"2020-09-12T23:18Z","10432.5","10432.5","10432","10432.5","13340"
"2020-09-12T23:19Z","10432.5","10432.5","10427.5","10428","167207"
"2020-09-12T23:20Z","10428","10431.5","10427.5","10431","130930"
"2020-09-12T23:21Z","10431","10432.5","10431","10432.5","28849"
"2020-09-12T23:22Z","10432.5","10432.5","10432","10432","2016"
"2020-09-12T23:23Z","10432","10432.5","10432","10432","21169"
"2020-09-12T23:24Z","10432","10432.5","10432","10432","4710"
"2020-09-12T23:25Z","10432","10432.5","10432","10432","1089"
"2020-09-12T23:26Z","10432","10432.5","10432","10432","24835"
"2020-09-12T23:27Z","10432","10432.5","10426","10426","153549"
"2020-09-12T23:28Z","10426","10426","10421.5","10422","80189"
"2020-09-12T23:29Z","10422","10422","10417.5","10418","165046"
"2020-09-12T23:30Z","10418","10418","10417.5","10418","74931"
"2020-09-12T23:31Z","10418","10424","10418","10424","241469"
"2020-09-12T23:32Z","10424","10424","10423.5","10423.5","11571"
"2020-09-12T23:33Z","10423.5","10424","10423.5","10424","167699"
"2020-09-12T23:34Z","10424","10424","10423.5","10424","45382"
"2020-09-12T23:35Z","10424","10426.5","10423.5","10426.5","156691"
"2020-09-12T23:36Z","10426.5","10427","10426.5","10426.5","5692"
"2020-09-12T23:37Z","10426.5","10440.5","10426.5","10437.5","3146340"
"2020-09-12T23:38Z","10437.5","10438","10436","10436.5","33865"
"2020-09-12T23:39Z","10436.5","10436.5","10430","10430.5","237025"
"2020-09-12T23:40Z","10430.5","10430.5","10429","10429.5","75451"
"2020-09-12T23:41Z","10429.5","10429.5","10423","10423.5","213187"
"2020-09-12T23:42Z","10423.5","10423.5","10423","10423","755078"
"2020-09-12T23:43Z","10423","10426.5","10423","10426.5","578482"
"2020-09-12T23:44Z","10426.5","10426.5","10426","10426.5","453235"
"2020-09-12T23:45Z","10426.5","10427","10426.5","10427","24690"
"2020-09-12T23:46Z","10427","10427","10426.5","10426.5","33032"
"2020-09-12T23:47Z","10426.5","10427","10426.5","10427","18898"
"2020-09-12T23:48Z","10427","10427.5","10426.5","10427.5","261196"
"2020-09-12T23:49Z","10427.5","10430","10427","10429.5","544330"
"2020-09-12T23:50Z","10429.5","10442.5","10429.5","10442","751715"
"2020-09-12T23:51Z","10442","10442.5","10442","10442","102709"
"2020-09-12T23:52Z","10442","10442.5","10438.5","10438.5","265557"
"2020-09-12T23:53Z","10438.5","10439","10438.5","10439","283330"
"2020-09-12T23:54Z","10439","10439","10438.5","10439","20413"
"2020-09-12T23:55Z","10439","10439","10438.5","10439","161023"
"2020-09-12T23:56Z","10439","10439.5","10439","10439.5","16146"
"2020-09-12T23:57Z","10439.5","10440","10439.5","10440","35745"
"2020-09-12T23:58Z","10440","10440","10439.5","10439.5","34223"
"2020-09-12T23:59Z","10439.5","10440","10439.5","10440","44446"
"2020-09-13T00:00Z","10440","10442","10439.5","10441.5","937741"
"2020-09-13T00:01Z","10441.5","10441.5","10433.5","10434","270750"
"2020-09-13T00:02Z","10434","10434","10430.5","10433","618509"
"2020-09-13T00:03Z","10433","10433","10432.5","10433","478255"
"2020-09-13T00:04Z","10433","10433","10429.5","10429.5","56776"
"2020-09-13T00:05Z","10429.5","10430","10429.5","10429.5","133036"
"2020-09-13T00:06Z","10429.5","10430","10429.5","10429.5","59928"
"2020-09-13T00:07Z","10429.5","10430","10428.5","10428.5","74832"
"2020-09-13T00:08Z","10428.5","10429","10428","10428.5","172851"
"2020-09-13T00:09Z","10428.5","10428.5","10425.5","10425.5","198965"
"2020-09-13T00:10Z","10425.5","10426","10424","10424","688289"
"2020-09-13T00:11Z","10424","10424","10423","10423.5","43077"
"2020-09-13T00:12Z","10423.5","10423.5","10423","10423","3817"
"2020-09-13T00:13Z","10423","10423.5","10423","10423","19105"
"2020-09-13T00:14Z","10423","10423.5","10423","10423","31476"
"2020-09-13T00:15Z","10423","10423.5","10423","10423","8639"
"2020-09-13T00:16Z","10423","10423.5","10422.5","10422.5","206394"
"2020-09-13T00:17Z","10422.5","10423","10422.5","10422.5","390785"
"2020-09-13T00:18Z","10422.5","10423.5","10422.5","10423.5","683516"
"2020-09-13T00:19Z","10423.5","10429","10423","10429","291138"
"2020-09-13T00:20Z","10429","10432","10429","10432","349322"
"2020-09-13T00:21Z","10432","10432","10431.5","10431.5","299080"
"2020-09-13T00:22Z","10431.5","10432","10431.5","10432","103104"
"2020-09-13T00:23Z","10432","10432.5","10431.5","10432.5","61745"
"2020-09-13T00:24Z","10432.5","10433","10432.5","10433","186812"
"2020-09-13T00:25Z","10433","10433.5","10433","10433.5","108277"
"2020-09-13T00:26Z","10433.5","10440","10433","10439.5","1349710"
"2020-09-13T00:27Z","10439.5","10440","10439.5","10440","140163"
"2020-09-13T00:28Z","10440","10440","10431.5","10431.5","509368"
"2020-09-13T00:29Z","10431.5","10431.5","10431","10431","86271"
"2020-09-13T00:30Z","10431","10431.5","10430","10430","195490"
"2020-09-13T00:31Z","10430","10430.5","10430","10430","24879"
"2020-09-13T00:32Z","10430","10430.5","10430","10430.5","78821"
"2020-09-13T00:33Z","10430.5","10430.5","10430","10430","126633"
"2020-09-13T00:34Z","10430","10430.5","10430","10430.5","14302"
"2020-09-13T00:35Z","10430.5","10431","10430.5","10431","186413"
"2020-09-13T00:36Z","10431","10431.5","10431","10431","412566"
"2020-09-13T00:37Z","10431","10431.5","10431","10431.5","160265"
"2020-09-13T00:38Z","10431.5","10431.5","10431","10431","46595"
"2020-09-13T00:39Z","10431","10431.5","10431","10431","24013"
"2020-09-13T00:40Z","10431","10431.5","10431","10431.5","36491"
"2020-09-13T00:41Z","10431.5","10431.5","10429.5","10430","102563"
"2020-09-13T00:42Z","10430","10430","10429.5","10430","2016"
"2020-09-13T00:43Z","10430","10430","10430","10430","3857"
"2020-09-13T00:44Z","10430","10430","10423.5","10424","349654"
"2020-09-13T00:45Z","10424","10424","10421.5","10421.5","75603"
"2020-09-13T00:46Z","10421.5","10422","10421.5","10421.5","279070"
"2020-09-13T00:47Z","10421.5","10422","10421.5","10421.5","20314"
"2020-09-13T00:48Z","10421.5","10424","10421.5","10424","30800"
"2020-09-13T00:49Z","10424","10429","10424","10428.5","70247"
"2020-09-13T00:50Z","10428.5","10429","10428.5","10428.5","6734"
"2020-09-13T00:51Z","10428.5","10432.5","10428.5","10432.5","231958"
"2020-09-13T00:52Z","10432.5","10433","10432.5","10432.5","6671"
"2020-09-13T00:53Z","10432.5","10433","10430","10430","279802"
"2020-09-13T00:54Z","10430","10430.5","10430","10430","625"
"2020-09-13T00:55Z","10430","10430.5","10430","10430.5","20803"
"2020-09-13T00:56Z","10430.5","10430.5","10430","10430","5022"
"2020-09-13T00:57Z","10430","10430.5","10430","10430.5","44419"
"2020-09-13T00:58Z","10430.5","10433","10430","10433","184224"
"2020-09-13T00:59Z","10433","10433","10432.5","10432.5","24951"
"2020-09-13T01:00Z","10432.5","10433","10431","10431.5","195601"
"2020-09-13T01:01Z","10431.5","10431.5","10430","10430","46645"
"2020-09-13T01:02Z","10430","10430","10429.5","10430","11282"
"2020-09-13T01:03Z","10430","10430","10429.5","10430","5292"
"2020-09-13T01:04Z","10430","10431.5","10429.5","10431","31248"
"2020-09-13T01:05Z","10431","10433","10431","10432.5","191258"
"2020-09-13T01:06Z","10432.5","10433","10432.5","10433","44009"
"2020-09-13T01:07Z","10433","10433","10432.5","10432.5","17119"
"2020-09-13T01:08Z","10432.5","10433","10432.5","10433","20893"
"2020-09-13T01:09Z","10433","10433","10432.5","10432.5","20228"
"2020-09-13T01:10Z","10432.5","10433","10432.5","10433","91908"
"2020-09-13T01:11Z","10433","10433","10432.5","10432.5","8224"
"2020-09-13T01:12Z","10432.5","10433","10432.5","10432.5","1726"
"2020-09-13T01:13Z","10432.5","10433","10427.5","10427.5","247660"
"2020-09-13T01:14Z","10427.5","10428","10427.5","10428","16102"
"2020-09-13T01:15Z","10428","10428","10427.5","10428","87074"
"2020-09-13T01:16Z","10428","10428","10427.5","10428","6035"
"2020-09-13T01:17Z","10428","10428","10427.5","10428","246433"
"2020-09-13T01:18Z","10428","10430.5","10428","10430.5","12142"
"2020-09-13T01:19Z","10430.5","10431","10430.5","10430.5","23305"
"2020-09-13T01:20Z","10430.5","10431","10430","10430","58811"
"2020-09-13T01:21Z","10430","10430","10429.5","10430","1977"
"2020-09-13T01:22Z","10430","10430","10428","10428","168404"
"2020-09-13T01:23Z","10428","10428","10425","10425.5","93603"
"2020-09-13T01:24Z","10425.5","10425.5","10421","10421","157282"
"2020-09-13T01:25Z","10421","10421.5","10420","10420","168807"
"2020-09-13T01:26Z","10420","10420.5","10419.5","10420","127275"
"2020-09-13T01:27Z","10420","10420","10419.5","10420","46149"
"2020-09-13T01:28Z","10420","10420","10418","10418","44025"
"2020-09-13T01:29Z","10418","10418.5","10418","10418.5","87907"
"2020-09-13T01:30Z","10418.5","10418.5","10416.5","10417","106718"
"2020-09-13T01:31Z","10417","10417","10416.5","10417","22387"
"2020-09-13T01:32Z","10417","10417","10416.5","10417","75865"
"2020-09-13T01:33Z","10417","10420","10416.5","10420","431265"
"2020-09-13T01:34Z","10420","10420","10418.5","10418.5","27438"
"2020-09-13T01:35Z","10418.5","10418.5","10416.5","10416.5","6932"
"2020-09-13T01:36Z","10416.5","10417","10416.5","10416.5","42355"
"2020-09-13T01:37Z","10416.5","10417","10416.5","10416.5","51285"
"2020-09-13T01:38Z","10416.5","10418","10416.5","10418","58562"
"2020-09-13T01:39Z","10418","10419","10418","10418.5","177097"
"2020-09-13T01:40Z","10418.5","10419","10418.5","10419","28243"
"2020-09-13T01:41Z","10419","10419","10415","10415","347801"
"2020-09-13T01:42Z","10415","10415.5","10415","10415.5","16245"
"2020-09-13T01:43Z","10415.5","10415.5","10415","10415.5","15183"
"2020-09-13T01:44Z","10415.5","10417","10415","10417","392040"
"2020-09-13T01:45Z","10417","10419","10417","10418.5","40090"
"2020-09-13T01:46Z","10418.5","10419","10407","10407","836668"
"2020-09-13T01:47Z","10407","10415","10407","10415","302858"
"2020-09-13T01:48Z","10415","10419.5","10414.5","10419","87394"
"2020-09-13T01:49Z","10419","10420","10419","10420","37754"
"2020-09-13T01:50Z","10420","10420.5","10419.5","10420","74459"
"2020-09-13T01:51Z","10420","10423.5","10420","10423","92069"
"2020-09-13T01:52Z","10423","10423.5","10423","10423","9682"
"2020-09-13T01:53Z","10423","10423.5","10423","10423","38498"
"2020-09-13T01:54Z","10423","10424.5","10423","10424","78468"
"2020-09-13T01:55Z","10424","10427","10424","10426.5","68834"
"2020-09-13T01:56Z","10426.5","10427","10426.5","10426.5","30792"
"2020-09-13T01:57Z","10426.5","10427","10426.5","10427","13002"
"2020-09-13T01:58Z","10427","10427","10426.5","10426.5","1574"
"2020-09-13T01:59Z","10426.5","10427","10426.5","10427","24964"
"2020-09-13T02:00Z","10427","10427","10423.5","10424","404447"
"2020-09-13T02:01Z","10424","10426","10423.5","10426","37952"
"2020-09-13T02:02Z","10426","10426","10425.5","10426","6004"
"2020-09-13T02:03Z","10426","10426","10425.5","10425.5","15671"
"2020-09-13T02:04Z","10425.5","10427","10425.5","10426.5","4281"
"2020-09-13T02:05Z","10426.5","10427","10426.5","10426.5","14119"
"2020-09-13T02:06Z","10426.5","10427","10426.5","10426.5","13387"
"2020-09-13T02:07Z","10426.5","10427","10426.5","10426.5","29373"
"2020-09-13T02:08Z","10426.5","10427","10426.5","10427","518"
"2020-09-13T02:09Z","10427","10427","10426","10426.5","147947"
"2020-09-13T02:10Z","10426.5","10426.5","10426","10426.5","6327"
"2020-09-13T02:11Z","10426.5","10426.5","10426","10426","2253"
"2020-09-13T02:12Z","10426","10426.5","10426","10426","1541"
"2020-09-13T02:13Z","10426","10426.5","10426","10426","1858"
"2020-09-13T02:14Z","10426","10426.5","10426","10426.5","10265"
"2020-09-13T02:15Z","10426.5","10427","10426","10427","340915"
"2020-09-13T02:16Z","10427","10427","10426.5","10427","104203"
"2020-09-13T02:17Z","10427","10427","10426.5","10426.5","4799"
"2020-09-13T02:18Z","10426.5","10427","10426.5","10426.5","3326"
"2020-09-13T02:19Z","10426.5","10427.5","10426.5","10427","283565"
"2020-09-13T02:20Z","10427","10429","10427","10428.5","212540"
"2020-09-13T02:21Z","10428.5","10430.5","10428.5","10430","47059"
"2020-09-13T02:22Z","10430","10431","10430","10430.5","60547"
"2020-09-13T02:23Z","10430.5","10431","10430.5","10430.5","45"
"2020-09-13T02:24Z","10430.5","10432.5","10430.5","10432.5","129948"
"2020-09-13T02:25Z","10432.5","10432.5","10432","10432.5","103343"
"2020-09-13T02:26Z","10432.5","10432.5","10432","10432","6827"
"2020-09-13T02:27Z","10432","10433","10432","10432.5","22548"
"2020-09-13T02:28Z","10432.5","10434.5","10432.5","10434","147396"
"2020-09-13T02:29Z","10434","10435","10434","10434.5","90995"
"2020-09-13T02:30Z","10434.5","10435","10434.5","10434.5","29412"
"2020-09-13T02:31Z","10434.5","10435","10434.5","10434.5","536109"
"2020-09-13T02:32Z","10434.5","10435","10434.5","10434.5","14725"
"2020-09-13T02:33Z","10434.5","10435","10434.5","10434.5","9359"
"2020-09-13T02:34Z","10434.5","10435","10434.5","10435","18006"
"2020-09-13T02:35Z","10435","10435","10434.5","10434.5","24945"
"2020-09-13T02:36Z","10434.5","10436.5","10434.5","10436.5","328944"
"2020-09-13T02:37Z","10436.5","10436.5","10436","10436.5","68001"
"2020-09-13T02:38Z","10436.5","10436.5","10436","10436.5","35493"
"2020-09-13T02:39Z","10436.5","10437.5","10436","10437","191625"
"2020-09-13T02:40Z","10437","10438","10437","10437.5","69629"
"2020-09-13T02:41Z","10437.5","10438","10437.5","10438","20063"
"2020-09-13T02:42Z","10438","10438","10437.5","10438","48356"
"2020-09-13T02:43Z","10438","10438","10437.5","10437.5","59248"
"2020-09-13T02:44Z","10437.5","10438","10437.5","10438","60464"
"2020-09-13T02:45Z","10438","10441","10437.5","10440.5","93369"
"2020-09-13T02:46Z","10440.5","10442","10440.5","10441.5","187097"
"2020-09-13T02:47Z","10441.5","10442","10441.5","10442","57051"
"2020-09-13T02:48Z","10442","10442","10441.5","10442","65751"
"2020-09-13T02:49Z","10442","10442","10441.5","10442","20830"
"2020-09-13T02:50Z","10442","10442","10441.5","10441.5","66425"
"2020-09-13T02:51Z","10441.5","10441.5","10441.5","10441.5","9839"
"2020-09-13T02:52Z","10441.5","10442","10441.5","10442","28435"
"2020-09-13T02:53Z","10442","10442","10441.5","10442","31153"
"2020-09-13T02:54Z","10442","10442","10441.5","10442","66630"
"2020-09-13T02:55Z","10442","10442","10441.5","10442","5032"
"2020-09-13T02:56Z","10442","10442","10441.5","10442","256441"
"2020-09-13T02:57Z","10442","10442","10434","10434","310906"
"2020-09-13T02:58Z","10434","10434.5","10434","10434.5","12002"
"2020-09-13T02:59Z","10434.5","10434.5","10433.5","10433.5","226922"
"2020-09-13T03:00Z","10433.5","10434","10433.5","10433.5","49118"
"2020-09-13T03:01Z","10433.5","10434","10433.5","10433.5","22957"
"2020-09-13T03:02Z","10433.5","10434","10433.5","10434","368517"
"2020-09-13T03:03Z","10434","10434.5","10433.5","10434.5","671116"
"2020-09-13T03:04Z","10434.5","10439.5","10434","10439","1134720"
"2020-09-13T03:05Z","10439","10441.5","10439","10441.5","109177"
"2020-09-13T03:06Z","10441.5","10442","10441.5","10441.5","9877"
"2020-09-13T03:07Z","10441.5","10442","10441.5","10441.5","13"
"2020-09-13T03:08Z","10441.5","10442","10441.5","10441.5","7766"
"2020-09-13T03:09Z","10441.5","10442","10441.5","10441.5","106294"
"2020-09-13T03:10Z","10441.5","10442","10441.5","10442","21912"
"2020-09-13T03:11Z","10442","10442","10441.5","10442","19165"
"2020-09-13T03:12Z","10442","10442","10440.5","10441","143181"
"2020-09-13T03:13Z","10441","10441","10440.5","10440.5","43873"
"2020-09-13T03:14Z","10440.5","10441","10440","10440.5","40828"
"2020-09-13T03:15Z","10440.5","10440.5","10440","10440","35047"
"2020-09-13T03:16Z","10440","10440.5","10440","10440","10057"
"2020-09-13T03:17Z","10440","10440.5","10440","10440","6665"
"2020-09-13T03:18Z","10440","10440.5","10440","10440.5","20741"
"2020-09-13T03:19Z","10440.5","10440.5","10437.5","10438","71445"
"2020-09-13T03:20Z","10438","10438","10437.5","10438","57877"
"2020-09-13T03:21Z","10438","10438","10437","10437","21416"
"2020-09-13T03:22Z","10437","10437.5","10437","10437","63530"
"2020-09-13T03:23Z","10437","10437.5","10437","10437","7995"
"2020-09-13T03:24Z","10437","10437.5","10437","10437","20015"
"2020-09-13T03:25Z","10437","10437.5","10437","10437","19036"
"2020-09-13T03:26Z","10437","10439.5","10437","10439.5","141546"
"2020-09-13T03:27Z","10439.5","10453","10439.5","10452","1732600"
"2020-09-13T03:28Z","10452","10452","10449","10449","131924"
"2020-09-13T03:29Z","10449","10449.5","10449","10449","27693"
"2020-09-13T03:30Z","10449","10449.5","10449","10449.5","11959"
"2020-09-13T03:31Z","10449.5","10451","10449","10450.5","292574"
"2020-09-13T03:32Z","10450.5","10457","10450.5","10457","471437"
"2020-09-13T03:33Z","10457","10460.5","10456.5","10460","503915"
"2020-09-13T03:34Z","10460","10462.5","10460","10462","253961"
"2020-09-13T03:35Z","10462","10466","10462","10466","1148930"
"2020-09-13T03:36Z","10466","10466.5","10465.5","10466.5","486870"
"2020-09-13T03:37Z","10466.5","10524","10466","10523.5","15237531"
"2020-09-13T03:38Z","10523.5","10538","10523.5","10538","3134872"
"2020-09-13T03:39Z","10538","10538","10520.5","10528.5","2178404"
"2020-09-13T03:40Z","10528.5","10546.5","10528.5","10545.5","2672677"
"2020-09-13T03:41Z","10545.5","10550","10544","10545","2813991"
"2020-09-13T03:42Z","10545","10550.5","10542","10542","820288"
"2020-09-13T03:43Z","10542","10553","10536.5","10553","1115416"
"2020-09-13T03:44Z","10553","10556","10552.5","10555.5","2726507"
"2020-09-13T03:45Z","10555.5","10559.5","10547.5","10548","2073074"
"2020-09-13T03:46Z","10548","10548","10545","10545","1100915"
"2020-09-13T03:47Z","10545","10545.5","10544","10544","226236"
"2020-09-13T03:48Z","10544","10544.5","10542.5","10543","311854"
"2020-09-13T03:49Z","10543","10543","10542.5","10543","184574"
"2020-09-13T03:50Z","10543","10546","10542.5","10546","418721"
"2020-09-13T03:51Z","10546","10549","10542.5","10542.5","914768"
"2020-09-13T03:52Z","10542.5","10543.5","10541.5","10543","582703"
"2020-09-13T03:53Z","10543","10543","10539.5","10539.5","627046"
"2020-09-13T03:54Z","10539.5","10543.5","10539.5","10543.5","689892"
"2020-09-13T03:55Z","10543.5","10544","10542.5","10542.5","429927"
"2020-09-13T03:56Z","10542.5","10543","10542","10542.5","274388"
"2020-09-13T03:57Z","10542.5","10543.5","10542","10543","110055"
"2020-09-13T03:58Z","10543","10550","10543","10549.5","418751"
"2020-09-13T03:59Z","10549.5","10553.5","10549.5","10553.5","280585"
"2020-09-13T04:00Z","10553.5","10579","10553.5","10563.5","5973944"
"2020-09-13T04:01Z","10563.5","10564","10546.5","10547","1470684"
"2020-09-13T04:02Z","10547","10551.5","10546.5","10548","1203023"
"2020-09-13T04:03Z","10548","10548","10534.5","10534.5","1097250"
"2020-09-13T04:04Z","10534.5","10535","10532","10532.5","323538"
"2020-09-13T04:05Z","10532.5","10533","10532","10533","360709"
"2020-09-13T04:06Z","10533","10535","10533","10535","245004"
