"2021-10-07T05:35Z","54666.5","54697.5","54666.5","54697.5","4671356"
"2021-10-07T05:36Z","54697.5","54712.5","54697.5","54712.5","2240611"
"2021-10-07T05:37Z","54712.5","54712.5","54712","54712","132122"
"2021-10-07T05:38Z","54712","54727.5","54700","54727","2088237"
"2021-10-07T05:39Z","54727","54750","54727","54750","939562"
"2021-10-07T05:40Z","54750","54750","54749.5","54749.5","411892"
"2021-10-07T05:41Z","54749.5","54756.5","54749.5","54756.5","640409"
"2021-10-07T05:42Z","54756.5","54766","54756","54765.5","1787011"
"2021-10-07T05:43Z","54765.5","54766","54715","54715.5","2683937"
"2021-10-07T05:44Z","54715.5","54715.5","54683","54683.5","2297350"
"2021-10-07T05:45Z","54683.5","54683.5","54616","54616","2462944"
"2021-10-07T05:46Z","54616","54650","54616","54650","1360110"
"2021-10-07T05:47Z","54650","54695","54649.5","54695","2231380"
"2021-10-07T05:48Z","54695","54714.5","54694.5","54714.5","1085582"
"2021-10-07T05:49Z","54714.5","54714.5","54714","54714.5","253291"
"2021-10-07T05:50Z","54714.5","54714.5","54712.5","54714.5","392286"
"2021-10-07T05:51Z","54714.5","54751","54714","54750.5","645200"
"2021-10-07T05:52Z","54750.5","54751","54750.5","54750.5","444080"
"2021-10-07T05:53Z","54750.5","54753.5","54750.5","54753","361038"
"2021-10-07T05:54Z","54753","54753.5","54753","54753.5","183525"
"2021-10-07T05:55Z","54753.5","54753.5","54728","54728.5","589051"
"2021-10-07T05:56Z","54728.5","54728.5","54720","54720","508793"
"2021-10-07T05:57Z","54720","54720.5","54720","54720","289722"
"2021-10-07T05:58Z","54720","54720.5","54720","54720.5","91007"
"2021-10-07T05:59Z","54720.5","54753","54720","54753","1858743"
"2021-10-07T06:00Z","54753","54753.5","54720","54720.5","1169297"
"2021-10-07T06:01Z","54720.5","54720.5","54715","54718","746312"
"2021-10-07T06:02Z","54718","54719.5","54717.5","54719","145373"
"2021-10-07T06:03Z","54719","54741","54719","54740.5","443231"
"2021-10-07T06:04Z","54740.5","54750","54740.5","54750","395419"
"2021-10-07T06:05Z","54750","54819","54749.5","54818.5","4721517"
"2021-10-07T06:06Z","54818.5","54929","54818.5","54929","5116470"
"2021-10-07T06:07Z","54929","54960.5","54929","54960.5","5071596"
"2021-10-07T06:08Z","54960.5","54962.5","54922.5","54922.5","2744646"
"2021-10-07T06:09Z","54922.5","54923","54850","54850","1500374"
"2021-10-07T06:10Z","54850","54851","54850","54850.5","192142"
"2021-10-07T06:11Z","54850.5","54851","54841","54841.5","1014138"
"2021-10-07T06:12Z","54841.5","54841.5","54823.5","54824","401339"
"2021-10-07T06:13Z","54824","54827.5","54823.5","54827.5","203382"
"2021-10-07T06:14Z","54827.5","54859","54827","54859","545171"
"2021-10-07T06:15Z","54859","54859","54823","54823","1008762"
"2021-10-07T06:16Z","54823","54823.5","54779","54779.5","2022886"
"2021-10-07T06:17Z","54779.5","54779.5","54756","54756","1210344"
"2021-10-07T06:18Z","54756","54757.5","54756","54757.5","188247"
"2021-10-07T06:19Z","54757.5","54774.5","54757.5","54774","543963"
"2021-10-07T06:20Z","54774","54774.5","54774","54774","118880"
"2021-10-07T06:21Z","54774","54793","54774","54793","464559"
"2021-10-07T06:22Z","54793","54799.5","54792.5","54799.5","457339"
"2021-10-07T06:23Z","54799.5","54799.5","54799","54799","407920"
"2021-10-07T06:24Z","54799","54799.5","54799","54799.5","167975"
"2021-10-07T06:25Z","54799.5","54799.5","54755","54755.5","826393"
"2021-10-07T06:26Z","54755.5","54755.5","54755","54755","255478"
"2021-10-07T06:27Z","54755","54755.5","54755","54755","345161"
"2021-10-07T06:28Z","54755","54756","54755","54755.5","256938"
"2021-10-07T06:29Z","54755.5","54757.5","54755.5","54757","173109"
"2021-10-07T06:30Z","54757","54762","54712","54712.5","1636933"
"2021-10-07T06:31Z","54712.5","54713","54712.5","54712.5","206756"
"2021-10-07T06:32Z","54712.5","54724.5","54712.5","54724.5","768089"
"2021-10-07T06:33Z","54724.5","54724.5","54724","54724.5","118954"
"2021-10-07T06:34Z","54724.5","54724.5","54682","54682","5286070"
"2021-10-07T06:35Z","54682","54699.5","54675","54675","2706650"
"2021-10-07T06:36Z","54675","54675.5","54667.5","54668","1074565"
"2021-10-07T06:37Z","54668","54668","54665","54665.5","1340989"
"2021-10-07T06:38Z","54665.5","54665.5","54661","54661","492710"
"2021-10-07T06:39Z","54661","54661.5","54660.5","54660.5","442108"
"2021-10-07T06:40Z","54660.5","54661","54660.5","54660.5","463592"
"2021-10-07T06:41Z","54660.5","54661","54654","54654.5","1067124"
"2021-10-07T06:42Z","54654.5","54659.5","54654","54659.5","833484"
"2021-10-07T06:43Z","54659.5","54659.5","54650","54650.5","1094610"
"2021-10-07T06:44Z","54650.5","54650.5","54600","54604.5","3210929"
"2021-10-07T06:45Z","54604.5","54633.5","54572","54633.5","2874665"
"2021-10-07T06:46Z","54633.5","54709","54633.5","54709","1719926"
"2021-10-07T06:47Z","54709","54709","54656","54656","1664698"
"2021-10-07T06:48Z","54656","54656.5","54630.5","54631","1074185"
"2021-10-07T06:49Z","54631","54635","54619.5","54635","622321"
"2021-10-07T06:50Z","54635","54635","54591","54592","1333940"
"2021-10-07T06:51Z","54592","54592","54484.5","54504","7562575"
"2021-10-07T06:52Z","54504","54504.5","54483","54497","1842260"
"2021-10-07T06:53Z","54497","54497.5","54475","54478.5","1304514"
"2021-10-07T06:54Z","54478.5","54543.5","54478","54543.5","1511354"
"2021-10-07T06:55Z","54543.5","54586.5","54543","54586","1115133"
"2021-10-07T06:56Z","54586","54586.5","54520","54520","2166993"
"2021-10-07T06:57Z","54520","54530.5","54495","54530","1039698"
"2021-10-07T06:58Z","54530","54560","54530","54560","873443"
"2021-10-07T06:59Z","54560","54570.5","54559.5","54570.5","297372"
"2021-10-07T07:00Z","54570.5","54570.5","54526","54526.5","1138651"
"2021-10-07T07:01Z","54526.5","54554.5","54526","54554.5","1298753"
"2021-10-07T07:02Z","54554.5","54554.5","54525","54525.5","1166765"
"2021-10-07T07:03Z","54525.5","54545","54521.5","54545","565343"
"2021-10-07T07:04Z","54545","54613.5","54545","54613","3580734"
"2021-10-07T07:05Z","54613","54615","54613","54615","1188854"
"2021-10-07T07:06Z","54615","54626","54421","54465","16579881"
"2021-10-07T07:07Z","54465","54497","54380","54439.5","9364694"
"2021-10-07T07:08Z","54439.5","54479.5","54439","54450","1126384"
"2021-10-07T07:09Z","54450","54450.5","54360","54360.5","2936220"
"2021-10-07T07:10Z","54360.5","54468","54359","54467.5","5560314"
"2021-10-07T07:11Z","54467.5","54514.5","54467.5","54500","2792883"
"2021-10-07T07:12Z","54500","54513.5","54500","54513.5","337657"
"2021-10-07T07:13Z","54513.5","54533","54462","54462.5","2770843"
"2021-10-07T07:14Z","54462.5","54462.5","54415","54415.5","1588907"
"2021-10-07T07:15Z","54415.5","54458","54403","54456","952271"
"2021-10-07T07:16Z","54456","54456.5","54455","54455.5","1095801"
"2021-10-07T07:17Z","54455.5","54455.5","54455","54455.5","291642"
"2021-10-07T07:18Z","54455.5","54477.5","54455","54477","1061087"
"2021-10-07T07:19Z","54477","54493","54477","54492.5","446509"
"2021-10-07T07:20Z","54492.5","54493","54477","54477.5","181523"
"2021-10-07T07:21Z","54477.5","54477.5","54477","54477.5","265051"
"2021-10-07T07:22Z","54477.5","54498","54477","54498","655146"
"2021-10-07T07:23Z","54498","54556","54497.5","54548.5","6115029"
"2021-10-07T07:24Z","54548.5","54591.5","54548","54591","1731309"
"2021-10-07T07:25Z","54591","54627.5","54591","54627.5","1757937"
"2021-10-07T07:26Z","54627.5","54627.5","54625","54625.5","310921"
"2021-10-07T07:27Z","54625.5","54629.5","54590","54614.5","1832814"
"2021-10-07T07:28Z","54614.5","54614.5","54614","54614","511699"
"2021-10-07T07:29Z","54614","54651.5","54614","54651.5","2324863"
"2021-10-07T07:30Z","54651.5","54683","54651","54683","2745788"
"2021-10-07T07:31Z","54683","54688.5","54679","54679","1420676"
"2021-10-07T07:32Z","54679","54727","54655","54724","1845537"
"2021-10-07T07:33Z","54724","54768.5","54724","54768.5","1861281"
"2021-10-07T07:34Z","54768.5","54798","54768","54783","2456100"
"2021-10-07T07:35Z","54783","54817","54760","54793.5","3477523"
"2021-10-07T07:36Z","54793.5","54825","54793.5","54823.5","2056794"
"2021-10-07T07:37Z","54823.5","54823.5","54765.5","54766","1130934"
"2021-10-07T07:38Z","54766","54766","54765","54765","561747"
"2021-10-07T07:39Z","54765","54765.5","54728","54748","807389"
"2021-10-07T07:40Z","54748","54828","54748","54823.5","1053026"
"2021-10-07T07:41Z","54823.5","54823.5","54793","54795","406713"
"2021-10-07T07:42Z","54795","54795.5","54795","54795","489618"
"2021-10-07T07:43Z","54795","54795.5","54781","54781.5","814435"
"2021-10-07T07:44Z","54781.5","54781.5","54765","54765.5","326856"
"2021-10-07T07:45Z","54765.5","54765.5","54765","54765","690597"
"2021-10-07T07:46Z","54765","54765.5","54710.5","54712","1078228"
"2021-10-07T07:47Z","54712","54712.5","54712","54712","252289"
"2021-10-07T07:48Z","54712","54712.5","54655","54677.5","1323606"
"2021-10-07T07:49Z","54677.5","54677.5","54677","54677","440108"
"2021-10-07T07:50Z","54677","54677.5","54646","54646","574392"
"2021-10-07T07:51Z","54646","54646","54645","54645","1164928"
"2021-10-07T07:52Z","54645","54678","54644","54677.5","904674"
"2021-10-07T07:53Z","54677.5","54691","54649.5","54691","2499154"
"2021-10-07T07:54Z","54691","54714.5","54690.5","54714","1611883"
"2021-10-07T07:55Z","54714","54723.5","54699.5","54720.5","2995725"
"2021-10-07T07:56Z","54720.5","54734","54720","54734","717430"
"2021-10-07T07:57Z","54734","54741","54698","54722.5","1285841"
"2021-10-07T07:58Z","54722.5","54845","54722.5","54828","3372258"
"2021-10-07T07:59Z","54828","54850","54827.5","54839.5","10889401"
"2021-10-07T08:00Z","54839.5","54840","54805","54805.5","5340513"
"2021-10-07T08:01Z","54805.5","54805.5","54740.5","54740.5","2029255"
"2021-10-07T08:02Z","54740.5","54740.5","54681","54681.5","984075"
"2021-10-07T08:03Z","54681.5","54700","54618.5","54700","1992563"
"2021-10-07T08:04Z","54700","54700","54648","54648.5","1214555"
"2021-10-07T08:05Z","54648.5","54659.5","54612","54634.5","1232852"
"2021-10-07T08:06Z","54634.5","54672","54634.5","54672","701755"
"2021-10-07T08:07Z","54672","54682.5","54634.5","54635","2917605"
"2021-10-07T08:08Z","54635","54635","54634.5","54635","187246"
"2021-10-07T08:09Z","54635","54650","54634.5","54649.5","861493"
"2021-10-07T08:10Z","54649.5","54650","54611.5","54618","1022945"
"2021-10-07T08:11Z","54618","54618","54560.5","54583","1506038"
"2021-10-07T08:12Z","54583","54600","54582.5","54599.5","1536717"
"2021-10-07T08:13Z","54599.5","54600","54593.5","54594","830514"
"2021-10-07T08:14Z","54594","54594","54568","54568.5","2178992"
"2021-10-07T08:15Z","54568.5","54580.5","54552.5","54580","11970870"
"2021-10-07T08:16Z","54580","54655","54580","54655","1232824"
"2021-10-07T08:17Z","54655","54655","54627.5","54627.5","1963727"
"2021-10-07T08:18Z","54627.5","54628","54627.5","54628","272643"
"2021-10-07T08:19Z","54628","54650","54627.5","54649.5","501191"
"2021-10-07T08:20Z","54649.5","54650","54649.5","54649.5","644044"
"2021-10-07T08:21Z","54649.5","54710","54649.5","54710","2019572"
"2021-10-07T08:22Z","54710","54710","54681","54681","648811"
"2021-10-07T08:23Z","54681","54681.5","54664","54664","820819"
"2021-10-07T08:24Z","54664","54664","54607","54607","1069637"
"2021-10-07T08:25Z","54607","54607","54577.5","54577.5","1488865"
"2021-10-07T08:26Z","54577.5","54596.5","54577","54577","299749"
"2021-10-07T08:27Z","54577","54577.5","54527.5","54535.5","1930764"
"2021-10-07T08:28Z","54535.5","54562","54535","54562","869470"
"2021-10-07T08:29Z","54562","54562","54536.5","54536.5","238063"
"2021-10-07T08:30Z","54536.5","54537","54463.5","54465","3519929"
"2021-10-07T08:31Z","54465","54522.5","54465","54522.5","1911972"
"2021-10-07T08:32Z","54522.5","54532","54510.5","54510.5","383269"
"2021-10-07T08:33Z","54510.5","54558","54510.5","54558","1594577"
"2021-10-07T08:34Z","54558","54558","54557.5","54557.5","257864"
"2021-10-07T08:35Z","54557.5","54588","54557.5","54588","1268172"
"2021-10-07T08:36Z","54588","54604.5","54587.5","54604.5","732007"
"2021-10-07T08:37Z","54604.5","54617.5","54604","54617.5","414932"
"2021-10-07T08:38Z","54617.5","54617.5","54600","54600","525265"
"2021-10-07T08:39Z","54600","54616","54596","54599","165879"
"2021-10-07T08:40Z","54599","54618","54596","54617.5","314020"
"2021-10-07T08:41Z","54617.5","54629","54617.5","54629","259735"
"2021-10-07T08:42Z","54629","54635","54628.5","54635","307102"
"2021-10-07T08:43Z","54635","54660.5","54634.5","54660.5","1629427"
"2021-10-07T08:44Z","54660.5","54660.5","54650","54650","1311596"
"2021-10-07T08:45Z","54650","54650.5","54591","54591.5","652879"
"2021-10-07T08:46Z","54591.5","54591.5","54563","54569.5","426393"
"2021-10-07T08:47Z","54569.5","54584","54569.5","54584","704130"
"2021-10-07T08:48Z","54584","54584","54583.5","54583.5","265853"
"2021-10-07T08:49Z","54583.5","54584","54543.5","54543.5","616955"
"2021-10-07T08:50Z","54543.5","54553.5","54535","54553","390109"
"2021-10-07T08:51Z","54553","54572","54553","54572","294047"
"2021-10-07T08:52Z","54572","54572","54550","54550.5","144892"
"2021-10-07T08:53Z","54550.5","54573","54550.5","54560.5","321128"
"2021-10-07T08:54Z","54560.5","54580","54560","54580","318923"
"2021-10-07T08:55Z","54580","54583.5","54580","54583.5","225924"
"2021-10-07T08:56Z","54583.5","54625","54583.5","54624.5","421858"
"2021-10-07T08:57Z","54624.5","54670.5","54624.5","54670.5","1036103"
"2021-10-07T08:58Z","54670.5","54670.5","54664","54664.5","679346"
"2021-10-07T08:59Z","54664.5","54664.5","54606","54606.5","451992"
"2021-10-07T09:00Z","54606.5","54606.5","54589.5","54589.5","939758"
"2021-10-07T09:01Z","54589.5","54590","54560.5","54560.5","620284"
"2021-10-07T09:02Z","54560.5","54561","54441.5","54457","3063356"
"2021-10-07T09:03Z","54457","54458.5","54436","54455","825756"
"2021-10-07T09:04Z","54455","54455","54411","54411","1017642"
"2021-10-07T09:05Z","54411","54434.5","54410.5","54416","1489203"
"2021-10-07T09:06Z","54416","54417.5","54415.5","54416","1193121"
"2021-10-07T09:07Z","54416","54416","54336","54338.5","7754822"
"2021-10-07T09:08Z","54338.5","54367","54279.5","54284.5","7869462"
"2021-10-07T09:09Z","54284.5","54332.5","54250","54250","5601767"
"2021-10-07T09:10Z","54250","54284","54210","54265","4213687"
"2021-10-07T09:11Z","54265","54300","54260","54274.5","3608739"
"2021-10-07T09:12Z","54274.5","54297.5","54274","54297","1636265"
"2021-10-07T09:13Z","54297","54305.5","54297","54305.5","2739952"
"2021-10-07T09:14Z","54305.5","54318.5","54305","54318.5","1560506"
"2021-10-07T09:15Z","54318.5","54414","54318","54414","4380700"
"2021-10-07T09:16Z","54414","54424","54361","54361","3603378"
"2021-10-07T09:17Z","54361","54361.5","54241","54242.5","3181010"
"2021-10-07T09:18Z","54242.5","54291","54228.5","54228.5","2649800"
"2021-10-07T09:19Z","54228.5","54229","54200","54226","4337426"
"2021-10-07T09:20Z","54226","54259","54212","54212","2929594"
"2021-10-07T09:21Z","54212","54212","54068","54100.5","19656676"
"2021-10-07T09:22Z","54100.5","54132.5","54076.5","54077","3780843"
"2021-10-07T09:23Z","54077","54125","54068.5","54125","3066282"
"2021-10-07T09:24Z","54125","54203","54125","54202.5","3183742"
"2021-10-07T09:25Z","54202.5","54203","54154","54154","1506129"
"2021-10-07T09:26Z","54154","54177","54154","54176.5","1819518"
"2021-10-07T09:27Z","54176.5","54177","54123.5","54124","2100417"
"2021-10-07T09:28Z","54124","54124","54102","54124","2099297"
"2021-10-07T09:29Z","54124","54124","54080","54085.5","3355515"
"2021-10-07T09:30Z","54085.5","54086","53972","53977","16930144"
"2021-10-07T09:31Z","53977","54018","53943.5","53964.5","7761838"
"2021-10-07T09:32Z","53964.5","53964.5","53900","53900.5","6395104"
"2021-10-07T09:33Z","53900.5","53988.5","53900","53984","3952033"
"2021-10-07T09:34Z","53984","54300.5","53983.5","54289.5","11412064"
"2021-10-07T09:35Z","54289.5","54322.5","54180","54299","4903221"
"2021-10-07T09:36Z","54299","54450","54299","54368.5","6159074"
"2021-10-07T09:37Z","54368.5","54386","54308.5","54308.5","3607356"
"2021-10-07T09:38Z","54308.5","54320","54260","54260","2625764"
"2021-10-07T09:39Z","54260","54260","54177.5","54180.5","1818769"
"2021-10-07T09:40Z","54180.5","54180.5","54073","54097.5","3652665"
"2021-10-07T09:41Z","54097.5","54228.5","54097.5","54228.5","5820779"
"2021-10-07T09:42Z","54228.5","54310.5","54221","54300.5","2969026"
"2021-10-07T09:43Z","54300.5","54366.5","54244.5","54366.5","5045508"
"2021-10-07T09:44Z","54366.5","54366.5","54344","54353.5","1698313"
"2021-10-07T09:45Z","54353.5","54363.5","54286","54363","1938986"
"2021-10-07T09:46Z","54363","54392","54363","54391.5","1515385"
"2021-10-07T09:47Z","54391.5","54400","54375","54400","1098079"
"2021-10-07T09:48Z","54400","54403.5","54350.5","54350.5","2179103"
"2021-10-07T09:49Z","54350.5","54351","54291","54306","1316058"
"2021-10-07T09:50Z","54306","54306","54227","54234.5","1706710"
"2021-10-07T09:51Z","54234.5","54281.5","54229.5","54281.5","1681300"
"2021-10-07T09:52Z","54281.5","54320.5","54281.5","54320.5","1228738"
"2021-10-07T09:53Z","54320.5","54320.5","54317","54317.5","191496"
"2021-10-07T09:54Z","54317.5","54411","54317","54411","1983213"
"2021-10-07T09:55Z","54411","54412","54375","54393","873019"
"2021-10-07T09:56Z","54393","54400","54392.5","54393","708308"
"2021-10-07T09:57Z","54393","54393","54345","54345.5","1348969"
"2021-10-07T09:58Z","54345.5","54345.5","54345","54345.5","298237"
"2021-10-07T09:59Z","54345.5","54372.5","54345","54372","937052"
"2021-10-07T10:00Z","54372","54400","54347.5","54400","1530903"
"2021-10-07T10:01Z","54400","54447.5","54400","54447.5","2634836"
"2021-10-07T10:02Z","54447.5","54450","54447.5","54450","3717245"
"2021-10-07T10:03Z","54450","54464","54446","54446","4675021"
"2021-10-07T10:04Z","54446","54446","54377.5","54391.5","1334284"
"2021-10-07T10:05Z","54391.5","54392","54384","54384","322424"
"2021-10-07T10:06Z","54384","54384.5","54341.5","54343.5","2646861"
"2021-10-07T10:07Z","54343.5","54344","54289.5","54301.5","1912410"
"2021-10-07T10:08Z","54301.5","54343.5","54301.5","54306","1742595"
"2021-10-07T10:09Z","54306","54332","54305.5","54332","336710"
"2021-10-07T10:10Z","54332","54332","54265","54265.5","1330841"
"2021-10-07T10:11Z","54265.5","54298.5","54265","54298","414675"
"2021-10-07T10:12Z","54298","54298","54274.5","54275","526318"
"2021-10-07T10:13Z","54275","54275","54225","54240","550982"
"2021-10-07T10:14Z","54240","54240.5","54208","54238","1976076"
"2021-10-07T10:15Z","54238","54238.5","54208.5","54208.5","1540444"
"2021-10-07T10:16Z","54208.5","54243","54200","54243","4225128"
"2021-10-07T10:17Z","54243","54243","54210.5","54210.5","425313"
"2021-10-07T10:18Z","54210.5","54247","54210.5","54247","673416"
"2021-10-07T10:19Z","54247","54275","54247","54250.5","1966547"
"2021-10-07T10:20Z","54250.5","54250.5","54221","54230.5","439302"
"2021-10-07T10:21Z","54230.5","54231","54157.5","54158","2159502"
"2021-10-07T10:22Z","54158","54185","54157.5","54185","1254683"
"2021-10-07T10:23Z","54185","54192.5","54169.5","54169.5","1213965"
"2021-10-07T10:24Z","54169.5","54170","54169.5","54169.5","394344"
"2021-10-07T10:25Z","54169.5","54206.5","54169.5","54206","519527"
"2021-10-07T10:26Z","54206","54206.5","54170","54170","431799"
"2021-10-07T10:27Z","54170","54170.5","54164.5","54165","321926"
"2021-10-07T10:28Z","54165","54165","54164.5","54164.5","352887"
"2021-10-07T10:29Z","54164.5","54169","54160.5","54169","433189"
"2021-10-07T10:30Z","54169","54169","54132","54132.5","1078676"
"2021-10-07T10:31Z","54132.5","54132.5","54100","54100","1546388"
"2021-10-07T10:32Z","54100","54122.5","54081","54081","1214378"
"2021-10-07T10:33Z","54081","54081","54030.5","54031","1335630"
"2021-10-07T10:34Z","54031","54148","54030.5","54148","3400563"
"2021-10-07T10:35Z","54148","54190.5","54147.5","54151","1658870"
"2021-10-07T10:36Z","54151","54151","54066","54067.5","1211171"
"2021-10-07T10:37Z","54067.5","54077","54060","54060","529798"
"2021-10-07T10:38Z","54060","54060.5","54001","54032.5","2278698"
"2021-10-07T10:39Z","54032.5","54055","54032.5","54055","1000683"
"2021-10-07T10:40Z","54055","54058","54054.5","54058","1556002"
"2021-10-07T10:41Z","54058","54118.5","54057.5","54118.5","1792075"
"2021-10-07T10:42Z","54118.5","54118.5","54052","54052","1141927"
"2021-10-07T10:43Z","54052","54064","53987","53987","2712330"
"2021-10-07T10:44Z","53987","54023","53987","54023","974517"
"2021-10-07T10:45Z","54023","54081","54022.5","54081","1785628"
"2021-10-07T10:46Z","54081","54081","54051","54051","862289"
"2021-10-07T10:47Z","54051","54080","54051","54079.5","1229976"
"2021-10-07T10:48Z","54079.5","54080","54051","54051.5","698427"
"2021-10-07T10:49Z","54051.5","54051.5","54003.5","54003.5","845532"
"2021-10-07T10:50Z","54003.5","54180","53938","54179.5","7292191"
"2021-10-07T10:51Z","54179.5","54204","54095.5","54095.5","3433724"
"2021-10-07T10:52Z","54095.5","54096","53943","53943","4039344"
"2021-10-07T10:53Z","53943","53970","53901","53969.5","8410779"
"2021-10-07T10:54Z","53969.5","54040","53965","54036.5","2490164"
"2021-10-07T10:55Z","54036.5","54036.5","53950","53977","1530159"
"2021-10-07T10:56Z","53977","54079.5","53976.5","54077.5","2042936"
"2021-10-07T10:57Z","54077.5","54123.5","54077","54084.5","2063868"
"2021-10-07T10:58Z","54084.5","54085","54025","54025.5","1030590"
"2021-10-07T10:59Z","54025.5","54025.5","54005.5","54005.5","327403"
"2021-10-07T11:00Z","54005.5","54094.5","54005.5","54094","2783644"
"2021-10-07T11:01Z","54094","54094.5","54057","54086","1015432"
"2021-10-07T11:02Z","54086","54103","54085.5","54095","950820"
"2021-10-07T11:03Z","54095","54095","54052.5","54053","845811"
"2021-10-07T11:04Z","54053","54053","54052.5","54052.5","229913"
"2021-10-07T11:05Z","54052.5","54053","54050","54050","455832"
"2021-10-07T11:06Z","54050","54107.5","54050","54107.5","3623274"
"2021-10-07T11:07Z","54107.5","54150","54107","54149.5","2507270"
"2021-10-07T11:08Z","54149.5","54213.5","54149.5","54184","12887640"
"2021-10-07T11:09Z","54184","54184.5","54137","54137","1937589"
"2021-10-07T11:10Z","54137","54159","54100.5","54159","4581487"
"2021-10-07T11:11Z","54159","54161","54145.5","54149.5","1931056"
"2021-10-07T11:12Z","54149.5","54162.5","54149","54154.5","1086909"
"2021-10-07T11:13Z","54154.5","54169","54154","54169","1532177"
"2021-10-07T11:14Z","54169","54221.5","54169","54221.5","3374221"
"2021-10-07T11:15Z","54221.5","54221.5","54176","54176.5","1168898"
"2021-10-07T11:16Z","54176.5","54180","54171.5","54179.5","1215654"
"2021-10-07T11:17Z","54179.5","54180","54150","54150","1843533"
"2021-10-07T11:18Z","54150","54150.5","54150","54150.5","181707"
"2021-10-07T11:19Z","54150.5","54150.5","54055","54055.5","10333555"
"2021-10-07T11:20Z","54055.5","54055.5","53975","54016.5","3670712"
"2021-10-07T11:21Z","54016.5","54024.5","54016","54024.5","1183326"
"2021-10-07T11:22Z","54024.5","54024.5","53980","53984.5","2596083"
"2021-10-07T11:23Z","53984.5","54038","53984.5","54038","2924371"
"2021-10-07T11:24Z","54038","54072","54037.5","54060.5","1618088"
"2021-10-07T11:25Z","54060.5","54060.5","54000","54000","874977"
"2021-10-07T11:26Z","54000","54009","53969.5","54009","2215166"
"2021-10-07T11:27Z","54009","54020","54007","54019.5","1532068"
"2021-10-07T11:28Z","54019.5","54050","54019.5","54050","892493"
"2021-10-07T11:29Z","54050","54056.5","54032.5","54056","1079072"
"2021-10-07T11:30Z","54056","54124","54056","54123.5","1943893"
"2021-10-07T11:31Z","54123.5","54124","54095","54095.5","561125"
"2021-10-07T11:32Z","54095.5","54117.5","54095","54117","893104"
"2021-10-07T11:33Z","54117","54150.5","54117","54150.5","726416"
"2021-10-07T11:34Z","54150.5","54250","54150","54250","5898406"
"2021-10-07T11:35Z","54250","54250","54208","54208","2509762"
"2021-10-07T11:36Z","54208","54340","54208","54308","4971058"
"2021-10-07T11:37Z","54308","54341","54298","54341","2193212"
"2021-10-07T11:38Z","54341","54350","54296","54350","2491530"
"2021-10-07T11:39Z","54350","54350","54292","54292","2153434"
"2021-10-07T11:40Z","54292","54292.5","54270","54270.5","926267"
"2021-10-07T11:41Z","54270.5","54270.5","54268","54268","654077"
"2021-10-07T11:42Z","54268","54268.5","54230.5","54230.5","871446"
"2021-10-07T11:43Z","54230.5","54230.5","54215","54215","600995"
"2021-10-07T11:44Z","54215","54247","54215","54246.5","464858"
"2021-10-07T11:45Z","54246.5","54247","54209","54209","955595"
"2021-10-07T11:46Z","54209","54215.5","54209","54215","342434"
"2021-10-07T11:47Z","54215","54226","54210.5","54225.5","1457040"
"2021-10-07T11:48Z","54225.5","54243.5","54225.5","54243","664948"
"2021-10-07T11:49Z","54243","54247","54220","54247","6318647"
"2021-10-07T11:50Z","54247","54247","54230","54230","1489224"
"2021-10-07T11:51Z","54230","54230.5","54230","54230","155874"
"2021-10-07T11:52Z","54230","54289.5","54230","54289.5","2108910"
"2021-10-07T11:53Z","54289.5","54304","54289.5","54301.5","1522439"
"2021-10-07T11:54Z","54301.5","54327","54301","54305","2090602"
"2021-10-07T11:55Z","54305","54327","54305","54327","993256"
"2021-10-07T11:56Z","54327","54357","54326.5","54356.5","2905802"
"2021-10-07T11:57Z","54356.5","54400","54356.5","54390","4658616"
"2021-10-07T11:58Z","54390","54400.5","54389.5","54400.5","1536555"
"2021-10-07T11:59Z","54400.5","54400.5","54367.5","54367.5","1114512"
"2021-10-07T12:00Z","54367.5","54368","54362","54362","948993"
"2021-10-07T12:01Z","54362","54362.5","54350","54350","1486994"
"2021-10-07T12:02Z","54350","54350.5","54343.5","54344","1401404"
"2021-10-07T12:03Z","54344","54344","54343.5","54344","576983"
"2021-10-07T12:04Z","54344","54377","54343.5","54377","609774"
"2021-10-07T12:05Z","54377","54393","54376.5","54393","1175801"
"2021-10-07T12:06Z","54393","54407","54392.5","54392.5","1777983"
"2021-10-07T12:07Z","54392.5","54393","54344.5","54344.5","2253752"
"2021-10-07T12:08Z","54344.5","54345","54330","54330","755850"
"2021-10-07T12:09Z","54330","54330.5","54305","54305.5","796145"
"2021-10-07T12:10Z","54305.5","54305.5","54304","54304.5","902727"
"2021-10-07T12:11Z","54304.5","54304.5","54304","54304.5","317586"
"2021-10-07T12:12Z","54304.5","54304.5","54304","54304.5","251315"
"2021-10-07T12:13Z","54304.5","54304.5","54302","54302.5","254312"
"2021-10-07T12:14Z","54302.5","54302.5","54302","54302","280827"
"2021-10-07T12:15Z","54302","54302.5","54265","54266","1312406"
"2021-10-07T12:16Z","54266","54266","54235","54235.5","4380479"
"2021-10-07T12:17Z","54235.5","54235.5","54194","54217","3107822"
"2021-10-07T12:18Z","54217","54229","54216.5","54228.5","1090660"
"2021-10-07T12:19Z","54228.5","54229","54228.5","54228.5","102003"
"2021-10-07T12:20Z","54228.5","54229","54228.5","54228.5","1099042"
"2021-10-07T12:21Z","54228.5","54229","54215","54215.5","501411"
"2021-10-07T12:22Z","54215.5","54215.5","54172","54186","1026385"
"2021-10-07T12:23Z","54186","54186.5","54168","54168","1084575"
"2021-10-07T12:24Z","54168","54168.5","54150","54150","1236360"
"2021-10-07T12:25Z","54150","54150.5","53966.5","54065.5","12354779"
"2021-10-07T12:26Z","54065.5","54065.5","54013.5","54014.5","3523852"
"2021-10-07T12:27Z","54014.5","54014.5","53910","53950.5","6649363"
"2021-10-07T12:28Z","53950.5","53950.5","53812","53882","22009473"
"2021-10-07T12:29Z","53882","53882","53802.5","53835","11464756"
"2021-10-07T12:30Z","53835","53846.5","53700","53840","24118792"
"2021-10-07T12:31Z","53840","53973","53805.5","53954.5","10025777"
"2021-10-07T12:32Z","53954.5","54005","53835.5","54005","7903823"
"2021-10-07T12:33Z","54005","54060.5","54004.5","54025.5","8627628"
"2021-10-07T12:34Z","54025.5","54025.5","54003.5","54004","2809526"
"2021-10-07T12:35Z","54004","54023","53966.5","53992","4196690"
"2021-10-07T12:36Z","53992","53992.5","53930.5","53931","2496021"
"2021-10-07T12:37Z","53931","53950.5","53930.5","53950.5","1879193"
"2021-10-07T12:38Z","53950.5","54056","53949","54055.5","8801002"
"2021-10-07T12:39Z","54055.5","54056","54026","54043","2464719"
"2021-10-07T12:40Z","54043","54188","54042.5","54140.5","9384557"
"2021-10-07T12:41Z","54140.5","54253.5","54140","54184.5","8080782"
"2021-10-07T12:42Z","54184.5","54240","54180","54228","5060107"
"2021-10-07T12:43Z","54228","54228","54221","54224","6143642"
"2021-10-07T12:44Z","54224","54241","54223.5","54240.5","4032463"
"2021-10-07T12:45Z","54240.5","54241","54191.5","54191.5","3640065"
"2021-10-07T12:46Z","54191.5","54192","54167.5","54167.5","1436972"
"2021-10-07T12:47Z","54167.5","54168","54125.5","54126","1587672"
"2021-10-07T12:48Z","54126","54163","54125.5","54151","2332190"
"2021-10-07T12:49Z","54151","54151","54105.5","54123.5","693561"
"2021-10-07T12:50Z","54123.5","54123.5","54024.5","54026","2574349"
"2021-10-07T12:51Z","54026","54052","54026","54052","1191051"
"2021-10-07T12:52Z","54052","54059.5","54052","54059","2113120"
"2021-10-07T12:53Z","54059","54059","54000","54016.5","4386930"
"2021-10-07T12:54Z","54016.5","54058.5","54016.5","54038.5","2371108"
"2021-10-07T12:55Z","54038.5","54038.5","54006.5","54015","2352012"
"2021-10-07T12:56Z","54015","54084.5","54013.5","54084.5","9328517"
"2021-10-07T12:57Z","54084.5","54084.5","53926","53935","3108343"
"2021-10-07T12:58Z","53935","53979","53907","53979","3192863"
"2021-10-07T12:59Z","53979","54035","53978.5","54034.5","2924698"
"2021-10-07T13:00Z","54034.5","54035","53998.5","53998.5","1356199"
"2021-10-07T13:01Z","53998.5","53999","53995","53995","990497"
"2021-10-07T13:02Z","53995","54034","53995","54006.5","1586273"
"2021-10-07T13:03Z","54006.5","54006.5","53991.5","53995.5","1889063"
"2021-10-07T13:04Z","53995.5","53995.5","53970.5","53970.5","1520346"
"2021-10-07T13:05Z","53970.5","53971","53928","53928.5","4662671"
"2021-10-07T13:06Z","53928.5","53928.5","53860.5","53892.5","5696397"
"2021-10-07T13:07Z","53892.5","53946.5","53887.5","53935.5","2148304"
"2021-10-07T13:08Z","53935.5","53940","53915.5","53926","514974"
"2021-10-07T13:09Z","53926","53953","53926","53953","1583183"
"2021-10-07T13:10Z","53953","53991","53952.5","53991","1928803"
"2021-10-07T13:11Z","53991","54019.5","53990.5","54019","2116246"
"2021-10-07T13:12Z","54019","54033","54000.5","54033","733079"
"2021-10-07T13:13Z","54033","54033","53982.5","53992","631372"
"2021-10-07T13:14Z","53992","54028","53992","54027.5","413431"
"2021-10-07T13:15Z","54027.5","54087","54027.5","54066.5","3274174"
"2021-10-07T13:16Z","54066.5","54115","54066.5","54114.5","1880143"
"2021-10-07T13:17Z","54114.5","54173.5","54114.5","54133.5","5828442"
"2021-10-07T13:18Z","54133.5","54201.5","54133.5","54175.5","7728262"
"2021-10-07T13:19Z","54175.5","54176","54157.5","54164","1449548"
"2021-10-07T13:20Z","54164","54164","54138","54138","978309"
"2021-10-07T13:21Z","54138","54138.5","54130.5","54138","1787669"
"2021-10-07T13:22Z","54138","54180","54138","54180","1047671"
"2021-10-07T13:23Z","54180","54190","54180","54186.5","2999653"
"2021-10-07T13:24Z","54186.5","54187","54171","54185.5","864869"
"2021-10-07T13:25Z","54185.5","54186","54185.5","54186","553841"
"2021-10-07T13:26Z","54186","54186","54154.5","54154.5","1905852"
"2021-10-07T13:27Z","54154.5","54155","54123","54123","2587678"
"2021-10-07T13:28Z","54123","54123.5","54069.5","54069.5","3188155"
"2021-10-07T13:29Z","54069.5","54070","54069.5","54070","764804"
"2021-10-07T13:30Z","54070","54146","54069.5","54133","2980319"
"2021-10-07T13:31Z","54133","54236","54132.5","54235.5","4202175"
"2021-10-07T13:32Z","54235.5","54240","54232","54232.5","960383"
"2021-10-07T13:33Z","54232.5","54232.5","54164","54164","1851998"
"2021-10-07T13:34Z","54164","54240","54164","54239.5","1548545"
"2021-10-07T13:35Z","54239.5","54259","54239.5","54258.5","1173922"
"2021-10-07T13:36Z","54258.5","54259","54221","54221","2096377"
"2021-10-07T13:37Z","54221","54245.5","54200","54224","1446438"
"2021-10-07T13:38Z","54224","54246.5","54206","54227.5","544379"
"2021-10-07T13:39Z","54227.5","54235.5","54227.5","54235","2318651"
"2021-10-07T13:40Z","54235","54308","54235","54308","2433191"
"2021-10-07T13:41Z","54308","54339","54281.5","54339","2928855"
"2021-10-07T13:42Z","54339","54380","54335.5","54380","6119938"
"2021-10-07T13:43Z","54380","54510","54359","54487.5","10271246"
"2021-10-07T13:44Z","54487.5","54767.5","54473.5","54750.5","22662946"
"2021-10-07T13:45Z","54750.5","54751","54601","54640","10743945"
"2021-10-07T13:46Z","54640","54650","54503","54503","6124845"
"2021-10-07T13:47Z","54503","54575","54470.5","54472.5","6639947"
"2021-10-07T13:48Z","54472.5","54500","54460","54500","4551311"
"2021-10-07T13:49Z","54500","54503","54428.5","54428.5","2477731"
"2021-10-07T13:50Z","54428.5","54502","54428.5","54501.5","1805148"
"2021-10-07T13:51Z","54501.5","54540.5","54501.5","54540.5","2766022"
"2021-10-07T13:52Z","54540.5","54540.5","54461.5","54479","2404884"
"2021-10-07T13:53Z","54479","54550","54479","54549.5","1234176"
"2021-10-07T13:54Z","54549.5","54596.5","54549.5","54594.5","1605978"
"2021-10-07T13:55Z","54594.5","54676","54559.5","54667","6977982"
"2021-10-07T13:56Z","54667","54687","54636.5","54640","3641658"
"2021-10-07T13:57Z","54640","54640.5","54605.5","54606","1639920"
"2021-10-07T13:58Z","54606","54606","54605.5","54606","366550"
"2021-10-07T13:59Z","54606","54629","54605.5","54624.5","1442063"
"2021-10-07T14:00Z","54624.5","54669.5","54541.5","54541.5","3807646"
"2021-10-07T14:01Z","54541.5","54570.5","54541.5","54561.5","1186679"
"2021-10-07T14:02Z","54561.5","54561.5","54540","54540.5","471285"
"2021-10-07T14:03Z","54540.5","54540.5","54530","54537","1121329"
"2021-10-07T14:04Z","54537","54537","54456","54478","2673153"
"2021-10-07T14:05Z","54478","54655.5","54478","54655.5","4205048"
"2021-10-07T14:06Z","54655.5","54655.5","54617","54620","2518829"
"2021-10-07T14:07Z","54620","54620","54619.5","54620","330781"
"2021-10-07T14:08Z","54620","54620","54613.5","54614","956148"
"2021-10-07T14:09Z","54614","54614","54600","54600","409786"
"2021-10-07T14:10Z","54600","54600.5","54600","54600","343487"
"2021-10-07T14:11Z","54600","54650","54600","54649.5","1701930"
"2021-10-07T14:12Z","54649.5","54650","54585","54585","1131847"
"2021-10-07T14:13Z","54585","54589.5","54579","54589.5","1223849"
"2021-10-07T14:14Z","54589.5","54627","54589","54627","1671719"
"2021-10-07T14:15Z","54627","54627","54600","54600","760444"
"2021-10-07T14:16Z","54600","54654","54600","54653.5","943163"
"2021-10-07T14:17Z","54653.5","54710","54648","54709.5","3655981"
"2021-10-07T14:18Z","54709.5","54710","54652","54668.5","3144090"
"2021-10-07T14:19Z","54668.5","54713.5","54668.5","54713.5","1573179"
"2021-10-07T14:20Z","54713.5","54713.5","54637.5","54637.5","2296445"
"2021-10-07T14:21Z","54637.5","54645","54637.5","54644","921384"
"2021-10-07T14:22Z","54644","54644","54643","54643","378358"
"2021-10-07T14:23Z","54643","54643.5","54606","54606","1316520"
"2021-10-07T14:24Z","54606","54606.5","54556","54556","1445803"
"2021-10-07T14:25Z","54556","54556.5","54516","54516.5","4371142"
"2021-10-07T14:26Z","54516.5","54550","54516","54547.5","1882712"
"2021-10-07T14:27Z","54547.5","54547.5","54403.5","54417","14939826"
"2021-10-07T14:28Z","54417","54485.5","54416.5","54485","2531625"
"2021-10-07T14:29Z","54485","54486.5","54460","54486.5","1333237"
"2021-10-07T14:30Z","54486.5","54491","54486","54491","392479"
"2021-10-07T14:31Z","54491","54538","54490.5","54534","965085"
"2021-10-07T14:32Z","54534","54534","54485","54485","981304"
"2021-10-07T14:33Z","54485","54485.5","54357","54357.5","4237816"
"2021-10-07T14:34Z","54357.5","54357.5","54273.5","54300.5","7658714"
"2021-10-07T14:35Z","54300.5","54300.5","54160.5","54187.5","15721140"
"2021-10-07T14:36Z","54187.5","54223.5","53880","53880.5","35426188"
"2021-10-07T14:37Z","53880.5","53893.5","53460","53465.5","48370471"
"2021-10-07T14:38Z","53465.5","53686.5","53384.5","53647.5","26267004"
"2021-10-07T14:39Z","53647.5","53772","53647","53739","10893250"
"2021-10-07T14:40Z","53739","53777","53520","53520.5","13634148"
"2021-10-07T14:41Z","53520.5","53745","53504.5","53736.5","13975708"
"2021-10-07T14:42Z","53736.5","53894","53736.5","53830","11536371"
"2021-10-07T14:43Z","53830","53881","53752","53881","5787461"
"2021-10-07T14:44Z","53881","53922.5","53810","53922.5","7050948"
"2021-10-07T14:45Z","53922.5","54224","53900","54066.5","27129813"
"2021-10-07T14:46Z","54066.5","54201","54027.5","54187","8900492"
"2021-10-07T14:47Z","54187","54189","54092","54100","5296482"
"2021-10-07T14:48Z","54100","54100.5","53902.5","53946","7960963"
"2021-10-07T14:49Z","53946","54018","53934","53934","5403628"
"2021-10-07T14:50Z","53934","53951","53877","53885.5","3708895"
"2021-10-07T14:51Z","53885.5","53888","53829","53849.5","3143604"
"2021-10-07T14:52Z","53849.5","53849.5","53747.5","53761.5","8625715"
"2021-10-07T14:53Z","53761.5","53886","53761.5","53842.5","6141809"
"2021-10-07T14:54Z","53842.5","53842.5","53769.5","53769.5","2078372"
"2021-10-07T14:55Z","53769.5","53895","53769.5","53895","2216518"
"2021-10-07T14:56Z","53895","53907.5","53894.5","53907.5","2402220"
"2021-10-07T14:57Z","53907.5","53930.5","53903.5","53930.5","1860890"
"2021-10-07T14:58Z","53930.5","53930.5","53866.5","53867","2220011"
"2021-10-07T14:59Z","53867","53879","53835.5","53873.5","2751406"
"2021-10-07T15:00Z","53873.5","53873.5","53766","53795","2568773"
"2021-10-07T15:01Z","53795","53861.5","53723","53861.5","2740027"
"2021-10-07T15:02Z","53861.5","53919.5","53861","53905","4867590"
"2021-10-07T15:03Z","53905","53934","53905","53934","2223265"
"2021-10-07T15:04Z","53934","53934","53933","53933.5","982282"
"2021-10-07T15:05Z","53933.5","53933.5","53784.5","53800","4076515"
"2021-10-07T15:06Z","53800","53881.5","53799.5","53881.5","1634764"
"2021-10-07T15:07Z","53881.5","53885","53863","53863","1085204"
"2021-10-07T15:08Z","53863","53885","53840.5","53884.5","1238632"
"2021-10-07T15:09Z","53884.5","53930","53884.5","53924","1545147"
"2021-10-07T15:10Z","53924","53924","53892","53899.5","1776249"
"2021-10-07T15:11Z","53899.5","53900","53890","53890","861556"
"2021-10-07T15:12Z","53890","53902","53890","53902","627558"
"2021-10-07T15:13Z","53902","53902","53888","53899.5","438848"
"2021-10-07T15:14Z","53899.5","53929","53899.5","53929","548728"
"2021-10-07T15:15Z","53929","54026","53928.5","54026","8172505"
"2021-10-07T15:16Z","54026","54063.5","54025.5","54063.5","2612844"
"2021-10-07T15:17Z","54063.5","54066","54025","54042","1926266"
"2021-10-07T15:18Z","54042","54042","54030.5","54041.5","1272164"
"2021-10-07T15:19Z","54041.5","54073","54041.5","54073","814768"
"2021-10-07T15:20Z","54073","54125.5","54072.5","54125.5","3520636"
"2021-10-07T15:21Z","54125.5","54125.5","54125","54125","1419391"
"2021-10-07T15:22Z","54125","54247","54125","54153","13988348"
"2021-10-07T15:23Z","54153","54153","54059","54099.5","4246953"
"2021-10-07T15:24Z","54099.5","54133","54097.5","54133","1845094"
"2021-10-07T15:25Z","54133","54133","54086","54086","583144"
"2021-10-07T15:26Z","54086","54086.5","54076","54076.5","1028176"
"2021-10-07T15:27Z","54076.5","54076.5","54032.5","54033","1536626"
"2021-10-07T15:28Z","54033","54033","54021","54021.5","1139866"
"2021-10-07T15:29Z","54021.5","54023.5","54010","54010","1320475"
"2021-10-07T15:30Z","54010","54010.5","54010","54010","983500"
"2021-10-07T15:31Z","54010","54048","54010","54048","1137140"
"2021-10-07T15:32Z","54048","54078","54047.5","54078","1078769"
"2021-10-07T15:33Z","54078","54078","54067.5","54067.5","379704"
"2021-10-07T15:34Z","54067.5","54104.5","54067.5","54104","401581"
"2021-10-07T15:35Z","54104","54104.5","54081.5","54082","649555"
"2021-10-07T15:36Z","54082","54082","54081.5","54081.5","617216"
"2021-10-07T15:37Z","54081.5","54093.5","54076","54093.5","354350"
"2021-10-07T15:38Z","54093.5","54120.5","54093","54120","1356398"
"2021-10-07T15:39Z","54120","54120.5","54110","54110","534907"
"2021-10-07T15:40Z","54110","54110.5","54074","54074","1297737"
"2021-10-07T15:41Z","54074","54095.5","54074","54095.5","196547"
"2021-10-07T15:42Z","54095.5","54095.5","54052","54052","469754"
"2021-10-07T15:43Z","54052","54052.5","53998.5","54020","1430960"
"2021-10-07T15:44Z","54020","54050","54019.5","54034","3381162"
"2021-10-07T15:45Z","54034","54124.5","54030.5","54124.5","1091803"
"2021-10-07T15:46Z","54124.5","54200","54124.5","54200","3397361"
"2021-10-07T15:47Z","54200","54200","54116","54117.5","1284544"
"2021-10-07T15:48Z","54117.5","54118.5","54105","54105.5","292728"
"2021-10-07T15:49Z","54105.5","54105.5","54095","54097.5","1387719"
"2021-10-07T15:50Z","54097.5","54100.5","54095","54095","436287"
"2021-10-07T15:51Z","54095","54095.5","54050","54050","915939"
"2021-10-07T15:52Z","54050","54050.5","53928","53991.5","6927074"
"2021-10-07T15:53Z","53991.5","53991.5","53934.5","53935","733248"
"2021-10-07T15:54Z","53935","53971.5","53928","53971","1926707"
"2021-10-07T15:55Z","53971","53981.5","53865.5","53899.5","4348630"
"2021-10-07T15:56Z","53899.5","53950","53899.5","53949.5","749002"
"2021-10-07T15:57Z","53949.5","53960","53897.5","53897.5","1581227"
"2021-10-07T15:58Z","53897.5","53933","53895","53895.5","509307"
"2021-10-07T15:59Z","53895.5","53951.5","53895","53951.5","1592436"
"2021-10-07T16:00Z","53951.5","53952","53898","53933","1966068"
"2021-10-07T16:01Z","53933","53975.5","53932.5","53975.5","2503679"
"2021-10-07T16:02Z","53975.5","53979.5","53869","53959","3188551"
"2021-10-07T16:03Z","53959","53959","53916.5","53933.5","1135585"
"2021-10-07T16:04Z","53933.5","53934","53851","53851","1070153"
"2021-10-07T16:05Z","53851","53871","53847.5","53848.5","2840280"
"2021-10-07T16:06Z","53848.5","53885","53836","53836.5","747518"
"2021-10-07T16:07Z","53836.5","53836.5","53742","53783.5","2966478"
"2021-10-07T16:08Z","53783.5","53840.5","53783.5","53840.5","2393391"
"2021-10-07T16:09Z","53840.5","53840.5","53768","53768.5","1256284"
"2021-10-07T16:10Z","53768.5","53800","53768.5","53789","741945"
"2021-10-07T16:11Z","53789","53789","53648.5","53698.5","6848131"
"2021-10-07T16:12Z","53698.5","53698.5","53633","53660","5919255"
"2021-10-07T16:13Z","53660","53660","53474.5","53583.5","18678852"
"2021-10-07T16:14Z","53583.5","53707","53583.5","53707","10379083"
"2021-10-07T16:15Z","53707","53747.5","53697","53747.5","5244025"
"2021-10-07T16:16Z","53747.5","53756.5","53716.5","53750","3257852"
"2021-10-07T16:17Z","53750","53750","53612","53649.5","4723919"
"2021-10-07T16:18Z","53649.5","53657","53640","53640.5","373145"
"2021-10-07T16:19Z","53640.5","53732","53640","53731.5","1719698"
"2021-10-07T16:20Z","53731.5","53755","53731.5","53732","1039781"
"2021-10-07T16:21Z","53732","53779.5","53732","53779.5","1274723"
"2021-10-07T16:22Z","53779.5","53805","53778","53778.5","1940159"
"2021-10-07T16:23Z","53778.5","53806.5","53778","53802.5","1522725"
"2021-10-07T16:24Z","53802.5","53863.5","53802","53863.5","1981493"
"2021-10-07T16:25Z","53863.5","53935","53863","53935","2201144"
"2021-10-07T16:26Z","53935","53935","53905","53906","1594929"
"2021-10-07T16:27Z","53906","53944","53906","53943.5","3023826"
"2021-10-07T16:28Z","53943.5","53963.5","53943.5","53963.5","700570"
"2021-10-07T16:29Z","53963.5","54022.5","53963.5","54022.5","5479953"
"2021-10-07T16:30Z","54022.5","54100","54022","54100","8703881"
"2021-10-07T16:31Z","54100","54100","53982","53982","4123240"
"2021-10-07T16:32Z","53982","53982.5","53932","53932.5","1811254"
"2021-10-07T16:33Z","53932.5","53971","53932","53971","567760"
"2021-10-07T16:34Z","53971","54058.5","53971","54010.5","3522822"
"2021-10-07T16:35Z","54010.5","54058","54010.5","54056.5","1155589"
"2021-10-07T16:36Z","54056.5","54056.5","54021","54021","228880"
"2021-10-07T16:37Z","54021","54128","54021","54115","4685636"
"2021-10-07T16:38Z","54115","54144","54081.5","54082","1157906"
"2021-10-07T16:39Z","54082","54181","54080","54179","4794394"
"2021-10-07T16:40Z","54179","54179","54127.5","54169.5","2096802"
"2021-10-07T16:41Z","54169.5","54169.5","54095","54095","1568549"
"2021-10-07T16:42Z","54095","54109","54073.5","54074.5","824277"
"2021-10-07T16:43Z","54074.5","54089","54074.5","54076.5","654422"
"2021-10-07T16:44Z","54076.5","54076.5","54076","54076.5","225565"
"2021-10-07T16:45Z","54076.5","54127","54076","54125","860498"
"2021-10-07T16:46Z","54125","54125","54105","54105.5","2340592"
"2021-10-07T16:47Z","54105.5","54105.5","54097.5","54098","1444653"
"2021-10-07T16:48Z","54098","54098","54090","54090.5","1464651"
"2021-10-07T16:49Z","54090.5","54095","54081","54094.5","454823"
"2021-10-07T16:50Z","54094.5","54095","54094.5","54095","134798"
"2021-10-07T16:51Z","54095","54095","54094.5","54095","1533495"
"2021-10-07T16:52Z","54095","54095","54065.5","54065.5","847480"
"2021-10-07T16:53Z","54065.5","54066","54065.5","54065.5","1480596"
"2021-10-07T16:54Z","54065.5","54355.5","54065.5","54316.5","17743068"
"2021-10-07T16:55Z","54316.5","54316.5","54206","54206","3457421"
"2021-10-07T16:56Z","54206","54212.5","54185.5","54185.5","2741369"
"2021-10-07T16:57Z","54185.5","54185.5","54140.5","54168.5","4900562"
"2021-10-07T16:58Z","54168.5","54198","54168.5","54197.5","978456"
"2021-10-07T16:59Z","54197.5","54206.5","54197.5","54206.5","863960"
"2021-10-07T17:00Z","54206.5","54206.5","54180","54180","1692233"
"2021-10-07T17:01Z","54180","54180.5","54180","54180","281459"
"2021-10-07T17:02Z","54180","54180.5","54168.5","54169","932573"
"2021-10-07T17:03Z","54169","54203.5","54168.5","54203","267380"
"2021-10-07T17:04Z","54203","54333","54203","54312","6003467"
"2021-10-07T17:05Z","54312","54353","54312","54331","12318037"
"2021-10-07T17:06Z","54331","54367","54268","54366.5","13691303"
"2021-10-07T17:07Z","54366.5","54367","54285.5","54296","3860055"
"2021-10-07T17:08Z","54296","54296","54289","54289","277429"
"2021-10-07T17:09Z","54289","54289.5","54284.5","54285.5","428138"
"2021-10-07T17:10Z","54285.5","54291.5","54285.5","54286.5","583823"
"2021-10-07T17:11Z","54286.5","54287","54286","54286.5","478084"
"2021-10-07T17:12Z","54286.5","54304.5","54286.5","54304","529278"
"2021-10-07T17:13Z","54304","54314","54304","54314","260703"
"2021-10-07T17:14Z","54314","54331","54290","54331","5570110"
"2021-10-07T17:15Z","54331","54331","54330.5","54331","1770826"
"2021-10-07T17:16Z","54331","54331","54275","54291","4269272"
"2021-10-07T17:17Z","54291","54291.5","54280.5","54281","982507"
"2021-10-07T17:18Z","54281","54283","54281","54283","219649"
"2021-10-07T17:19Z","54283","54283","54225","54226","1713345"
"2021-10-07T17:20Z","54226","54253","54226","54253","645573"
"2021-10-07T17:21Z","54253","54253","54198","54230","2226421"
"2021-10-07T17:22Z","54230","54230","54223.5","54230","301038"
"2021-10-07T17:23Z","54230","54230","54202.5","54203","358233"
"2021-10-07T17:24Z","54203","54224","54202.5","54223.5","1160056"
"2021-10-07T17:25Z","54223.5","54224","54137","54149.5","3197452"
"2021-10-07T17:26Z","54149.5","54248","54149.5","54248","2302403"
"2021-10-07T17:27Z","54248","54298","54247.5","54282.5","6151240"
"2021-10-07T17:28Z","54282.5","54282.5","54261","54277.5","810319"
"2021-10-07T17:29Z","54277.5","54277.5","54226","54226","1277509"
"2021-10-07T17:30Z","54226","54243","54221.5","54221.5","434729"
"2021-10-07T17:31Z","54221.5","54221.5","54160","54160","2646620"
"2021-10-07T17:32Z","54160","54170.5","54160","54170","546329"
"2021-10-07T17:33Z","54170","54180","54170","54179.5","429893"
"2021-10-07T17:34Z","54179.5","54180","54144.5","54144.5","1381809"
"2021-10-07T17:35Z","54144.5","54158","54128.5","54129","1881301"
"2021-10-07T17:36Z","54129","54139.5","54128","54139","771950"
"2021-10-07T17:37Z","54139","54251.5","54139","54208","6916665"
"2021-10-07T17:38Z","54208","54250","54208","54250","1541102"
"2021-10-07T17:39Z","54250","54300","54226","54300","2075826"
"2021-10-07T17:40Z","54300","54300","54299.5","54300","257841"
"2021-10-07T17:41Z","54300","54350","54279.5","54279.5","3315104"
"2021-10-07T17:42Z","54279.5","54301","54270","54289.5","1510371"
"2021-10-07T17:43Z","54289.5","54290","54279.5","54279.5","238380"
"2021-10-07T17:44Z","54279.5","54323","54279.5","54323","843977"
"2021-10-07T17:45Z","54323","54369.5","54322.5","54324.5","4492614"
"2021-10-07T17:46Z","54324.5","54325","54290","54290","2408848"
"2021-10-07T17:47Z","54290","54290.5","54255","54255","4220251"
"2021-10-07T17:48Z","54255","54255","54224","54224","7551991"
"2021-10-07T17:49Z","54224","54224","54185","54185.5","1356780"
"2021-10-07T17:50Z","54185.5","54204","54160","54196.5","2831268"
"2021-10-07T17:51Z","54196.5","54304","54196","54301","7210984"
"2021-10-07T17:52Z","54301","54312.5","54300.5","54312.5","761768"
"2021-10-07T17:53Z","54312.5","54333","54312","54333","1970770"
"2021-10-07T17:54Z","54333","54333","54317","54317","547415"
"2021-10-07T17:55Z","54317","54325","54300.5","54303","564445"
"2021-10-07T17:56Z","54303","54303.5","54276","54276.5","322822"
"2021-10-07T17:57Z","54276.5","54276.5","54246.5","54246.5","551225"
"2021-10-07T17:58Z","54246.5","54247","54246.5","54247","31608"
"2021-10-07T17:59Z","54247","54247","54228","54245.5","1068494"
"2021-10-07T18:00Z","54245.5","54273.5","54245","54273.5","2169453"
"2021-10-07T18:01Z","54273.5","54273.5","54199.5","54199.5","3878364"
"2021-10-07T18:02Z","54199.5","54249","54199.5","54213.5","4558509"
"2021-10-07T18:03Z","54213.5","54215","54120","54134.5","3020460"
"2021-10-07T18:04Z","54134.5","54135","54050","54050.5","5823175"
"2021-10-07T18:05Z","54050.5","54134.5","54050","54134","4442310"
"2021-10-07T18:06Z","54134","54142","54134","54141.5","712217"
"2021-10-07T18:07Z","54141.5","54142","54095.5","54095.5","516652"
"2021-10-07T18:08Z","54095.5","54096","54090","54090.5","389929"
"2021-10-07T18:09Z","54090.5","54104","54090","54103.5","937387"
"2021-10-07T18:10Z","54103.5","54116","54103.5","54115.5","773216"
"2021-10-07T18:11Z","54115.5","54148.5","54115.5","54130","1094517"
"2021-10-07T18:12Z","54130","54136","54111","54136","839146"
"2021-10-07T18:13Z","54136","54142","54135.5","54141.5","330748"
"2021-10-07T18:14Z","54141.5","54142","54103","54106.5","1213296"
"2021-10-07T18:15Z","54106.5","54182","54106.5","54181.5","662880"
"2021-10-07T18:16Z","54181.5","54182","54085","54085.5","549820"
"2021-10-07T18:17Z","54085.5","54101.5","54085","54101.5","1060973"
"2021-10-07T18:18Z","54101.5","54119.5","54101","54119","246593"
"2021-10-07T18:19Z","54119","54120","54119","54120","18281"
"2021-10-07T18:20Z","54120","54120","54042","54047.5","4598914"
"2021-10-07T18:21Z","54047.5","54112.5","54047","54112.5","1986584"
"2021-10-07T18:22Z","54112.5","54135","54112","54131.5","96303"
"2021-10-07T18:23Z","54131.5","54157.5","54131.5","54135","3139699"
"2021-10-07T18:24Z","54135","54135.5","54084","54099","945496"
"2021-10-07T18:25Z","54099","54099","54098.5","54098.5","115814"
"2021-10-07T18:26Z","54098.5","54099","54081","54081","561718"
"2021-10-07T18:27Z","54081","54081.5","54074","54081","480600"
"2021-10-07T18:28Z","54081","54081","54052","54052","2156192"
"2021-10-07T18:29Z","54052","54075","54052","54074.5","478700"
"2021-10-07T18:30Z","54074.5","54150","54074.5","54146.5","645858"
"2021-10-07T18:31Z","54146.5","54146.5","54141.5","54141.5","429863"
"2021-10-07T18:32Z","54141.5","54141.5","54107","54107","995364"
"2021-10-07T18:33Z","54107","54107.5","54070","54070","1062876"
"2021-10-07T18:34Z","54070","54070.5","54070","54070","706158"
"2021-10-07T18:35Z","54070","54070.5","54070","54070.5","272440"
"2021-10-07T18:36Z","54070.5","54070.5","54023","54024","1373290"
"2021-10-07T18:37Z","54024","54069.5","54023.5","54069.5","3801444"
"2021-10-07T18:38Z","54069.5","54069.5","54044.5","54044.5","299500"
"2021-10-07T18:39Z","54044.5","54045","54031.5","54032","405764"
"2021-10-07T18:40Z","54032","54032","54031.5","54032","461688"
"2021-10-07T18:41Z","54032","54032","54000","54000","2480588"
"2021-10-07T18:42Z","54000","54000.5","53981","53981","1560202"
"2021-10-07T18:43Z","53981","53981.5","53971.5","53972","1165410"
"2021-10-07T18:44Z","53972","53972","53913","53926","2440005"
"2021-10-07T18:45Z","53926","53980","53918.5","53959.5","1588064"
"2021-10-07T18:46Z","53959.5","53969.5","53951","53951","483296"
"2021-10-07T18:47Z","53951","53952","53951","53952","694428"
"2021-10-07T18:48Z","53952","53985","53951.5","53984.5","1115247"
"2021-10-07T18:49Z","53984.5","54024.5","53984.5","54024","593779"
"2021-10-07T18:50Z","54024","54024.5","54024","54024","411778"
"2021-10-07T18:51Z","54024","54024.5","54024","54024.5","246131"
"2021-10-07T18:52Z","54024.5","54040.5","54024","54040.5","446688"
"2021-10-07T18:53Z","54040.5","54041","54040.5","54041","45136"
"2021-10-07T18:54Z","54041","54041.5","54040.5","54041.5","350441"
"2021-10-07T18:55Z","54041.5","54041.5","54040.5","54040.5","789117"
"2021-10-07T18:56Z","54040.5","54041","54040.5","54040.5","787403"
"2021-10-07T18:57Z","54040.5","54041","54018.5","54018.5","497000"
"2021-10-07T18:58Z","54018.5","54019","54012","54012","249404"
"2021-10-07T18:59Z","54012","54012.5","54000","54000.5","290920"
"2021-10-07T19:00Z","54000.5","54049.5","54000","54044.5","722510"
"2021-10-07T19:01Z","54044.5","54077.5","54044.5","54077","656640"
"2021-10-07T19:02Z","54077","54084.5","54077","54084.5","321113"
"2021-10-07T19:03Z","54084.5","54100","54084","54099.5","345634"
"2021-10-07T19:04Z","54099.5","54100","54099.5","54099.5","1051991"
"2021-10-07T19:05Z","54099.5","54100","54099.5","54100","184664"
"2021-10-07T19:06Z","54100","54100","54099.5","54099.5","90640"
"2021-10-07T19:07Z","54099.5","54126","54099.5","54126","695429"
"2021-10-07T19:08Z","54126","54126","54099","54099","824738"
"2021-10-07T19:09Z","54099","54099","53967.5","53967.5","4966180"
"2021-10-07T19:10Z","53967.5","53982.5","53959","53982.5","2293207"
"2021-10-07T19:11Z","53982.5","54015.5","53982","54015.5","457194"
"2021-10-07T19:12Z","54015.5","54015.5","53982","53982","432488"
"2021-10-07T19:13Z","53982","54026","53982","54025.5","2211558"
"2021-10-07T19:14Z","54025.5","54049.5","54025.5","54049.5","300621"
"2021-10-07T19:15Z","54049.5","54057.5","54049","54057.5","139870"
"2021-10-07T19:16Z","54057.5","54096","54057","54095.5","583403"
"2021-10-07T19:17Z","54095.5","54100","54095.5","54100","2114731"
"2021-10-07T19:18Z","54100","54150","54100","54150","1982981"
"2021-10-07T19:19Z","54150","54221","54150","54220.5","3786603"
"2021-10-07T19:20Z","54220.5","54221","54204","54204.5","523802"
"2021-10-07T19:21Z","54204.5","54218.5","54204","54218.5","414070"
"2021-10-07T19:22Z","54218.5","54218.5","54204.5","54210","1254208"
"2021-10-07T19:23Z","54210","54210.5","54188.5","54199","2241268"
"2021-10-07T19:24Z","54199","54199","54198","54198.5","466787"
"2021-10-07T19:25Z","54198.5","54198.5","54161","54161","661087"
"2021-10-07T19:26Z","54161","54161","54150","54150.5","426432"
"2021-10-07T19:27Z","54150.5","54150.5","54120.5","54121","316590"
"2021-10-07T19:28Z","54121","54121","54120.5","54120.5","87607"
"2021-10-07T19:29Z","54120.5","54161.5","54120.5","54161.5","233354"
"2021-10-07T19:30Z","54161.5","54178.5","54161","54178.5","646580"
"2021-10-07T19:31Z","54178.5","54191.5","54161","54161.5","605098"
"2021-10-07T19:32Z","54161.5","54161.5","54129.5","54130","138149"
"2021-10-07T19:33Z","54130","54130","54129.5","54129.5","112251"
"2021-10-07T19:34Z","54129.5","54129.5","54096","54106.5","323853"
"2021-10-07T19:35Z","54106.5","54130","54106.5","54123.5","190091"
"2021-10-07T19:36Z","54123.5","54123.5","54109.5","54109.5","116141"
"2021-10-07T19:37Z","54109.5","54140","54107.5","54139.5","335373"
"2021-10-07T19:38Z","54139.5","54190.5","54139.5","54190","885467"
"2021-10-07T19:39Z","54190","54190.5","54169.5","54169.5","347420"
"2021-10-07T19:40Z","54169.5","54170","54142.5","54150.5","180166"
"2021-10-07T19:41Z","54150.5","54150.5","54142","54142","176132"
"2021-10-07T19:42Z","54142","54142.5","54142","54142","63426"
"2021-10-07T19:43Z","54142","54149.5","54142","54149.5","334567"
"2021-10-07T19:44Z","54149.5","54167","54137.5","54138","420451"
"2021-10-07T19:45Z","54138","54138","54112","54112","362413"
"2021-10-07T19:46Z","54112","54112.5","54112","54112.5","61735"
"2021-10-07T19:47Z","54112.5","54112.5","54095","54095","336211"
"2021-10-07T19:48Z","54095","54095.5","54086","54086","261827"
"2021-10-07T19:49Z","54086","54086.5","54086","54086.5","111425"
"2021-10-07T19:50Z","54086.5","54107.5","54086","54099","620295"
"2021-10-07T19:51Z","54099","54099","54081.5","54082","182945"
"2021-10-07T19:52Z","54082","54082","54081.5","54082","21533"
"2021-10-07T19:53Z","54082","54082","54081.5","54081.5","298712"
"2021-10-07T19:54Z","54081.5","54082","54072.5","54072.5","221846"
"2021-10-07T19:55Z","54072.5","54073","54072.5","54072.5","36366"
"2021-10-07T19:56Z","54072.5","54073","54025","54025.5","1919536"
"2021-10-07T19:57Z","54025.5","54025.5","53951.5","53971","3839368"
"2021-10-07T19:58Z","53971","53985","53971","53984.5","350902"
"2021-10-07T19:59Z","53984.5","54033.5","53984.5","54033.5","997826"
"2021-10-07T20:00Z","54033.5","54050.5","54033","54050.5","940173"
"2021-10-07T20:01Z","54050.5","54070","54050.5","54069.5","280712"
"2021-10-07T20:02Z","54069.5","54070","54054.5","54055.5","180102"
"2021-10-07T20:03Z","54055.5","54072","54055","54071.5","408990"
"2021-10-07T20:04Z","54071.5","54094","54071.5","54094","1294819"
"2021-10-07T20:05Z","54094","54099.5","54093.5","54099.5","327587"
"2021-10-07T20:06Z","54099.5","54099.5","54076.5","54076.5","461758"
"2021-10-07T20:07Z","54076.5","54077","54006.5","54006.5","657827"
"2021-10-07T20:08Z","54006.5","54035.5","54006","54035.5","887024"
"2021-10-07T20:09Z","54035.5","54050.5","54035.5","54050","303667"
"2021-10-07T20:10Z","54050","54050.5","54027.5","54028","198361"
"2021-10-07T20:11Z","54028","54028","54018.5","54018.5","170957"
"2021-10-07T20:12Z","54018.5","54019","54010","54010.5","258530"
"2021-10-07T20:13Z","54010.5","54010.5","53986","53992","2662097"
"2021-10-07T20:14Z","53992","54010","53991.5","54009.5","2302607"
"2021-10-07T20:15Z","54009.5","54010","54009.5","54009.5","238971"
"2021-10-07T20:16Z","54009.5","54018","54009.5","54018","178534"
"2021-10-07T20:17Z","54018","54018","54017.5","54018","206513"
"2021-10-07T20:18Z","54018","54051.5","54017.5","54051","1857270"
"2021-10-07T20:19Z","54051","54118.5","54051","54118.5","2233646"
"2021-10-07T20:20Z","54118.5","54199.5","54118.5","54199.5","5547000"
"2021-10-07T20:21Z","54199.5","54225","54199","54225","2648056"
"2021-10-07T20:22Z","54225","54225","54169","54207","3827404"
"2021-10-07T20:23Z","54207","54222.5","54206.5","54222","402420"
"2021-10-07T20:24Z","54222","54222.5","54222","54222","222318"
"2021-10-07T20:25Z","54222","54255","54222","54255","1314667"
"2021-10-07T20:26Z","54255","54304","54254.5","54304","2340301"
"2021-10-07T20:27Z","54304","54313","54280","54280.5","1731106"
"2021-10-07T20:28Z","54280.5","54288.5","54280","54288","822891"
"2021-10-07T20:29Z","54288","54288.5","54288","54288.5","452367"
"2021-10-07T20:30Z","54288.5","54288.5","54265","54265","575866"
"2021-10-07T20:31Z","54265","54265.5","54237","54246","743283"
"2021-10-07T20:32Z","54246","54246","54245.5","54246","314506"
"2021-10-07T20:33Z","54246","54246","54199.5","54215","686025"
"2021-10-07T20:34Z","54215","54215","54214.5","54214.5","136542"
"2021-10-07T20:35Z","54214.5","54240","54214.5","54240","376704"
"2021-10-07T20:36Z","54240","54242","54214.5","54241.5","550209"
"2021-10-07T20:37Z","54241.5","54242","54233","54233.5","104122"
"2021-10-07T20:38Z","54233.5","54233.5","54233","54233.5","153832"
"2021-10-07T20:39Z","54233.5","54250","54233","54250","989461"
"2021-10-07T20:40Z","54250","54290","54250","54290","1493309"
"2021-10-07T20:41Z","54290","54290","54285.5","54286","2398185"
"2021-10-07T20:42Z","54286","54286","54285.5","54285.5","221778"
"2021-10-07T20:43Z","54285.5","54286","54285.5","54286","219298"
"2021-10-07T20:44Z","54286","54286","54285.5","54285.5","132282"
"2021-10-07T20:45Z","54285.5","54286","54285.5","54286","251589"
"2021-10-07T20:46Z","54286","54286","54285.5","54286","720364"
"2021-10-07T20:47Z","54286","54286","54255","54255.5","1472031"
"2021-10-07T20:48Z","54255.5","54255.5","54255","54255.5","22819"
"2021-10-07T20:49Z","54255.5","54255.5","54255","54255","23875"
"2021-10-07T20:50Z","54255","54255.5","54202","54202","1979929"
"2021-10-07T20:51Z","54202","54212.5","54202","54212","166418"
"2021-10-07T20:52Z","54212","54240","54212","54240","188611"
"2021-10-07T20:53Z","54240","54240","54232.5","54232.5","257938"
"2021-10-07T20:54Z","54232.5","54250","54232.5","54250","96842"
"2021-10-07T20:55Z","54250","54400","54237","54345","6910085"
"2021-10-07T20:56Z","54345","54345","54225","54225.5","1152529"
"2021-10-07T20:57Z","54225.5","54236.5","54225","54236","566433"
"2021-10-07T20:58Z","54236","54269.5","54236","54268","895294"
"2021-10-07T20:59Z","54268","54269.5","54235","54235.5","999258"
"2021-10-07T21:00Z","54235.5","54235.5","54220","54220.5","768208"
"2021-10-07T21:01Z","54220.5","54220.5","54214.5","54214.5","456931"
"2021-10-07T21:02Z","54214.5","54215","54154.5","54199.5","3832519"
"2021-10-07T21:03Z","54199.5","54236","54199","54235.5","1523448"
"2021-10-07T21:04Z","54235.5","54296.5","54235.5","54294.5","2423860"
"2021-10-07T21:05Z","54294.5","54294.5","54264.5","54268.5","1313816"
"2021-10-07T21:06Z","54268.5","54286.5","54268.5","54285","645962"
"2021-10-07T21:07Z","54285","54314.5","54284.5","54305.5","1095395"
"2021-10-07T21:08Z","54305.5","54305.5","54305","54305.5","261185"
"2021-10-07T21:09Z","54305.5","54342.5","54305","54342","1998353"
"2021-10-07T21:10Z","54342","54342.5","54315.5","54315.5","337435"
"2021-10-07T21:11Z","54315.5","54316","54315.5","54315.5","109420"
"2021-10-07T21:12Z","54315.5","54337","54315.5","54337","1715194"
"2021-10-07T21:13Z","54337","54337","54315.5","54325","1202611"
"2021-10-07T21:14Z","54325","54334.5","54324.5","54334","255450"
"2021-10-07T21:15Z","54334","54334.5","54318.5","54319","1599957"
"2021-10-07T21:16Z","54319","54400","54318.5","54388.5","1481348"
"2021-10-07T21:17Z","54388.5","54388.5","54364","54379.5","841906"
"2021-10-07T21:18Z","54379.5","54379.5","54350","54350","955707"
"2021-10-07T21:19Z","54350","54350.5","54350","54350.5","319574"
"2021-10-07T21:20Z","54350.5","54350.5","54350","54350","226413"
"2021-10-07T21:21Z","54350","54393","54350","54393","1170709"
"2021-10-07T21:22Z","54393","54393","54392.5","54392.5","280834"
"2021-10-07T21:23Z","54392.5","54393","54392.5","54392.5","520837"
"2021-10-07T21:24Z","54392.5","54393","54392.5","54392.5","1037846"
"2021-10-07T21:25Z","54392.5","54393","54392.5","54393","437704"
"2021-10-07T21:26Z","54393","54393","54363","54363","1479099"
"2021-10-07T21:27Z","54363","54363.5","54363","54363.5","114963"
"2021-10-07T21:28Z","54363.5","54473.5","54363","54459","7967392"
"2021-10-07T21:29Z","54459","54459","54447","54456","1128468"
"2021-10-07T21:30Z","54456","54478.5","54456","54478","2888771"
"2021-10-07T21:31Z","54478","54496","54478","54496","1419425"
"2021-10-07T21:32Z","54496","54546.5","54496","54531","5397379"
"2021-10-07T21:33Z","54531","54531.5","54531","54531","422018"
"2021-10-07T21:34Z","54531","54538","54531","54537.5","5994624"
"2021-10-07T21:35Z","54537.5","54538","54537.5","54538","368083"
"2021-10-07T21:36Z","54538","54538","54537.5","54537.5","436518"
"2021-10-07T21:37Z","54537.5","54538","54537.5","54538","638688"
"2021-10-07T21:38Z","54538","54538","54537.5","54537.5","1621046"
"2021-10-07T21:39Z","54537.5","54538","54537.5","54538","621591"
"2021-10-07T21:40Z","54538","54554","54537.5","54554","887223"
"2021-10-07T21:41Z","54554","54554.5","54553.5","54554","280695"
"2021-10-07T21:42Z","54554","54554.5","54554","54554","96147"
"2021-10-07T21:43Z","54554","54554.5","54554","54554","386531"
"2021-10-07T21:44Z","54554","54554.5","54554","54554.5","213892"
"2021-10-07T21:45Z","54554.5","54554.5","54535","54535.5","4624732"
"2021-10-07T21:46Z","54535.5","54535.5","54501.5","54501.5","2242074"
"2021-10-07T21:47Z","54501.5","54502","54407","54407","4325505"
"2021-10-07T21:48Z","54407","54407.5","54362","54362","2070233"
"2021-10-07T21:49Z","54362","54385.5","54362","54385","1607400"
"2021-10-07T21:50Z","54385","54392.5","54385","54392","1403802"
"2021-10-07T21:51Z","54392","54398.5","54392","54398.5","683932"
"2021-10-07T21:52Z","54398.5","54398.5","54363","54381","2009432"
"2021-10-07T21:53Z","54381","54381.5","54360","54360.5","1165056"
"2021-10-07T21:54Z","54360.5","54360.5","54258.5","54294.5","7828444"
"2021-10-07T21:55Z","54294.5","54339","54294.5","54339","2500925"
"2021-10-07T21:56Z","54339","54339","54338.5","54338.5","1413902"
"2021-10-07T21:57Z","54338.5","54362","54338.5","54362","1357211"
"2021-10-07T21:58Z","54362","54362","54294.5","54294.5","1872862"
"2021-10-07T21:59Z","54294.5","54331","54294.5","54330.5","554743"
"2021-10-07T22:00Z","54330.5","54379.5","54330.5","54379.5","886367"
"2021-10-07T22:01Z","54379.5","54379.5","54264","54269.5","2216625"
"2021-10-07T22:02Z","54269.5","54270","54260","54270","2211202"
"2021-10-07T22:03Z","54270","54282.5","54269.5","54282.5","1493358"
"2021-10-07T22:04Z","54282.5","54282.5","54175.5","54257","11223403"
"2021-10-07T22:05Z","54257","54257","54256","54256","393538"
"2021-10-07T22:06Z","54256","54256.5","54189","54208.5","3036639"
"2021-10-07T22:07Z","54208.5","54280","54155","54280","12590817"
"2021-10-07T22:08Z","54280","54539.5","54279.5","54535.5","19707381"
"2021-10-07T22:09Z","54535.5","54667.5","54447","54447","15660418"
"2021-10-07T22:10Z","54447","54447.5","54258.5","54259","8335520"
"2021-10-07T22:11Z","54259","54259","54130","54130","26136206"
"2021-10-07T22:12Z","54130","54130.5","54000","54000","23064479"
"2021-10-07T22:13Z","54000","54100.5","54000","54065.5","5239842"
"2021-10-07T22:14Z","54065.5","54102","54025.5","54061","1748523"
"2021-10-07T22:15Z","54061","54104.5","54061","54104.5","1800239"
"2021-10-07T22:16Z","54104.5","54119.5","54104","54119.5","468335"
"2021-10-07T22:17Z","54119.5","54119.5","54043","54043","1005606"
"2021-10-07T22:18Z","54043","54043.5","54000","54002.5","2404893"
"2021-10-07T22:19Z","54002.5","54002.5","53922","53923.5","5160758"
"2021-10-07T22:20Z","53923.5","53923.5","53868.5","53869.5","7741952"
"2021-10-07T22:21Z","53869.5","53917.5","53869","53883.5","8097997"
"2021-10-07T22:22Z","53883.5","53898.5","53862","53898.5","3888272"
"2021-10-07T22:23Z","53898.5","53937.5","53898","53937","4150764"
"2021-10-07T22:24Z","53937","53961","53917","53935","6247221"
"2021-10-07T22:25Z","53935","53980.5","53934.5","53980.5","3029348"
"2021-10-07T22:26Z","53980.5","53980.5","53980","53980.5","679324"
"2021-10-07T22:27Z","53980.5","54002.5","53980","54002","1319710"
"2021-10-07T22:28Z","54002","54002.5","54002","54002.5","955759"
"2021-10-07T22:29Z","54002.5","54002.5","53904.5","53905","4060274"
"2021-10-07T22:30Z","53905","53941.5","53904.5","53941.5","2649888"
"2021-10-07T22:31Z","53941.5","53941.5","53882","53882","4583499"
"2021-10-07T22:32Z","53882","53902","53882","53902","2021993"
"2021-10-07T22:33Z","53902","53902","53862","53862","2614679"
"2021-10-07T22:34Z","53862","53867.5","53765","53828.5","8910819"
"2021-10-07T22:35Z","53828.5","53863","53821","53821","2147578"
"2021-10-07T22:36Z","53821","53821.5","53821","53821.5","681071"
"2021-10-07T22:37Z","53821.5","53840","53821","53840","1124891"
"2021-10-07T22:38Z","53840","53889.5","53839.5","53872","1319181"
"2021-10-07T22:39Z","53872","53892","53850","53892","992833"
"2021-10-07T22:40Z","53892","53902","53881","53881","1182795"
"2021-10-07T22:41Z","53881","53900","53860","53860","307180"
"2021-10-07T22:42Z","53860","53872.5","53835","53835","403676"
"2021-10-07T22:43Z","53835","53835.5","53798","53804.5","2760140"
"2021-10-07T22:44Z","53804.5","53836.5","53804","53836","1740006"
"2021-10-07T22:45Z","53836","53888.5","53836","53888.5","1614319"
"2021-10-07T22:46Z","53888.5","53899.5","53888","53899.5","953877"
"2021-10-07T22:47Z","53899.5","53909.5","53892","53899.5","413510"
"2021-10-07T22:48Z","53899.5","53925","53899.5","53924.5","1222859"
"2021-10-07T22:49Z","53924.5","53925","53919","53919","404291"
"2021-10-07T22:50Z","53919","53988.5","53919","53988.5","3546314"
"2021-10-07T22:51Z","53988.5","53989","53976.5","53976.5","2100675"
"2021-10-07T22:52Z","53976.5","53977","53950.5","53951","489246"
"2021-10-07T22:53Z","53951","53951","53939","53939","501089"
"2021-10-07T22:54Z","53939","53939.5","53916.5","53916.5","675230"
"2021-10-07T22:55Z","53916.5","53916.5","53906","53906","668965"
"2021-10-07T22:56Z","53906","53906.5","53905.5","53906","693435"
"2021-10-07T22:57Z","53906","53912","53861","53892","4685404"
"2021-10-07T22:58Z","53892","53939.5","53892","53939.5","2589487"
"2021-10-07T22:59Z","53939.5","53940","53939","53939.5","1091276"
"2021-10-07T23:00Z","53939.5","53940","53939.5","53939.5","452570"
"2021-10-07T23:01Z","53939.5","53940","53916","53916.5","660699"
"2021-10-07T23:02Z","53916.5","53916.5","53861.5","53867.5","3051829"
"2021-10-07T23:03Z","53867.5","53877.5","53853.5","53877.5","498625"
"2021-10-07T23:04Z","53877.5","53894.5","53877","53894","2292082"
"2021-10-07T23:05Z","53894","53910.5","53894","53910","367495"
"2021-10-07T23:06Z","53910","53911.5","53894","53894","656479"
"2021-10-07T23:07Z","53894","53894.5","53888.5","53889","1080746"
"2021-10-07T23:08Z","53889","53889","53888.5","53889","411624"
"2021-10-07T23:09Z","53889","53889","53888.5","53888.5","42981"
"2021-10-07T23:10Z","53888.5","53922.5","53888.5","53922.5","1170023"
"2021-10-07T23:11Z","53922.5","53922.5","53881","53881.5","2252150"
"2021-10-07T23:12Z","53881.5","53881.5","53870.5","53870.5","438359"
"2021-10-07T23:13Z","53870.5","53891.5","53870.5","53891.5","140109"
"2021-10-07T23:14Z","53891.5","53891.5","53866.5","53866.5","206799"
"2021-10-07T23:15Z","53866.5","53876.5","53783.5","53783.5","14486459"
"2021-10-07T23:16Z","53783.5","53812.5","53783.5","53806.5","6088129"
"2021-10-07T23:17Z","53806.5","53841","53806.5","53841","1035922"
"2021-10-07T23:18Z","53841","53895.5","53841","53895.5","677412"
"2021-10-07T23:19Z","53895.5","53895.5","53893","53893","197250"
"2021-10-07T23:20Z","53893","53893.5","53893","53893.5","28211"
"2021-10-07T23:21Z","53893.5","53893.5","53893","53893.5","222401"
"2021-10-07T23:22Z","53893.5","53893.5","53893","53893","481765"
"2021-10-07T23:23Z","53893","53967","53893","53965.5","1730435"
"2021-10-07T23:24Z","53965.5","53965.5","53965","53965.5","842188"
"2021-10-07T23:25Z","53965.5","53972","53964.5","53965","817724"
"2021-10-07T23:26Z","53965","53965","53920.5","53920.5","1217715"
"2021-10-07T23:27Z","53920.5","53920.5","53903","53903","404608"
"2021-10-07T23:28Z","53903","53903","53891","53891.5","432833"
"2021-10-07T23:29Z","53891.5","53891.5","53877.5","53877.5","176956"
"2021-10-07T23:30Z","53877.5","53878","53845.5","53845.5","522446"
"2021-10-07T23:31Z","53845.5","53845.5","53652.5","53678","15342446"
"2021-10-07T23:32Z","53678","53778.5","53659.5","53778.5","3914071"
"2021-10-07T23:33Z","53778.5","53783.5","53761","53783.5","592045"
"2021-10-07T23:34Z","53783.5","53830","53771.5","53825.5","716978"
"2021-10-07T23:35Z","53825.5","53912.5","53825","53886","1609157"
"2021-10-07T23:36Z","53886","53893","53865","53865","524728"
"2021-10-07T23:37Z","53865","53865","53825","53825","394295"
"2021-10-07T23:38Z","53825","53835","53803","53803","883581"
"2021-10-07T23:39Z","53803","53803.5","53777","53777","241504"
"2021-10-07T23:40Z","53777","53795.5","53777","53790.5","290534"
"2021-10-07T23:41Z","53790.5","53790.5","53717","53720.5","1442404"
"2021-10-07T23:42Z","53720.5","53733.5","53720","53733.5","314201"
"2021-10-07T23:43Z","53733.5","53780","53733","53780","663255"
"2021-10-07T23:44Z","53780","53780","53755.5","53756","581763"
"2021-10-07T23:45Z","53756","53756","53740","53740.5","238767"
"2021-10-07T23:46Z","53740.5","53769","53740.5","53769","474957"
"2021-10-07T23:47Z","53769","53769","53768.5","53768.5","144515"
"2021-10-07T23:48Z","53768.5","53769","53768.5","53768.5","39349"
"2021-10-07T23:49Z","53768.5","53800","53768.5","53799.5","1290204"
"2021-10-07T23:50Z","53799.5","53848","53799.5","53848","609808"
"2021-10-07T23:51Z","53848","53848","53820","53820","471270"
"2021-10-07T23:52Z","53820","53820.5","53810","53810.5","368839"
"2021-10-07T23:53Z","53810.5","53820.5","53810","53811.5","768182"
"2021-10-07T23:54Z","53811.5","53822.5","53811","53811.5","220405"
"2021-10-07T23:55Z","53811.5","53811.5","53802.5","53802.5","229245"
"2021-10-07T23:56Z","53802.5","53803","53780","53780.5","364165"
"2021-10-07T23:57Z","53780.5","53800.5","53780","53800","289703"
"2021-10-07T23:58Z","53800","53800.5","53800","53800.5","47603"
"2021-10-07T23:59Z","53800.5","53800.5","53800","53800.5","75648"
"2021-10-08T00:00Z","53800.5","53853.5","53800","53853.5","1399523"
"2021-10-08T00:01Z","53853.5","53876","53841","53875.5","1130730"
"2021-10-08T00:02Z","53875.5","53881.5","53799.5","53800","1937803"
"2021-10-08T00:03Z","53800","53800","53753.5","53754","636238"
"2021-10-08T00:04Z","53754","53857","53753.5","53856.5","955302"
"2021-10-08T00:05Z","53856.5","53930","53856.5","53929.5","1691510"
"2021-10-08T00:06Z","53929.5","53947","53906","53912.5","990215"
"2021-10-08T00:07Z","53912.5","53933","53912","53932.5","438491"
"2021-10-08T00:08Z","53932.5","53933","53856.5","53857","1314965"
"2021-10-08T00:09Z","53857","53877.5","53856.5","53877","410221"
"2021-10-08T00:10Z","53877","53923","53877","53923","527538"
"2021-10-08T00:11Z","53923","53923","53922.5","53923","130879"
"2021-10-08T00:12Z","53923","53950","53922.5","53950","451106"
"2021-10-08T00:13Z","53950","53975","53949.5","53975","1997269"
"2021-10-08T00:14Z","53975","53988.5","53974.5","53988","526784"
"2021-10-08T00:15Z","53988","53988.5","53988","53988.5","817229"
"2021-10-08T00:16Z","53988.5","53988.5","53960","53960","1100960"
"2021-10-08T00:17Z","53960","53971","53960","53971","535683"
"2021-10-08T00:18Z","53971","53971","53970.5","53971","260053"
"2021-10-08T00:19Z","53971","53971","53970.5","53970.5","115006"
"2021-10-08T00:20Z","53970.5","53988.5","53970.5","53988.5","772262"
"2021-10-08T00:21Z","53988.5","54031.5","53988.5","54031","2642634"
"2021-10-08T00:22Z","54031","54048","54031","54048","607976"
"2021-10-08T00:23Z","54048","54055.5","54047.5","54055.5","552943"
"2021-10-08T00:24Z","54055.5","54056.5","54055","54056.5","339631"
"2021-10-08T00:25Z","54056.5","54060","54056.5","54060","333015"
"2021-10-08T00:26Z","54060","54060","54059.5","54059.5","353387"
"2021-10-08T00:27Z","54059.5","54060","54059.5","54060","176991"
"2021-10-08T00:28Z","54060","54060","54059.5","54059.5","265496"
"2021-10-08T00:29Z","54059.5","54060","54059.5","54060","100469"
"2021-10-08T00:30Z","54060","54120","54059.5","54102.5","3007687"
"2021-10-08T00:31Z","54102.5","54102.5","54102","54102","819889"
"2021-10-08T00:32Z","54102","54102.5","54102","54102.5","769747"
"2021-10-08T00:33Z","54102.5","54130.5","54102","54130.5","1760627"
"2021-10-08T00:34Z","54130.5","54132","54130","54131.5","688016"
"2021-10-08T00:35Z","54131.5","54131.5","54100","54100","957060"
"2021-10-08T00:36Z","54100","54100.5","54076","54076","1024536"
"2021-10-08T00:37Z","54076","54076.5","54029","54030","2756586"
"2021-10-08T00:38Z","54030","54050","54029.5","54050","2090819"
"2021-10-08T00:39Z","54050","54050","54049.5","54049.5","126811"
"2021-10-08T00:40Z","54049.5","54050","54049.5","54050","524413"
"2021-10-08T00:41Z","54050","54074","54049.5","54074","866664"
"2021-10-08T00:42Z","54074","54082.5","54073.5","54082.5","1121446"
"2021-10-08T00:43Z","54082.5","54090.5","54082","54090.5","947802"
"2021-10-08T00:44Z","54090.5","54198","54090","54184","6016288"
"2021-10-08T00:45Z","54184","54186","54183.5","54185.5","362143"
"2021-10-08T00:46Z","54185.5","54186","54185.5","54186","159977"
"2021-10-08T00:47Z","54186","54186","54166.5","54166.5","1568850"
"2021-10-08T00:48Z","54166.5","54166.5","54161.5","54162","415105"
"2021-10-08T00:49Z","54162","54210","54161.5","54210","2015137"
"2021-10-08T00:50Z","54210","54229.5","54209.5","54229.5","1192382"
"2021-10-08T00:51Z","54229.5","54229.5","54229","54229.5","417390"
"2021-10-08T00:52Z","54229.5","54229.5","54188","54188","3536622"
"2021-10-08T00:53Z","54188","54188.5","54175","54175.5","566716"
"2021-10-08T00:54Z","54175.5","54175.5","54175","54175.5","277821"
"2021-10-08T00:55Z","54175.5","54175.5","54141.5","54141.5","1349212"
"2021-10-08T00:56Z","54141.5","54142","54141.5","54142","171924"
"2021-10-08T00:57Z","54142","54162","54141.5","54161.5","743722"
"2021-10-08T00:58Z","54161.5","54162","54161.5","54161.5","292927"
"2021-10-08T00:59Z","54161.5","54162","54161.5","54162","172396"
"2021-10-08T01:00Z","54162","54162","54161.5","54161.5","158015"
"2021-10-08T01:01Z","54161.5","54178","54161.5","54178","292805"
"2021-10-08T01:02Z","54178","54188.5","54178","54188.5","536784"
"2021-10-08T01:03Z","54188.5","54190","54188","54190","944302"
"2021-10-08T01:04Z","54190","54198","54190","54198","311436"
"2021-10-08T01:05Z","54198","54198","54197.5","54198","154262"
"2021-10-08T01:06Z","54198","54212.5","54197.5","54212.5","2495841"
"2021-10-08T01:07Z","54212.5","54229.5","54212","54229.5","1552825"
"2021-10-08T01:08Z","54229.5","54229.5","54229","54229","147895"
"2021-10-08T01:09Z","54229","54229.5","54229","54229.5","412458"
"2021-10-08T01:10Z","54229.5","54229.5","54196","54196","1054149"
"2021-10-08T01:11Z","54196","54196.5","54196","54196","444314"
"2021-10-08T01:12Z","54196","54196.5","54186.5","54187","720196"
"2021-10-08T01:13Z","54187","54187","54186.5","54187","239623"
"2021-10-08T01:14Z","54187","54197.5","54186.5","54197","154732"
"2021-10-08T01:15Z","54197","54204.5","54197","54204","192572"
"2021-10-08T01:16Z","54204","54204.5","54188","54188","233309"
"2021-10-08T01:17Z","54188","54188.5","54150","54150","789057"
"2021-10-08T01:18Z","54150","54150.5","54111","54111","1655009"
"2021-10-08T01:19Z","54111","54111.5","54099","54099","2088320"
"2021-10-08T01:20Z","54099","54099.5","54099","54099","750847"
"2021-10-08T01:21Z","54099","54099.5","54099","54099.5","182228"
"2021-10-08T01:22Z","54099.5","54104.5","54099","54104.5","1242137"
"2021-10-08T01:23Z","54104.5","54156.5","54104","54156.5","492145"
"2021-10-08T01:24Z","54156.5","54167.5","54156","54167","531601"
"2021-10-08T01:25Z","54167","54204.5","54167","54204.5","1199170"
"2021-10-08T01:26Z","54204.5","54235.5","54204.5","54235.5","2442724"
"2021-10-08T01:27Z","54235.5","54300","54235","54300","3040494"
"2021-10-08T01:28Z","54300","54300","54299.5","54300","2145100"
"2021-10-08T01:29Z","54300","54353","54299.5","54338","4115346"
"2021-10-08T01:30Z","54338","54338.5","54299.5","54299.5","3607314"
"2021-10-08T01:31Z","54299.5","54300","54280","54280","1183001"
"2021-10-08T01:32Z","54280","54280.5","54275.5","54275.5","920234"
"2021-10-08T01:33Z","54275.5","54295.5","54275.5","54295","1558741"
"2021-10-08T01:34Z","54295","54349","54295","54348.5","1972813"
"2021-10-08T01:35Z","54348.5","54348.5","54330.5","54330.5","1786629"
"2021-10-08T01:36Z","54330.5","54393.5","54330","54393","3137562"
"2021-10-08T01:37Z","54393","54428.5","54393","54428.5","2742259"
"2021-10-08T01:38Z","54428.5","54428.5","54416","54416","1275945"
"2021-10-08T01:39Z","54416","54428.5","54416","54428.5","526983"
"2021-10-08T01:40Z","54428.5","54428.5","54391.5","54391.5","2736166"
"2021-10-08T01:41Z","54391.5","54392","54366","54366","2287198"
"2021-10-08T01:42Z","54366","54380.5","54366","54380","293837"
"2021-10-08T01:43Z","54380","54380.5","54380","54380","366563"
"2021-10-08T01:44Z","54380","54380.5","54336","54336","1668845"
"2021-10-08T01:45Z","54336","54336.5","54333","54333","259301"
"2021-10-08T01:46Z","54333","54333.5","54286","54286","1607652"
"2021-10-08T01:47Z","54286","54286","54243","54247","2803658"
"2021-10-08T01:48Z","54247","54280.5","54246.5","54280.5","559167"
"2021-10-08T01:49Z","54280.5","54300","54280.5","54299.5","163401"
"2021-10-08T01:50Z","54299.5","54300","54279.5","54292","1463732"
"2021-10-08T01:51Z","54292","54310","54291.5","54310","430581"
"2021-10-08T01:52Z","54310","54330","54309.5","54330","477599"
"2021-10-08T01:53Z","54330","54330","54329.5","54329.5","48376"
"2021-10-08T01:54Z","54329.5","54330","54329.5","54329.5","104255"
"2021-10-08T01:55Z","54329.5","54330","54329.5","54330","119676"
"2021-10-08T01:56Z","54330","54330","54329.5","54329.5","151431"
"2021-10-08T01:57Z","54329.5","54349","54329.5","54344","586017"
"2021-10-08T01:58Z","54344","54344.5","54344","54344.5","144936"
"2021-10-08T01:59Z","54344.5","54354.5","54344.5","54354.5","347720"
"2021-10-08T02:00Z","54354.5","54356.5","54332","54332.5","662404"
"2021-10-08T02:01Z","54332.5","54355.5","54332","54355.5","1671069"
"2021-10-08T02:02Z","54355.5","54399","54355","54398.5","1372072"
"2021-10-08T02:03Z","54398.5","54457.5","54398.5","54455","2829655"
"2021-10-08T02:04Z","54455","54455","54427","54427","817606"
"2021-10-08T02:05Z","54427","54427.5","54377","54377","706527"
"2021-10-08T02:06Z","54377","54377.5","54362","54366.5","725431"
"2021-10-08T02:07Z","54366.5","54367","54346","54346","479124"
"2021-10-08T02:08Z","54346","54346","54316.5","54321","664690"
"2021-10-08T02:09Z","54321","54321","54232.5","54233","1514801"
"2021-10-08T02:10Z","54233","54251.5","54212.5","54212.5","917607"
"2021-10-08T02:11Z","54212.5","54231.5","54209.5","54210","1159737"
"2021-10-08T02:12Z","54210","54210","54200","54200.5","903691"
"2021-10-08T02:13Z","54200.5","54200.5","54183.5","54200.5","645600"
"2021-10-08T02:14Z","54200.5","54207.5","54200.5","54207","218284"
"2021-10-08T02:15Z","54207","54230","54207","54229.5","521491"
"2021-10-08T02:16Z","54229.5","54256.5","54229.5","54256.5","1266693"
"2021-10-08T02:17Z","54256.5","54256.5","54254.5","54254.5","248423"
"2021-10-08T02:18Z","54254.5","54255","54188","54188","1575762"
"2021-10-08T02:19Z","54188","54188.5","54180","54180","1405357"
"2021-10-08T02:20Z","54180","54180","54126","54142.5","1617417"
"2021-10-08T02:21Z","54142.5","54142.5","54142","54142","277340"
"2021-10-08T02:22Z","54142","54142.5","54142","54142","597295"
"2021-10-08T02:23Z","54142","54142.5","54108","54108","843736"
"2021-10-08T02:24Z","54108","54124.5","54108","54124","1098777"
"2021-10-08T02:25Z","54124","54124.5","54124","54124.5","166797"
"2021-10-08T02:26Z","54124.5","54124.5","54108","54122.5","799345"
"2021-10-08T02:27Z","54122.5","54183.5","54074","54074","3984433"
"2021-10-08T02:28Z","54074","54074","53941.5","53980","5280091"
"2021-10-08T02:29Z","53980","53980.5","53865.5","53909","3398745"
"2021-10-08T02:30Z","53909","53983","53879","53983","3841284"
"2021-10-08T02:31Z","53983","53999.5","53968.5","53986.5","3018835"
"2021-10-08T02:32Z","53986.5","53986.5","53910","53927","1962686"
"2021-10-08T02:33Z","53927","53927.5","53927","53927","800945"
"2021-10-08T02:34Z","53927","53927.5","53839","53865","3799661"
"2021-10-08T02:35Z","53865","53900","53856","53900","1736047"
"2021-10-08T02:36Z","53900","53900","53899.5","53900","235471"
"2021-10-08T02:37Z","53900","53929.5","53900","53929","2884800"
"2021-10-08T02:38Z","53929","53929.5","53905","53905","785209"
"2021-10-08T02:39Z","53905","53905.5","53871.5","53879.5","2277337"
"2021-10-08T02:40Z","53879.5","53901","53879","53901","645070"
"2021-10-08T02:41Z","53901","53929","53901","53929","2175644"
"2021-10-08T02:42Z","53929","53930.5","53928.5","53930.5","475457"
"2021-10-08T02:43Z","53930.5","53966","53930.5","53953","2669416"
"2021-10-08T02:44Z","53953","53953.5","53953","53953.5","203951"
"2021-10-08T02:45Z","53953.5","53973","53953","53973","1002685"
"2021-10-08T02:46Z","53973","54003","53972.5","54003","1566008"
"2021-10-08T02:47Z","54003","54021","54003","54020.5","1198522"
"2021-10-08T02:48Z","54020.5","54046.5","54012.5","54046.5","2102348"
"2021-10-08T02:49Z","54046.5","54046.5","54034","54034.5","1218407"
"2021-10-08T02:50Z","54034.5","54034.5","54025","54025","333422"
"2021-10-08T02:51Z","54025","54025","53980.5","53981","412910"
"2021-10-08T02:52Z","53981","53981","53980.5","53981","202270"
"2021-10-08T02:53Z","53981","53981","53944.5","53944.5","993749"
"2021-10-08T02:54Z","53944.5","53945","53900","53900","2341727"
"2021-10-08T02:55Z","53900","53900.5","53868","53868","1287936"
"2021-10-08T02:56Z","53868","53868.5","53868","53868","271079"
"2021-10-08T02:57Z","53868","53868.5","53845","53862.5","1644144"
"2021-10-08T02:58Z","53862.5","53898.5","53862.5","53880.5","7297586"
"2021-10-08T02:59Z","53880.5","53880.5","53870.5","53870.5","261045"
"2021-10-08T03:00Z","53870.5","53899.5","53870.5","53899.5","1913517"
"2021-10-08T03:01Z","53899.5","53905","53899.5","53904.5","823104"
"2021-10-08T03:02Z","53904.5","53904.5","53865.5","53865.5","923097"
"2021-10-08T03:03Z","53865.5","53866","53861.5","53861.5","591944"
"2021-10-08T03:04Z","53861.5","53881","53861.5","53881","641690"
"2021-10-08T03:05Z","53881","53900","53880.5","53882.5","472245"
"2021-10-08T03:06Z","53882.5","53883","53882.5","53883","235616"
"2021-10-08T03:07Z","53883","53883","53863","53863","483708"
"2021-10-08T03:08Z","53863","53863.5","53863","53863","543364"
"2021-10-08T03:09Z","53863","53863.5","53842","53847.5","1319782"
"2021-10-08T03:10Z","53847.5","53848","53809.5","53828","5422729"
"2021-10-08T03:11Z","53828","53828","53790","53790.5","7691896"
"2021-10-08T03:12Z","53790.5","53790.5","53775","53790","3544507"
"2021-10-08T03:13Z","53790","53842","53790","53842","1630891"
"2021-10-08T03:14Z","53842","53853","53835","53835","1156295"
"2021-10-08T03:15Z","53835","53837","53800","53800.5","607413"
"2021-10-08T03:16Z","53800.5","53800.5","53772.5","53772.5","1578213"
"2021-10-08T03:17Z","53772.5","53781","53772.5","53781","933229"
"2021-10-08T03:18Z","53781","53849.5","53780.5","53849.5","2568217"
"2021-10-08T03:19Z","53849.5","53877","53849.5","53877","1270829"
"2021-10-08T03:20Z","53877","53877","53876.5","53877","115891"
"2021-10-08T03:21Z","53877","53910","53877","53884","3237208"
"2021-10-08T03:22Z","53884","53884","53876.5","53877","123636"
"2021-10-08T03:23Z","53877","53877","53848.5","53848.5","654380"
"2021-10-08T03:24Z","53848.5","53849","53826","53836","602171"
"2021-10-08T03:25Z","53836","53836","53835.5","53836","185690"
"2021-10-08T03:26Z","53836","53836","53835.5","53835.5","577686"
"2021-10-08T03:27Z","53835.5","53845.5","53822","53822","749001"
"2021-10-08T03:28Z","53822","53822.5","53768","53768","2364410"
"2021-10-08T03:29Z","53768","53768.5","53761","53761.5","1612132"
"2021-10-08T03:30Z","53761.5","53816.5","53761","53816.5","1996915"
"2021-10-08T03:31Z","53816.5","53837.5","53816.5","53837.5","1103191"
"2021-10-08T03:32Z","53837.5","53846.5","53837","53846","531778"
"2021-10-08T03:33Z","53846","53846.5","53840","53840.5","344930"
"2021-10-08T03:34Z","53840.5","53860","53840","53860","578583"
"2021-10-08T03:35Z","53860","53944.5","53859.5","53928","2086237"
"2021-10-08T03:36Z","53928","53936","53896.5","53897","1188104"
"2021-10-08T03:37Z","53897","53897","53878.5","53878.5","479581"
"2021-10-08T03:38Z","53878.5","53879","53861","53861","516092"
"2021-10-08T03:39Z","53861","53861","53855","53855.5","158619"
"2021-10-08T03:40Z","53855.5","53855.5","53822","53822","377892"
"2021-10-08T03:41Z","53822","53822","53775","53775","620547"
"2021-10-08T03:42Z","53775","53775.5","53775","53775","354087"
"2021-10-08T03:43Z","53775","53800","53775","53788.5","442308"
"2021-10-08T03:44Z","53788.5","53788.5","53775","53775","479059"
"2021-10-08T03:45Z","53775","53775.5","53775","53775.5","475416"
"2021-10-08T03:46Z","53775.5","53800","53775.5","53800","340313"
"2021-10-08T03:47Z","53800","53800.5","53799.5","53800.5","268489"
"2021-10-08T03:48Z","53800.5","53827.5","53800","53827.5","444119"
"2021-10-08T03:49Z","53827.5","53843","53827","53843","313040"
"2021-10-08T03:50Z","53843","53860","53842.5","53845.5","975537"
"2021-10-08T03:51Z","53845.5","53885.5","53845","53885.5","1817707"
"2021-10-08T03:52Z","53885.5","53885.5","53879","53879.5","124424"
"2021-10-08T03:53Z","53879.5","53879.5","53855.5","53855.5","390274"
"2021-10-08T03:54Z","53855.5","53856","53842.5","53843","347180"
"2021-10-08T03:55Z","53843","53843","53834.5","53835","174925"
"2021-10-08T03:56Z","53835","53848.5","53834.5","53848.5","832686"
"2021-10-08T03:57Z","53848.5","53858.5","53834","53834.5","2364542"
"2021-10-08T03:58Z","53834.5","53845","53834","53845","1406217"
"2021-10-08T03:59Z","53845","53845","53844.5","53845","60886"
"2021-10-08T04:00Z","53845","53862","53844.5","53862","2050500"
"2021-10-08T04:01Z","53862","53862","53819.5","53838","1680774"
"2021-10-08T04:02Z","53838","53840","53838","53840","91222"
"2021-10-08T04:03Z","53840","53840","53827","53838.5","281390"
"2021-10-08T04:04Z","53838.5","53840","53838","53839.5","209241"
"2021-10-08T04:05Z","53839.5","53840","53825.5","53825.5","429168"
"2021-10-08T04:06Z","53825.5","53826.5","53825.5","53826","87942"
"2021-10-08T04:07Z","53826","53840","53826","53840","359701"
"2021-10-08T04:08Z","53840","53867","53839.5","53866.5","1336653"
"2021-10-08T04:09Z","53866.5","53912","53866.5","53911.5","3549524"
"2021-10-08T04:10Z","53911.5","53919.5","53850","53850","2790885"
"2021-10-08T04:11Z","53850","53850.5","53850","53850.5","383539"
"2021-10-08T04:12Z","53850.5","53850.5","53838.5","53839","722643"
"2021-10-08T04:13Z","53839","53839.5","53838.5","53839.5","55898"
"2021-10-08T04:14Z","53839.5","53861","53839.5","53860.5","284962"
"2021-10-08T04:15Z","53860.5","53861","53823.5","53829","622704"
"2021-10-08T04:16Z","53829","53829.5","53829","53829.5","420043"
"2021-10-08T04:17Z","53829.5","53829.5","53819.5","53819.5","188865"
"2021-10-08T04:18Z","53819.5","53830.5","53819.5","53830","197459"
"2021-10-08T04:19Z","53830","53847","53830","53846.5","321773"
"2021-10-08T04:20Z","53846.5","53847","53832.5","53833","383991"
"2021-10-08T04:21Z","53833","53851.5","53832.5","53851.5","372111"
"2021-10-08T04:22Z","53851.5","53883.5","53851","53883","494975"
"2021-10-08T04:23Z","53883","53932.5","53883","53932.5","1657129"
"2021-10-08T04:24Z","53932.5","53960","53932","53960","1360925"
"2021-10-08T04:25Z","53960","53960","53904","53904.5","1484699"
"2021-10-08T04:26Z","53904.5","53931","53904","53930.5","195847"
"2021-10-08T04:27Z","53930.5","53931","53930.5","53931","62918"
"2021-10-08T04:28Z","53931","53931","53930.5","53931","104728"
"2021-10-08T04:29Z","53931","53931","53930.5","53931","60488"
"2021-10-08T04:30Z","53931","53931","53930.5","53931","365965"
"2021-10-08T04:31Z","53931","53931","53919","53919.5","758729"
"2021-10-08T04:32Z","53919.5","53919.5","53919","53919.5","88318"
"2021-10-08T04:33Z","53919.5","53919.5","53919","53919.5","51907"
"2021-10-08T04:34Z","53919.5","53919.5","53919","53919.5","164519"
"2021-10-08T04:35Z","53919.5","53941","53919","53934.5","739629"
"2021-10-08T04:36Z","53934.5","53935","53934.5","53934.5","243682"
"2021-10-08T04:37Z","53934.5","53935","53919","53919.5","484195"
"2021-10-08T04:38Z","53919.5","53919.5","53894","53894.5","1277261"
"2021-10-08T04:39Z","53894.5","53932.5","53894","53932.5","1094231"
"2021-10-08T04:40Z","53932.5","53963","53932.5","53938.5","1084075"
"2021-10-08T04:41Z","53938.5","53938.5","53918.5","53918.5","173571"
"2021-10-08T04:42Z","53918.5","53919","53918.5","53919","117222"
"2021-10-08T04:43Z","53919","53965.5","53918.5","53965.5","724282"
"2021-10-08T04:44Z","53965.5","53966","53965.5","53966","384792"
"2021-10-08T04:45Z","53966","53987.5","53966","53987.5","2243068"
"2021-10-08T04:46Z","53987.5","53987.5","53954","53954.5","2651677"
"2021-10-08T04:47Z","53954.5","53954.5","53954","53954.5","214885"
"2021-10-08T04:48Z","53954.5","53955.5","53954","53955.5","631899"
"2021-10-08T04:49Z","53955.5","53987","53955.5","53987","800266"
"2021-10-08T04:50Z","53987","53987","53980.5","53981","342665"
"2021-10-08T04:51Z","53981","53981","53959.5","53959.5","1361751"
"2021-10-08T04:52Z","53959.5","53960","53950","53950.5","172412"
"2021-10-08T04:53Z","53950.5","53950.5","53950","53950","44070"
"2021-10-08T04:54Z","53950","53972","53950","53971.5","204222"
"2021-10-08T04:55Z","53971.5","53986","53971.5","53986","892364"
"2021-10-08T04:56Z","53986","53986","53963.5","53964","120658"
"2021-10-08T04:57Z","53964","53964","53961","53961.5","535887"
"2021-10-08T04:58Z","53961.5","53961.5","53910","53910","1540774"
"2021-10-08T04:59Z","53910","53910.5","53910","53910.5","457053"
"2021-10-08T05:00Z","53910.5","53910.5","53885","53885.5","766509"
"2021-10-08T05:01Z","53885.5","53885.5","53885","53885.5","329816"
"2021-10-08T05:02Z","53885.5","53885.5","53885","53885","102109"
"2021-10-08T05:03Z","53885","53885","53861.5","53861.5","1156922"
"2021-10-08T05:04Z","53861.5","53862","53839.5","53840","666464"
"2021-10-08T05:05Z","53840","53840","53835","53835.5","521986"
"2021-10-08T05:06Z","53835.5","53835.5","53785","53790.5","1940304"
"2021-10-08T05:07Z","53790.5","53790.5","53640","53665.5","13389006"
"2021-10-08T05:08Z","53665.5","53754","53665","53728","1556915"
"2021-10-08T05:09Z","53728","53756","53726.5","53756","1564120"
"2021-10-08T05:10Z","53756","53765","53739","53739","1252576"
"2021-10-08T05:11Z","53739","53739.5","53739","53739.5","124851"
"2021-10-08T05:12Z","53739.5","53749.5","53739","53749","414806"
"2021-10-08T05:13Z","53749","53756.5","53749","53756.5","553492"
"2021-10-08T05:14Z","53756.5","53756.5","53756","53756.5","224280"
"2021-10-08T05:15Z","53756.5","53756.5","53740","53740","1116657"
"2021-10-08T05:16Z","53740","53786","53689","53786","2284790"
"2021-10-08T05:17Z","53786","53811","53785.5","53811","1243968"
"2021-10-08T05:18Z","53811","53827.5","53810.5","53827.5","480206"
"2021-10-08T05:19Z","53827.5","53833","53827","53828","697336"
"2021-10-08T05:20Z","53828","53848","53827.5","53848","306025"
"2021-10-08T05:21Z","53848","53850","53847.5","53850","439623"
"2021-10-08T05:22Z","53850","53870","53849.5","53869.5","965646"
"2021-10-08T05:23Z","53869.5","53870","53836","53836.5","495686"
"2021-10-08T05:24Z","53836.5","53836.5","53800","53816.5","689297"
"2021-10-08T05:25Z","53816.5","53824","53816.5","53823.5","448784"
"2021-10-08T05:26Z","53823.5","53845.5","53823.5","53832","262728"
"2021-10-08T05:27Z","53832","53832.5","53806.5","53806.5","446769"
"2021-10-08T05:28Z","53806.5","53807","53806.5","53806.5","105568"
"2021-10-08T05:29Z","53806.5","53807","53800","53800","315012"
"2021-10-08T05:30Z","53800","53800.5","53800","53800","169379"
"2021-10-08T05:31Z","53800","53805.5","53800","53805.5","414984"
"2021-10-08T05:32Z","53805.5","53805.5","53805","53805.5","140508"
"2021-10-08T05:33Z","53805.5","53815","53805","53815","553334"
"2021-10-08T05:34Z","53815","53815","53814.5","53814.5","1440459"
